fc_id,em_id,score,label,dataset,orient_type,orient_angle_deg
Cha-F-000009,1078693835,0,1.0,D1,1,6.3557000160217285
Cha-F-800086,5812981264,0,1.0,D1,1,32.69599914550781
E0585-F-200015,457175171,0,0.8,D1,1,34.06133270263672
G0239-F-000001,300972942,0,1.0,D1,1,21.68124008178711
G0239-F-000001,5813068729,0,1.0,D1,1,19.0318546295166
G0239-F-000003,300972942,0,1.0,D1,1,21.46453857421875
G0239-F-000003,5813068729,0,1.0,D1,1,18.812904357910156
G0239-F-000005,300972942,0,1.0,D1,1,21.07379150390625
G0239-F-000005,5813068729,0,1.0,D1,1,18.46816635131836
G0239-F-000007,300972942,0,1.0,D1,1,22.14495277404785
G0239-F-000007,5813068729,0,1.0,D1,1,19.54913902282715
G0239-F-000008,300972942,0,1.0,D1,1,9.96833324432373
G0239-F-000008,5813068729,0,1.0,D1,1,7.302694320678711
G0239-F-000009,5813068729,0,1.0,D1,1,16.574743270874023
G0239-F-000009,300972942,0,1.0,D1,1,19.242794036865234
G0239-F-000012,300972942,0,1.0,D1,1,18.39908790588379
G0239-F-000012,5813068729,0,1.0,D1,1,15.795796394348145
G0239-F-000013,300972942,0,1.0,D1,1,26.92061424255371
G0239-F-000013,5813068729,0,1.0,D1,1,24.315269470214844
Gad1-F-300154,517854468,0,0.8,D1,0,7.3738694190979
Gad1-F-300154,423774471,0,0.8,D1,0,29.501543045043945
Gad1-F-400259,457175171,0,1.0,D1,1,34.02553939819336
Gad1-F-500365,768555687,0,0.8,D1,1,12.482457160949707
Gad1-F-500365,5812982924,0,1.0,D1,1,6.022392272949219
Gad1-F-500365,672352543,0,1.0,D1,1,13.405495643615723
Gad1-F-500365,673085197,0,1.0,D1,1,8.055397033691406
Gad1-F-500365,706840303,0,1.0,D1,1,14.048097610473633
Gad1-F-700131,673085197,0,0.8,D1,1,8.675342559814453
Gad1-F-700131,706840303,0,1.0,D1,1,7.098293304443359
Gad1-F-700131,5812982924,0,1.0,D1,1,8.644179344177246
Gad1-F-700131,768555687,0,1.0,D1,1,22.42310333251953
Gad1-F-700131,672352543,0,1.0,D1,1,24.34482192993164
TH-F-000101,331662710,0,1.0,D1,1,6.713027477264404
TH-F-100083,331662710,0,1.0,D1,1,9.21750545501709
TH-F-100099,331662710,0,1.0,D1,1,10.734856605529785
TH-F-200033,517514142,0,0.9,D1,1,11.656632423400879
TH-F-200081,331662710,0,1.0,D1,1,7.6938090324401855
TH-M-300021,517514142,0,0.8,D1,1,9.905141830444336
5HT1A-F-200016,1191315642,0,0.8,D2,1,4.452366352081299
Cha-F-400298,1167304403,0,0.7,D2,1,2.5632293224334717
Cha-F-400298,1261000309,0,0.7,D2,1,3.795707941055298
Gad1-F-700172,5813039309,0,0.0,D2,0,35.987525939941406
TH-F-200037,331662710,0,1.0,D2,1,7.0614142417907715
TH-F-200096,331662710,0,1.0,D2,1,8.363983154296875
TH-F-200106,5813041180,0,0.8,D2,0,2.1816673278808594
TH-M-000008,1131827390,0,0.3,D2,0,3.6541988849639893
TH-M-000021,604289581,0,0.3,D2,0,32.44193649291992
TH-M-000021,550404663,0,0.2,D2,0,44.9119987487793
TH-M-000032,859265651,0,0.8,D2,0,12.83602523803711
TH-M-000032,5813027592,0,0.7,D2,0,23.80626106262207
TH-M-200035,294436967,0,0.8,D2,0,16.673105239868164
TH-M-200035,452971138,0,0.6,D2,0,49.263240814208984
TH-M-300017,5813054384,0,0.8,D2,1,7.961535930633545
TH-M-300017,947573616,0,0.2,D2,0,3.5503268241882324
Trh-F-000008,1671638278,0,0.9,D2,0,5.5345258712768555
Trh-F-100052,361312808,0,0.5,D2,1,12.927231788635254
Trh-M-100024,329289084,0,0.8,D2,1,9.250556945800781
Trh-M-700039,5813021583,0,0.4,D2,0,32.31254577636719
Trh-M-700039,981000564,0,0.3,D2,0,44.18280029296875
VGlut-F-200143,328870472,0,0.8,D2,1,6.962268829345703
VGlut-F-200143,298612190,0,0.4,D2,1,11.110566139221191
VGlut-F-200251,548712377,0,0.8,D2,1,2.737452745437622
VGlut-F-200251,5813020996,0,0.8,D2,1,8.754656791687012
VGlut-F-200319,424716408,0,0.5,D2,1,11.523347854614258
VGlut-F-200392,857793013,0,0.3,D2,1,12.430636405944824
VGlut-F-400186,1762359683,0,0.0,D2,0,26.21922492980957
VGlut-F-400186,1916800213,0,0.0,D2,0,35.55219268798828
VGlut-F-700541,1762359683,0,0.0,D2,0,36.328468322753906
VGlut-F-700541,1888199872,0,0.7,D2,0,39.897193908691406
Cha-F-000088,1640887603,0,0.7,D2,0,34.70146560668945
Cha-F-000088,5813047691,0,0.7,D2,0,37.141456604003906
Cha-F-000239,1640572741,0,0.0,D2,0,38.72459030151367
Cha-F-000239,5813054726,0,0.0,D2,0,41.54762268066406
Cha-F-000329,640539567,0,0.7,D2,0,44.85637664794922
Cha-F-000329,1043705078,0,0.7,D2,0,18.133392333984375
Cha-F-000427,573670049,0,0.7,D2,1,6.628564834594727
Cha-F-000427,573333284,0,0.7,D2,1,7.305219650268555
Cha-F-000461,487144598,0,0.3,D2,0,15.499656677246094
Cha-F-100135,393063351,0,0.7,D2,0,3.148524045944214
Cha-F-200299,5813027276,0,0.6,D2,0,34.82950210571289
Cha-F-200299,1321564092,0,0.5,D2,0,33.98694610595703
Cha-F-300267,328611004,0,0.7,D2,1,10.727648735046387
Cha-F-300344,5812978978,0,0.7,D2,1,11.339424133300781
Cha-F-300344,5813053836,0,0.7,D2,1,6.519808769226074
Cha-F-300344,859507274,0,0.7,D2,1,6.799417495727539
Cha-F-400237,5813098368,0,0.3,D2,0,20.094404220581055
Cha-F-400237,5813027276,0,0.4,D2,0,14.114714622497559
Cha-F-500071,1105169664,0,0.8,D2,1,8.995863914489746
Cha-F-500071,1012954687,0,0.5,D2,1,44.05482864379883
Cha-F-500310,5813009312,0,0.1,D2,0,11.792893409729004
Cha-F-700236,360259229,0,0.0,D2,0,21.23418617248535
Cha-F-800090,296139882,0,0.6,D2,0,2.0767881870269775
Cha-F-800090,297251714,0,0.6,D2,0,10.08227252960205
E0585-F-600004,5813010510,0,0.5,D2,0,30.18931770324707
GH146-M-000001,610274029,0,0.8,D2,0,10.563096046447754
Gad1-F-000245,953414780,0,0.0,D2,0,50.72734069824219
Gad1-F-000694,5813033371,0,0.3,D2,0,23.022274017333984
Gad1-F-000694,1480525278,0,0.0,D2,0,40.53330612182617
Gad1-F-000703,424716408,0,0.1,D2,1,7.8893632888793945
Gad1-F-000703,5813068669,0,0.2,D2,1,18.846275329589844
Gad1-F-100171,1224595608,0,0.7,D2,1,3.3798556327819824
Gad1-F-100784,832016427,0,0.7,D2,0,4.701362609863281
Gad1-F-200186,1916800213,0,0.2,D2,0,42.486663818359375
Gad1-F-200186,1762359683,0,0.0,D2,0,33.163089752197266
Gad1-F-200219,5901197108,0,0.7,D2,0,36.931461334228516
Gad1-F-200247,543692985,0,0.6,D2,0,13.66724967956543
Gad1-F-200719,5813039309,0,0.0,D2,0,44.672672271728516
Gad1-F-200719,1640555311,0,0.0,D2,0,8.264720916748047
Gad1-F-400220,550638250,0,0.7,D2,1,3.3176498413085938
Gad1-F-500004,294436967,0,0.7,D2,0,2.7455923557281494
Gad1-F-500321,574377562,0,0.7,D2,0,16.78877067565918
Gad1-F-500457,1261423370,0,0.7,D2,1,8.878098487854004
Gad1-F-600059,328546871,0,1.0,D2,1,1.6960442066192627
Gad1-F-600604,1793403571,0,0.8,D2,1,14.631746292114258
Gad1-F-700193,634379734,0,0.8,D2,1,5.113968372344971
Gad1-F-700607,977338882,0,0.7,D2,1,6.021219730377197
Gad1-F-700607,915610561,0,0.7,D2,1,7.254904270172119
Gad1-F-700607,1008378609,0,0.7,D2,1,9.104483604431152
Gad1-F-800371,5813082723,0,0.6,D2,0,10.217039108276367
Gad1-F-900395,5813049380,0,0.8,D2,1,5.053808689117432
TH-F-000009,5813054384,0,0.9,D2,1,8.071074485778809
TH-F-000009,1378251040,0,0.6,D2,1,13.046177864074707
TH-F-000010,5812980529,0,0.7,D2,1,3.9322848320007324
TH-F-000010,360591860,0,0.6,D2,1,7.660088539123535
TH-F-000010,5901203505,0,0.7,D2,1,3.418102979660034
TH-F-000012,487144598,0,0.0,D2,0,17.654577255249023
TH-F-000019,859265651,0,0.7,D2,0,21.32145118713379
TH-F-000019,5813027592,0,0.5,D2,0,28.323774337768555
TH-F-000036,859265651,0,0.0,D2,0,35.43521499633789
TH-F-000046,604289581,0,0.0,D2,0,30.294240951538086
TH-F-000046,550404663,0,0.1,D2,0,42.92503356933594
TH-F-000079,1378251040,0,0.1,D2,0,11.359207153320312
TH-F-000091,331662710,0,1.0,D2,1,3.628657817840576
TH-F-100005,1378251040,0,0.0,D2,1,10.351248741149902
TH-F-100005,5813054384,0,0.8,D2,1,2.6655023097991943
TH-F-100036,360591860,0,0.7,D2,1,5.446976661682129
TH-F-100036,5901203505,0,0.6,D2,1,2.5874745845794678
TH-F-100050,1131827390,0,0.8,D2,0,15.147723197937012
TH-F-100075,859265651,0,0.0,D2,0,30.51134490966797
TH-F-100095,331662710,0,1.0,D2,1,13.726410865783691
TH-F-200004,859265651,0,0.0,D2,0,36.23204803466797
TH-F-200004,5813011298,0,0.6,D2,1,10.237658500671387
TH-F-200010,331662710,0,1.0,D2,1,7.238578796386719
TH-F-200026,5813009595,0,0.9,D2,1,5.6414947509765625
TH-F-200034,331662710,0,1.0,D2,1,7.695006847381592
TH-F-200064,331662710,0,1.0,D2,1,6.622556686401367
TH-F-200085,1131827390,0,0.8,D2,0,10.129916191101074
TH-F-300037,331662710,0,1.0,D2,1,7.42219352722168
TH-F-300046,1131827390,0,0.8,D2,0,6.761380195617676
TH-F-300062,5813060068,0,0.8,D2,0,3.1626689434051514
TH-F-300078,5813071348,0,0.9,D2,1,4.608489513397217
TH-F-700015,1224941044,0,0.9,D2,0,32.726444244384766
TH-M-000029,859265651,0,0.8,D2,0,13.354669570922852
TH-M-000029,510049477,0,0.6,D2,0,29.053409576416016
TH-M-000030,792692885,0,0.1,D2,0,41.66402053833008
TH-M-000045,331662710,0,1.0,D2,1,8.951924324035645
TH-M-100016,331662710,0,1.0,D2,1,8.986905097961426
TH-M-100027,947573616,0,0.2,D2,0,5.657002925872803
TH-M-100027,5813054384,0,0.7,D2,1,1.8676024675369263
TH-M-100057,1198330286,0,0.8,D2,1,6.849310398101807
TH-M-100063,1198330286,0,0.8,D2,1,8.197739601135254
TH-M-200010,422738252,0,0.9,D2,1,4.087392330169678
TH-M-200013,5813062871,0,0.9,D2,0,24.259647369384766
TH-M-200034,5813054384,0,0.8,D2,1,9.364202499389648
TH-M-200034,947573616,0,0.2,D2,0,2.782207727432251
TH-M-200049,331662710,0,1.0,D2,1,6.513640403747559
TH-M-200064,331662710,0,1.0,D2,1,10.668374061584473
TH-M-200095,422738252,0,0.9,D2,1,6.889569282531738
TH-M-300005,1131827390,0,0.9,D2,0,6.049252033233643
TH-M-300063,5813009595,0,0.8,D2,1,4.536865711212158
Trh-F-100001,1225290633,0,0.6,D2,0,10.823092460632324
Trh-F-100038,1671638278,0,0.9,D2,0,11.963422775268555
Trh-F-100066,5813062858,0,0.9,D2,1,3.354621648788452
Trh-F-300112,957506896,0,0.9,D2,0,10.8171968460083
Trh-F-400055,957506896,0,0.9,D2,0,19.628376007080078
Trh-M-000172,1671638278,0,0.9,D2,0,16.65813636779785
Trh-M-100020,361312808,0,0.8,D2,1,13.636458396911621
Trh-M-100025,1225290633,0,0.6,D2,0,4.079719543457031
Trh-M-100025,5813062858,0,0.8,D2,0,5.172823905944824
Trh-M-100037,1671638278,0,0.9,D2,0,8.070880889892578
Trh-M-100060,297230760,0,0.8,D2,1,5.106184959411621
Trh-M-100060,361312808,0,0.9,D2,1,7.897768497467041
Trh-M-100071,673746277,0,0.2,D2,0,19.16657829284668
Trh-M-100071,1225290633,0,0.6,D2,0,8.289581298828125
Trh-M-200043,5813054716,0,0.4,D2,0,27.618450164794922
Trh-M-300071,977339122,0,0.7,D2,0,27.85382843017578
Trh-M-300138,922069357,0,0.9,D2,0,16.081520080566406
Trh-M-300138,832016427,0,0.9,D2,0,19.516450881958008
Trh-M-300138,957506896,0,0.9,D2,0,8.555727005004883
Trh-M-300140,5813053851,0,0.9,D2,0,21.835405349731445
Trh-M-300140,957506896,0,0.9,D2,0,20.979963302612305
Trh-M-400023,5813053851,0,0.9,D2,0,22.597742080688477
Trh-M-400052,957506896,0,0.9,D2,0,15.320514678955078
Trh-M-400052,5813053851,0,0.9,D2,0,28.70427131652832
Trh-M-400110,5813053851,0,0.9,D2,0,11.592823028564453
Trh-M-400110,5813065004,0,0.7,D2,0,36.47380065917969
Trh-M-400131,832016427,0,0.9,D2,0,29.855609893798828
Trh-M-500163,922354084,0,0.9,D2,1,4.151523590087891
Trh-M-500163,829598814,0,0.9,D2,1,6.335739612579346
VGlut-F-000016,5813027276,0,0.8,D2,0,18.89344596862793
VGlut-F-000016,950880008,0,0.8,D2,0,0.8151736855506897
VGlut-F-000111,5812987694,0,0.4,D2,0,8.82861614227295
VGlut-F-000111,5813021583,0,0.5,D2,0,10.742170333862305
VGlut-F-000158,298254384,0,0.7,D2,0,13.111644744873047
VGlut-F-000158,5813020785,0,0.6,D2,0,19.12942886352539
VGlut-F-000177,5813056321,0,0.8,D2,1,6.671267509460449
VGlut-F-000303,5813011119,0,0.8,D2,1,6.272542476654053
VGlut-F-000463,1733677514,0,0.9,D2,1,1.948629379272461
VGlut-F-000556,885168486,0,0.8,D2,1,6.694362640380859
VGlut-F-100002,914778159,0,0.7,D2,1,20.125802993774414
VGlut-F-100003,1671638278,0,0.9,D2,0,14.710736274719238
VGlut-F-100035,575768294,0,0.8,D2,1,1.6481760740280151
VGlut-F-100125,1107081827,0,0.8,D2,0,31.988550186157227
VGlut-F-200036,797442049,0,0.7,D2,0,6.0898823738098145
VGlut-F-200036,5813059915,0,0.3,D2,0,15.238014221191406
VGlut-F-200062,297251714,0,0.6,D2,1,3.8616840839385986
VGlut-F-200062,296139882,0,0.6,D2,1,8.77820873260498
VGlut-F-200459,5813011119,0,0.8,D2,1,1.0362763404846191
VGlut-F-300438,329566197,0,0.9,D2,1,7.261770725250244
VGlut-F-400049,297917475,0,0.8,D2,1,8.447943687438965
VGlut-F-400184,1762359683,0,0.0,D2,0,40.448936462402344
VGlut-F-400184,1667251683,0,0.5,D2,0,8.335102081298828
VGlut-F-400334,447599745,0,0.8,D2,0,22.813234329223633
VGlut-F-400757,5813039309,0,0.0,D2,0,12.371862411499023
VGlut-F-400757,1670597533,0,0.0,D2,0,35.453636169433594
VGlut-F-400898,1762359683,0,0.0,D2,0,24.780237197875977
VGlut-F-400898,1916800213,0,0.0,D2,0,34.07133483886719
VGlut-F-500002,5813011298,0,0.7,D2,1,14.721206665039062
VGlut-F-500335,1762359683,0,0.0,D2,0,32.48914337158203
VGlut-F-500335,5813039309,0,0.0,D2,0,33.34812545776367
VGlut-F-500876,1640555311,0,0.0,D2,0,27.51480484008789
VGlut-F-500876,1639886198,0,0.0,D2,0,31.57394027709961
VGlut-F-600204,5813061218,0,0.9,D2,0,5.382229804992676
VGlut-F-700261,5813047489,0,0.7,D2,0,19.977542877197266
VGlut-F-700261,5813057579,0,0.4,D2,0,50.422203063964844
VGlut-F-800130,1671620613,0,0.6,D2,0,37.07981491088867
VGlut-F-800130,1762359683,0,0.7,D2,0,49.04072570800781
fru-F-000094,422751191,0,0.7,D2,0,0.8767032623291016
fru-F-000131,360591860,0,0.7,D2,1,3.276141405105591
fru-F-000131,298258611,0,0.8,D2,1,4.379358291625977
fru-F-000131,5812980529,0,0.8,D2,1,1.845253825187683
fru-M-000335,673776769,0,0.7,D2,0,19.942476272583008
fru-M-000339,329289084,0,0.8,D2,1,5.286352157592773
fru-M-000339,452029745,0,0.8,D2,1,11.249342918395996
fru-M-300299,579268807,0,0.8,D2,0,31.124685287475586
npf-M-300037,5813069630,0,0.9,D2,1,6.621283531188965
Cha-F-000088,1670597533,0,0.6,D2,0,24.739694595336914
Cha-F-000239,1672320134,0,0.0,D2,0,45.4475212097168
Cha-F-000239,5813069085,0,0.0,D2,0,40.672122955322266
Cha-F-000239,1704347707,0,0.0,D2,0,33.816341400146484
Cha-F-200299,950880008,0,0.3,D2,0,15.717449188232422
Cha-F-200299,5813023322,0,0.3,D2,0,19.194976806640625
Cha-F-200299,5813098368,0,0.3,D2,0,27.878524780273438
Cha-F-300344,5813047970,0,0.7,D2,1,7.122406959533691
Cha-F-300344,951916894,0,0.7,D2,1,11.029426574707031
Cha-F-400237,1321564092,0,0.5,D2,0,14.097186088562012
Cha-F-400237,950880008,0,0.5,D2,0,9.209891319274902
Cha-F-400237,951234513,0,0.0,D2,0,20.693906784057617
Cha-F-800090,361312808,0,0.0,D2,0,34.885013580322266
Cha-F-800090,487144598,0,0.0,D2,0,30.340381622314453
Cha-F-800090,329897255,0,0.0,D2,0,31.248458862304688
Gad1-F-000694,5813070613,0,0.0,D2,0,10.314712524414062
Gad1-F-000694,5813057853,0,0.0,D2,0,44.28556442260742
Gad1-F-000694,1383016399,0,0.0,D2,0,12.280404090881348
Gad1-F-000703,421641859,0,0.0,D2,1,23.133085250854492
Gad1-F-000703,360259229,0,0.0,D2,1,11.525228500366211
Gad1-F-200186,1702306037,0,0.0,D2,0,45.46425247192383
Gad1-F-200186,5813039309,0,0.0,D2,0,34.13702392578125
Gad1-F-200186,5813034455,0,0.6,D2,0,31.780902862548828
TH-F-000009,1406911688,0,0.5,D2,1,8.448802947998047
TH-F-000010,298258611,0,0.6,D2,1,7.5538249015808105
TH-F-000019,675767414,0,0.0,D2,0,25.691791534423828
TH-F-000019,510049477,0,0.0,D2,0,41.74370193481445
TH-M-000029,675767414,0,0.0,D2,0,21.63991928100586
TH-M-000032,675767414,0,0.0,D2,0,18.708938598632812
TH-M-000032,611629428,0,0.3,D2,0,45.63309860229492
TH-M-100027,5813057579,0,0.0,D2,0,15.254301071166992
TH-M-100027,797442049,0,0.0,D2,0,9.658563613891602
TH-M-100027,5813021583,0,0.0,D2,0,0.5012409090995789
TH-M-200034,5813021112,0,0.4,D2,0,24.930450439453125
TH-M-200034,1406911688,0,0.0,D2,1,16.1370792388916
TH-M-200034,797442049,0,0.0,D2,0,2.2115161418914795
TH-M-200035,387870860,0,0.0,D2,0,48.80995559692383
TH-M-300017,5813021112,0,0.2,D2,0,23.989765167236328
TH-M-300017,1406911688,0,0.3,D2,1,14.511929512023926
Trh-M-100025,673746277,0,0.0,D2,0,13.553499221801758
Trh-M-100060,297251714,0,0.2,D2,1,28.945356369018555
Trh-M-100071,5813062858,0,0.7,D2,0,10.199234008789062
Trh-M-500163,5813033196,0,0.7,D2,1,2.8587589263916016
Trh-M-700039,797442049,0,0.2,D2,0,38.632476806640625
VGlut-F-000016,5813098368,0,0.5,D2,0,17.699892044067383
VGlut-F-000016,1321564092,0,0.7,D2,0,18.27435874938965
VGlut-F-000016,857793013,0,0.0,D2,0,13.126960754394531
VGlut-F-000111,5813057579,0,0.0,D2,0,12.118339538574219
VGlut-F-000158,328870472,0,0.0,D2,0,12.84498405456543
VGlut-F-000158,298612190,0,0.0,D2,0,8.43947696685791
VGlut-F-000158,5813078542,0,0.0,D2,0,21.488595962524414
VGlut-F-200036,947573616,0,0.0,D2,0,2.470608949661255
VGlut-F-200062,329225149,0,0.0,D2,1,23.67152976989746
VGlut-F-200062,361312808,0,0.0,D2,1,28.115224838256836
VGlut-F-200062,329897255,0,0.0,D2,0,24.98654556274414
VGlut-F-200143,298254384,0,0.0,D2,1,6.5540971755981445
VGlut-F-200143,5813020785,0,0.0,D2,1,0.05233915150165558
VGlut-F-400184,1704347707,0,0.0,D2,0,47.815773010253906
VGlut-F-400186,5813034455,0,0.6,D2,0,25.347991943359375
VGlut-F-400757,1640555311,0,0.0,D2,0,34.788448333740234
VGlut-F-400757,1888199872,0,0.7,D2,0,16.614931106567383
VGlut-F-400757,1762359683,0,0.0,D2,0,11.209322929382324
VGlut-F-400898,1702306037,0,0.0,D2,0,37.12419509887695
VGlut-F-400898,5813034455,0,0.7,D2,0,23.424102783203125
VGlut-F-500876,5813039309,0,0.0,D2,0,21.593338012695312
VGlut-F-700261,5813021112,0,0.0,D2,0,39.85707092285156
VGlut-F-700541,5813039309,0,0.0,D2,0,37.14837646484375
VGlut-F-700541,1702306037,0,0.0,D2,0,48.6814079284668
VGlut-F-800130,1640887603,0,0.0,D2,0,34.202781677246094
VGlut-F-800130,1578826464,0,0.0,D2,0,27.358461380004883
VGlut-F-800130,1640922754,0,0.0,D2,0,6.584217071533203
Trh-M-800009,1016835041,0,1.0,D3,1,2.6153147220611572
Trh-M-000163,1048215779,0,1.0,D3,1,4.303112983703613
Trh-M-800009,1048215779,0,1.0,D3,1,3.842111825942993
fru-M-100018,1048215779,0,1.0,D3,1,3.7418296337127686
Gad1-F-700282,547552266,0,0.7,D3,0,26.562654495239258
fru-M-100214,5813022234,0,0.9,D3,1,5.325793266296387
Trh-F-400040,613719036,0,0.9,D3,1,13.41605281829834
5-HT1B-F-500007,5813018460,0,0.3,D4,0,
5-HT1B-F-500007,5813054777,0,0.7,D4,0,25.692174911499023
Cha-F-100152,1671620613,0,0.4,D4,0,23.97489356994629
Cha-F-100152,5813018460,0,0.3,D4,0,
Cha-F-100358,1671620613,0,0.4,D4,0,18.262802124023438
Cha-F-100358,1578826464,0,0.5,D4,0,7.2259650230407715
Cha-F-300304,5813056598,0,0.5,D4,0,30.596195220947266
Cha-F-300304,5813054725,0,0.5,D4,0,16.307064056396484
Cha-F-300425,1671620613,0,0.4,D4,0,11.671058654785156
GH146-M-000001,610274046,0,0.9,D4,0,
Gad1-F-000394,5901206553,0,0.3,D4,0,
Gad1-F-000429,5813034493,0,0.7,D4,0,
Gad1-F-000429,1730327790,0,0.7,D4,0,
Gad1-F-100409,1640572741,0,0.6,D4,0,25.39914894104004
Gad1-F-100409,5901218894,0,0.6,D4,0,18.54061508178711
Gad1-F-200461,5901196806,0,0.2,D4,0,
Gad1-F-200461,2069652905,0,0.4,D4,0,
Gad1-F-400473,1669924220,0,0.8,D4,0,
Gad1-F-400473,5901206553,0,0.3,D4,0,
Gad1-F-500348,5813027235,0,0.1,D4,0,9.979158401489258
Gad1-F-600662,5813018460,0,0.3,D4,0,
Gad1-F-600662,1671620613,0,0.4,D4,0,29.998271942138672
Gad1-F-700086,1888199872,0,0.1,D4,0,52.31825637817383
Gad1-F-700086,5813034455,0,0.1,D4,0,46.46369934082031
TH-F-000003,792040520,0,0.7,D4,0,
TH-F-000007,792040520,0,0.8,D4,0,
TH-F-000007,950229431,0,0.8,D4,0,
TH-F-000086,792040520,0,0.8,D4,0,
TH-F-000086,950229431,0,0.8,D4,0,
TH-F-100020,792040520,0,0.8,D4,0,
TH-F-100020,950229431,0,0.8,D4,0,
TH-F-100061,792040520,0,0.8,D4,0,
TH-F-100103,792040520,0,0.8,D4,0,
TH-F-300046,1289359184,0,0.9,D4,0,
TH-M-000064,792040520,0,0.9,D4,0,
TH-M-000064,950229431,0,0.8,D4,0,
TH-M-100000,792040520,0,0.8,D4,0,
TH-M-100000,950229431,0,0.8,D4,0,
TH-M-100005,792040520,0,0.7,D4,0,
TH-M-100005,950229431,0,0.7,D4,0,
TH-M-100083,792040520,0,0.8,D4,0,
TH-M-100083,950229431,0,0.7,D4,0,
TH-M-200011,792040520,0,0.7,D4,0,
TH-M-200052,792040520,0,0.7,D4,0,
TH-M-300030,792040520,0,0.8,D4,0,
TH-M-300030,950229431,0,0.8,D4,0,
Trh-F-100080,2069652905,0,0.2,D4,0,
Trh-F-100080,5901206553,0,0.3,D4,0,
Trh-F-100088,1640922516,0,0.8,D4,0,20.000579833984375
Trh-F-100088,5813034493,0,0.7,D4,0,
Trh-F-100092,5901206553,0,0.3,D4,0,
Trh-F-100092,5813018460,0,0.3,D4,0,
Trh-F-200060,5813018460,0,0.3,D4,0,
Trh-F-200060,1669924220,0,0.3,D4,0,
Trh-F-200123,2069652905,0,0.3,D4,0,
Trh-F-200123,1671620613,0,0.4,D4,0,16.283342361450195
Trh-F-300102,5901206553,0,0.3,D4,0,
Trh-F-300102,5813018460,0,0.3,D4,0,
Trh-F-300133,1671620613,0,0.4,D4,0,8.26377010345459
Trh-F-300133,1702310266,0,0.4,D4,0,
Trh-F-400082,5813018460,0,0.3,D4,0,
Trh-F-400082,1671620613,0,0.4,D4,0,30.14011001586914
Trh-F-500108,5901206553,0,0.3,D4,0,
Trh-F-500108,5813018460,0,0.3,D4,0,
Trh-F-500186,2069652905,0,0.2,D4,0,
Trh-F-500186,1671620613,0,0.4,D4,0,8.071537017822266
Trh-F-700065,5813018460,0,0.3,D4,0,
Trh-M-000132,487187476,0,0.9,D4,0,
Trh-M-000182,5812980746,0,0.9,D4,1,1.2505441904067993
Trh-M-100002,519046655,0,0.9,D4,0,4.385079383850098
Trh-M-100004,5901206553,0,0.3,D4,0,
Trh-M-100004,1920590638,0,0.2,D4,0,
Trh-M-100046,891771553,0,0.0,D4,0,22.93943214416504
Trh-M-200107,519046655,0,0.8,D4,0,4.013759613037109
Trh-M-200112,1671620613,0,0.6,D4,0,13.453402519226074
Trh-M-200112,2069652905,0,0.2,D4,0,
Trh-M-300134,988567837,0,0.8,D4,0,
Trh-M-300138,5813053851,0,0.8,D4,0,42.67997741699219
Trh-M-400002,519046655,0,0.8,D4,0,1.6662439107894897
Trh-M-400131,957506896,0,0.8,D4,0,17.306720733642578
VGlut-F-000067,1289359184,0,0.8,D4,0,
VGlut-F-000200,792040520,0,0.8,D4,0,
VGlut-F-000261,5813018460,0,0.2,D4,0,
VGlut-F-000261,1667251683,0,0.2,D4,0,14.074101448059082
VGlut-F-000297,544038123,0,0.9,D4,0,
VGlut-F-000440,5813054725,0,0.5,D4,0,8.482741355895996
VGlut-F-000440,1642623277,0,0.5,D4,0,9.141036033630371
VGlut-F-000475,1671620613,0,0.3,D4,0,55.31568145751953
VGlut-F-000475,5901206553,0,0.2,D4,0,
VGlut-F-000524,5901206553,0,0.3,D4,0,
VGlut-F-000524,2069652905,0,0.2,D4,0,
VGlut-F-100132,792040520,0,0.8,D4,0,
VGlut-F-100223,1640922516,0,0.5,D4,0,37.5594367980957
VGlut-F-100223,5813034493,0,0.6,D4,0,
VGlut-F-200333,5813060726,0,0.7,D4,0,10.786967277526855
Cha-F-000074,356818551,0,0.6,D4,0,
Cha-F-000427,579576294,0,0.7,D4,0,
Cha-F-300344,1074704960,0,0.8,D4,0,
Cha-F-300350,603482385,0,0.9,D4,0,
E0585-F-000005,1012954687,0,0.0,D4,0,21.922128677368164
Gad1-F-000703,5813055865,0,0.7,D4,0,
Gad1-F-200247,5813047489,0,0.3,D4,0,31.093969345092773
Gad1-F-500004,5813078062,0,0.4,D4,0,
VGlut-F-800130,5901206553,0,0.2,D4,0,
fru-M-300418,792040520,0,0.7,D4,0,
fru-M-300418,950229431,0,0.7,D4,0,
fru-M-500333,792040520,0,0.7,D4,0,
fru-M-500333,950229431,0,0.7,D4,0,
fru-M-700238,792040520,0,0.7,D4,0,
fru-M-700238,950229431,0,0.7,D4,0,
fru-M-800154,792040520,0,0.7,D4,0,
fru-M-800154,950229431,0,0.7,D4,0,
Cha-F-000139,580300616,0,0.8,D4,0,8.705381393432617
Cha-F-000139,609310926,0,0.8,D4,0,8.909003257751465
Cha-F-000305,734677385,0,0.3,D4,0,53.4366569519043
Cha-F-000305,1135441187,0,0.3,D4,0,
TH-F-000012,328533761,0,1.0,D4,0,
TH-F-000012,736860990,0,0.0,D4,0,
TH-F-100075,5813011298,0,0.7,D4,1,6.2193684577941895
TH-F-200124,915960391,0,0.9,D4,0,
TH-M-000030,328533761,0,1.0,D4,0,
TH-M-000030,736860990,0,0.0,D4,0,
TH-M-200035,5813078062,0,0.0,D4,0,
Trh-M-700039,792692885,0,0.0,D4,0,29.355295181274414
VGlut-F-000111,5813068559,0,0.2,D4,1,11.265192985534668
VGlut-F-200036,5813027276,0,0.1,D4,0,75.2112045288086
fru-F-400081,731736853,0,0.9,D4,0,
fru-M-300255,267214250,0,0.9,D4,0,
fru-M-400329,298258399,0,0.8,D4,0,
fru-M-800062,731736853,0,0.9,D4,0,
fru-M-800135,360591860,0,0.8,D4,1,4.550661087036133
Cha-F-200447,667931999,0,0.7,D4,1,8.59886646270752
Cha-F-200451,703106626,0,0.9,D4,0,
Cha-F-500144,1076159832,0,0.8,D4,0,
Cha-F-600151,1324373969,0,0.6,D4,0,
Cha-F-600151,1474084639,0,0.7,D4,0,
Gad1-F-000080,1167982211,0,0.7,D4,0,
Gad1-F-000169,1198006801,0,0.7,D4,0,3.5488927364349365
Gad1-F-000169,1416900410,0,0.7,D4,0,
Gad1-F-100604,1817712927,0,0.6,D4,1,2.9670889377593994
Gad1-F-100604,800212579,0,0.6,D4,1,3.2672853469848633
Gad1-F-300369,1008378609,0,0.8,D4,1,2.508894443511963
Gad1-F-400172,861237679,0,0.6,D4,0,
Gad1-F-400249,948709216,0,0.7,D4,1,5.280826091766357
Gad1-F-400303,860905614,0,0.8,D4,0,
Gad1-F-600135,1230026228,0,0.8,D4,0,
Gad1-F-700047,1167982211,0,0.8,D4,0,
Gad1-F-700047,1230026402,0,0.8,D4,0,
Gad1-F-700113,5813033535,0,0.7,D4,0,3.45292329788208
Gad1-F-900080,667931999,0,0.7,D4,1,2.828193187713623
TH-M-700001,5813054384,0,0.7,D4,1,7.817707538604736
TH-M-700001,947573616,0,0.6,D4,0,1.9884957075119019
Trh-F-000011,329289084,0,0.8,D4,1,7.845376968383789
Trh-F-000011,5813019588,0,0.8,D4,1,9.467034339904785
Trh-F-200007,947685488,0,0.9,D4,0,
Trh-F-200053,946308203,0,0.8,D4,1,4.198712348937988
Trh-F-200053,5813055834,0,0.8,D4,0,
Trh-F-300042,326530038,0,0.9,D4,0,9.787374496459961
Trh-F-300066,575845494,0,0.7,D4,1,5.442765235900879
Trh-F-300072,5813054384,0,0.7,D4,1,2.9004976749420166
Trh-F-300072,947573616,0,0.6,D4,0,7.628305912017822
Trh-F-300137,1070426862,0,0.8,D4,0,
Trh-M-000023,5813054384,0,0.7,D4,1,6.105957508087158
Trh-M-000023,5813021112,0,0.5,D4,0,25.281572341918945
Trh-M-000077,5813057579,0,0.5,D4,0,9.305397987365723
Trh-M-000077,5813054384,0,0.7,D4,1,8.19893741607666
Trh-M-000093,5813055834,0,0.7,D4,0,
Trh-M-000119,5813054384,0,0.7,D4,1,5.310354232788086
Trh-M-000119,947573616,0,0.6,D4,0,7.796412944793701
Trh-M-000140,5813054384,0,0.7,D4,1,4.711435317993164
Trh-M-000140,1406911688,0,0.4,D4,1,7.598869323730469
Trh-M-100022,548712377,0,0.8,D4,1,6.272823333740234
Trh-M-100022,330640044,0,0.3,D4,1,0.3019646406173706
Trh-M-100080,329289084,0,0.7,D4,1,7.544623851776123
Trh-M-100080,452029745,0,0.7,D4,1,7.266821384429932
Trh-M-200041,297251714,0,0.6,D4,0,4.653452396392822
Trh-M-200041,296139882,0,0.6,D4,0,9.410893440246582
Trh-M-200071,5813061495,0,0.2,D4,1,6.156382083892822
Trh-M-300085,362507326,0,0.4,D4,0,
Trh-M-300128,5813049824,0,0.5,D4,1,6.112600326538086
Trh-M-300128,5813061495,0,0.5,D4,1,4.603768825531006
Trh-M-400037,5813049824,0,0.2,D4,1,8.038392066955566
VGlut-F-000077,550404663,0,0.7,D4,0,40.55094909667969
VGlut-F-000077,424918786,0,0.3,D4,0,
VGlut-F-000091,739256609,0,0.8,D4,0,26.92655372619629
VGlut-F-000132,925008763,0,0.7,D4,0,
VGlut-F-000132,708290604,0,0.7,D4,1,10.063254356384277
VGlut-F-000410,1313849992,0,0.7,D4,0,13.89199447631836
VGlut-F-000419,5813052909,0,0.7,D4,0,
VGlut-F-100237,5901232053,0,0.2,D4,0,
VGlut-F-200048,799868224,0,0.8,D4,1,8.935822486877441
VGlut-F-200478,1230026228,0,0.6,D4,0,
VGlut-F-200478,1167645523,0,0.6,D4,0,
VGlut-F-200594,5813058048,0,0.8,D4,0,3.0265326499938965
VGlut-F-400014,550404663,0,0.7,D4,0,39.82355499267578
VGlut-F-400014,5813011443,0,0.2,D4,0,13.037582397460938
VGlut-F-400502,5813056054,0,0.6,D4,0,4.191523551940918
VGlut-F-400502,486194398,0,0.6,D4,0,7.661778926849365
VGlut-F-500430,485249150,0,0.5,D4,0,
VGlut-F-700399,1255630350,0,0.7,D4,1,1.5404036045074463
VGlut-F-900076,859265651,0,0.2,D4,0,28.412363052368164
VGlut-F-900076,388975834,0,0.2,D4,0,7.098293304443359
fru-F-100022,298258399,0,0.7,D4,0,
fru-F-100059,949986251,0,0.7,D4,0,
fru-F-100059,1293468282,0,0.7,D4,1,4.90516471862793
fru-F-200173,1292713151,0,0.7,D4,0,
fru-F-300172,5901193671,0,0.8,D4,0,25.582067489624023
fru-F-500250,550750102,0,0.7,D4,0,
fru-M-000087,925008763,0,0.7,D4,0,
fru-M-000174,550326974,0,0.6,D4,0,
fru-M-000202,267551639,0,0.7,D4,0,
fru-M-400120,267214250,0,0.9,D4,0,
VGlut-F-100374,1888199872,0,0.8,D4,0,39.204856872558594
VGlut-F-100374,5813034455,0,0.8,D4,0,33.303245544433594
TH-M-300032,5813020735,0,0.8,D4,1,4.508716106414795
VGlut-F-400641,1312061760,0,0.8,D4,0,12.027524948120117
TH-F-100111,792040520,0,0.9,D4,0,
fru-M-300332,673776769,0,0.3,D4,0,23.84166717529297
Gad1-F-600594,1667251683,0,0.4,D4,0,10.857701301574707
fru-M-500322,5813021602,0,0.1,D4,0,40.9519157409668
fru-M-100277,390331583,0,0.7,D4,1,14.58225154876709
Trh-M-200100,1888199872,0,0.1,D4,0,48.625144958496094
Trh-M-200100,5813034455,0,0.1,D4,0,42.67795944213867
fru-M-200408,5813054384,0,0.7,D4,1,8.276827812194824
fru-M-200408,1378251040,0,0.6,D4,1,13.530834197998047
5HT1A-F-300000,1351065769,0,0.9,D4,0,
fru-M-200273,550326974,0,0.6,D4,0,
fru-M-200357,1325133618,0,0.8,D4,0,31.839447021484375
VGlut-F-500164,550404663,0,0.8,D4,0,11.63827896118164
VGlut-F-500164,674882250,0,0.4,D4,0,15.870848655700684
VGlut-F-000232,5813054384,0,0.9,D4,1,2.94636607170105
Gad1-F-700255,1012112513,0,0.9,D4,1,8.248359680175781
Gad1-F-700255,946658448,0,0.9,D4,0,
fru-M-000339,5813019588,0,0.8,D4,1,7.264012336730957
Gad1-F-600304,5813054622,0,0.7,D4,0,36.393943786621094
Gad1-F-600304,5813054777,0,0.7,D4,0,39.24229431152344
Gad1-F-800572,5813013574,0,0.8,D4,1,12.132159233093262
Gad1-F-800572,1044701474,0,0.7,D4,1,3.303278923034668
VGlut-F-200250,5813020996,0,0.9,D4,1,9.502699851989746
VGlut-F-400320,5813039309,0,0.0,D4,0,23.340282440185547
VGlut-F-400320,1671257931,0,0.0,D4,0,
Gad1-F-700282,518930199,0,0.7,D4,0,
TH-F-000028,5813054384,0,0.9,D4,1,7.567582130432129
TH-F-000028,5813021112,0,0.7,D4,0,26.040937423706055
VGlut-F-500428,1639886198,0,0.0,D4,0,35.298973083496094
5HT1A-F-400024,1313849992,0,0.9,D4,0,7.2455153465271
VGlut-F-600323,1130458829,0,0.9,D4,1,12.24850845336914
VGlut-F-600323,1005624122,0,0.9,D4,1,11.595999717712402
fru-M-200271,925008763,0,0.8,D4,0,
Trh-F-100069,823058891,0,0.4,D4,1,5.294093608856201
Trh-F-100069,5813054384,0,0.9,D4,1,6.99737024307251
fru-M-700205,361005850,0,0.0,D4,0,47.633705139160156
TH-F-100113,5813054384,0,0.9,D4,1,4.247960567474365
TH-F-100113,797442049,0,0.1,D4,0,9.038006782531738
VGlut-F-600091,1130458829,0,0.8,D4,1,11.914922714233398
TH-F-000000,5813054622,0,0.2,D4,0,39.80723190307617
TH-F-000000,5813054777,0,0.2,D4,0,43.65645980834961
Gad1-F-600218,5813054077,0,0.8,D4,1,16.789846420288086
Gad1-F-600218,1105459542,0,0.7,D4,1,20.850797653198242
VGlut-F-500523,975289165,0,0.8,D4,0,
VGlut-F-500523,944249308,0,0.8,D4,0,
Trh-M-200022,388975834,0,0.2,D4,0,24.52266502380371
Trh-M-200022,297938585,0,0.8,D4,1,9.05594539642334
Trh-F-100023,823058891,0,0.0,D4,1,3.0278258323669434
Trh-F-100023,5813054384,0,0.8,D4,1,3.266685962677002
5HT1A-F-700024,975289165,0,0.8,D4,0,
5HT1A-F-700024,1130458829,0,0.8,D4,1,10.143539428710938
fru-M-800110,550326974,0,0.8,D4,0,
fru-M-300325,5813021602,0,0.3,D4,0,29.579116821289062
fru-M-300325,361005850,0,0.3,D4,0,37.81172561645508
Gad1-F-000162,543256347,0,0.6,D4,0,4.622198104858398
fru-M-900070,5813019588,0,0.8,D4,1,7.616281986236572
fru-M-900070,946641212,0,0.8,D4,1,7.361352920532227
Trh-F-200112,203253253,0,0.9,D4,1,3.22737455368042
VGlut-F-600711,5813034455,0,0.6,D4,0,29.790163040161133
VGlut-F-600711,1667251683,0,0.5,D4,0,1.7943871021270752
Gad1-F-100112,5813056917,0,0.8,D4,1,4.068230628967285
VGlut-F-300246,5813054384,0,0.9,D4,1,3.4455442428588867
VGlut-F-300246,947573616,0,0.3,D4,0,9.301383972167969
5-HT1B-F-500017,1946178096,0,0.5,D4,0,47.704368591308594
5-HT1B-F-500017,5813054622,0,0.6,D4,0,36.519901275634766
fru-M-100291,298258399,0,0.8,D4,0,
TH-M-000047,5813060068,0,0.6,D4,0,21.369686126708984
TH-F-100109,5813054384,0,0.9,D4,1,2.605116128921509
TH-F-100109,797442049,0,0.3,D4,0,11.891990661621094
VGlut-F-500200,1130458829,0,0.8,D4,1,10.67982292175293
VGlut-F-500200,944249308,0,0.8,D4,0,
TH-M-200092,297183251,0,0.8,D4,0,
TH-M-200092,5813081818,0,0.8,D4,0,
fru-M-000376,5813019588,0,0.7,D4,1,6.89312744140625
fru-M-000376,5813055834,0,0.7,D4,0,
VGlut-F-700170,1702651358,0,0.0,D4,0,59.863433837890625
VGlut-F-700170,1640922754,0,0.0,D4,0,60.80173873901367
Gad1-F-200472,1888199872,0,0.5,D4,0,27.207796096801758
Gad1-F-200472,1702306037,0,0.0,D4,0,33.71057891845703
TH-F-200090,1224941044,0,0.9,D4,0,37.683013916015625
TH-F-200090,1224595273,0,0.9,D4,0,
VGlut-F-400233,975289165,0,0.8,D4,0,
VGlut-F-400233,1130458829,0,0.8,D4,1,17.109424591064453
Gad1-F-600267,911574041,0,0.8,D4,1,15.833342552185059
TH-F-200114,5813054384,0,0.8,D4,0,11.665891647338867
TH-F-200114,1352676969,0,0.3,D4,0,
fru-M-800105,550326974,0,0.6,D4,0,
Cha-F-000239,5813054777,0,0.0,D4,0,37.34796142578125
VGlut-F-500239,5813055632,0,0.8,D4,1,5.361364364624023
Gad1-F-700167,5901196806,0,0.8,D4,0,
Gad1-F-700167,2135408892,0,0.0,D4,0,
VGlut-F-300554,1702651358,0,0.0,D4,0,64.33946228027344
VGlut-F-300554,5813039309,0,0.0,D4,0,17.794294357299805
TH-M-200070,1035601661,0,0.9,D4,0,
fru-M-200345,731736853,0,0.9,D4,0,
Trh-F-200030,1888199872,0,0.0,D4,0,48.5751838684082
Trh-F-200030,5813034455,0,0.0,D4,0,42.57218933105469
VGlut-F-100118,1313849992,0,0.8,D4,0,12.024195671081543
Cha-F-000009,1048215779,0,0.9,D5,1,9.893739700317383
Cha-F-400112,1224258912,0,0.0,D5,0,22.410547256469727
Cha-F-400112,5813022925,0,0.0,D5,0,19.664628982543945
Cha-F-400201,1639886198,0,0.0,D5,0,40.8193359375
Cha-F-400201,1640555311,0,0.0,D5,0,22.714284896850586
Cha-F-800086,579916831,0,0.0,D5,0,32.52626037597656
Cha-F-800086,5812981543,0,0.9,D5,1,31.288257598876953
E0585-F-200015,518899665,0,0.4,D5,1,29.35891342163086
E0585-F-300042,457175171,0,0.8,D5,1,32.5043830871582
E0585-F-300042,642664141,0,1.0,D5,0,33.30855178833008
fru-F-200052,1228683492,0,0.0,D5,0,18.42629051208496
fru-F-200052,456156825,0,0.0,D5,1,34.09888458251953
fru-F-400010,862705904,0,0.9,D5,1,3.6936376094818115
fru-F-400010,1173745330,0,0.9,D5,0,8.432819366455078
fru-F-400071,1205090786,0,0.6,D5,0,8.991517066955566
fru-F-400071,1173745330,0,0.8,D5,0,10.172660827636719
fru-F-400141,862705904,0,0.7,D5,0,11.091765403747559
fru-F-400141,1142356576,0,0.9,D5,0,11.732266426086426
fru-F-400196,1100792636,0,0.0,D5,0,22.77301788330078
fru-F-400196,1141324564,0,0.8,D5,0,14.201322555541992
fru-F-400214,983759126,0,0.8,D5,0,9.153624534606934
fru-F-400214,1173045815,0,0.8,D5,0,3.705387592315674
fru-F-400229,5813087817,0,0.5,D5,0,8.766474723815918
fru-F-400229,1700644008,0,0.0,D5,0,41.152732849121094
fru-F-400338,1141678665,0,0.8,D5,0,14.115933418273926
fru-F-400338,1205090786,0,0.8,D5,0,10.102676391601562
fru-F-400437,1173745330,0,0.8,D5,0,14.087956428527832
fru-F-400437,1141678665,0,0.8,D5,0,12.518477439880371
fru-F-400475,5901203987,0,0.0,D5,1,17.94968605041504
fru-F-400475,519591210,0,0.0,D5,1,31.66401481628418
fru-F-500083,1261130127,0,0.0,D5,0,24.08083152770996
fru-F-500083,1261129711,0,0.0,D5,0,25.71978759765625
fru-F-500115,1206114100,0,0.8,D5,1,10.545047760009766
fru-F-500115,1173745330,0,0.8,D5,0,3.6269843578338623
fru-F-500297,1051630846,0,0.9,D5,1,13.055614471435547
fru-F-500297,948035783,0,0.0,D5,1,23.41564178466797
fru-F-500435,1142011140,0,0.6,D5,0,31.448265075683594
fru-F-500435,1510648834,0,0.0,D5,1,32.12644958496094
fru-F-500584,862705904,0,0.8,D5,1,9.572468757629395
fru-F-500584,1205090786,0,0.8,D5,1,8.661111831665039
fru-F-600168,1101133698,0,0.0,D5,0,31.48101234436035
fru-F-600168,977343309,0,0.0,D5,1,32.61985778808594
fru-F-600186,609587511,0,0.0,D5,1,20.602832794189453
fru-F-600186,550280614,0,0.0,D5,1,16.02849769592285
fru-F-700104,1142365351,0,0.8,D5,0,4.838614463806152
fru-F-700104,1173745330,0,0.8,D5,0,15.79412841796875
fru-F-700114,1224945418,0,0.0,D5,0,24.99311065673828
fru-F-700114,1224258912,0,0.0,D5,1,23.769624710083008
fru-F-700163,1142356576,0,0.8,D5,0,12.796304702758789
fru-F-700163,862705904,0,0.8,D5,0,7.138859272003174
fru-F-700245,1204175835,0,0.9,D5,1,8.387005805969238
fru-F-700245,1100792636,0,0.0,D5,0,16.736549377441406
fru-F-700257,1141337605,0,0.4,D5,0,12.0120267868042
fru-F-700257,1224258912,0,0.0,D5,1,13.648143768310547
fru-M-400031,1290416713,0,0.0,D5,0,22.57023048400879
fru-M-400031,1198006801,0,0.0,D5,0,16.576791763305664
fru-M-400362,955464899,0,0.6,D5,0,9.583367347717285
fru-M-400362,1469403612,0,0.5,D5,0,14.35324764251709
fru-M-400401,955464899,0,0.7,D5,1,6.536600589752197
fru-M-400401,829261936,0,0.6,D5,1,8.87170124053955
fru-M-500174,266187383,0,0.0,D5,0,33.399986267089844
fru-M-500174,977343309,0,0.0,D5,1,31.827186584472656
fru-M-500374,737832306,0,0.0,D5,0,4.7270426750183105
fru-M-500374,1224258912,0,0.0,D5,0,38.760231018066406
fru-M-500377,1100792636,0,0.0,D5,0,9.238482475280762
fru-M-500377,5813057274,0,0.0,D5,0,8.199535369873047
fru-M-500383,5813034306,0,0.5,D5,0,18.304515838623047
fru-M-500383,1205090786,0,0.7,D5,0,18.38720703125
fru-M-700067,1228683492,0,0.0,D5,0,17.218551635742188
fru-M-700067,550617370,0,0.0,D5,0,34.460025787353516
fru-M-700270,1204175835,0,0.9,D5,1,12.682600975036621
fru-M-700270,1510648834,0,0.3,D5,1,11.937644958496094
G0239-F-000008,267896360,0,0.0,D5,0,46.62021255493164
G0239-F-000011,676573560,0,0.0,D5,0,19.801429748535156
G0239-F-000011,636667489,0,0.0,D5,1,12.88228988647461
Gad1-F-001409,1610224198,0,0.0,D5,1,2.4541549682617188
Gad1-F-001409,1641250106,0,0.0,D5,1,2.087503671646118
Gad1-F-101173,5813020585,0,0.0,D5,1,7.841398239135742
Gad1-F-101173,5813020455,0,0.0,D5,1,8.897021293640137
Gad1-F-200227,5813022201,0,0.8,D5,1,7.321585655212402
Gad1-F-200227,860983686,0,0.8,D5,1,5.684134483337402
Gad1-F-300153,1224258912,0,0.0,D5,1,4.644435405731201
Gad1-F-300153,1224945418,0,0.0,D5,0,1.1026939153671265
Gad1-F-300275,702389193,0,0.0,D5,1,22.16945457458496
Gad1-F-300309,955464899,0,0.8,D5,1,4.151712894439697
Gad1-F-300309,862705904,0,0.8,D5,1,4.515227794647217
Gad1-F-301525,422682603,0,0.7,D5,1,5.934815406799316
Gad1-F-301525,1419019956,0,0.7,D5,1,6.207314491271973
Gad1-F-301704,424789697,0,0.0,D5,1,8.248382568359375
Gad1-F-301704,760686202,0,0.0,D5,1,1.6575298309326172
Gad1-F-400259,518899665,0,0.0,D5,1,30.101478576660156
Gad1-F-400259,296543992,0,0.0,D5,0,29.906251907348633
Gad1-F-400718,1266871604,0,0.7,D5,1,3.751706600189209
Gad1-F-400718,673518025,0,0.0,D5,1,45.567649841308594
Gad1-F-400957,1262114202,0,0.6,D5,1,1.273800015449524
Gad1-F-400957,1261423370,0,0.6,D5,1,4.91099214553833
Gad1-F-402516,829261936,0,0.9,D5,1,9.271903991699219
Gad1-F-402516,862705904,0,0.9,D5,1,7.367748737335205
Gad1-F-500136,946641153,0,0.0,D5,1,11.156179428100586
Gad1-F-500136,1290416713,0,0.0,D5,0,32.1030158996582
Gad1-F-500365,613719036,0,0.8,D5,1,6.310841083526611
Gad1-F-500524,1173045815,0,0.9,D5,0,9.987983703613281
Gad1-F-500524,1141337605,0,0.9,D5,0,11.155261993408203
Gad1-F-500559,5813022201,0,0.7,D5,1,8.907723426818848
Gad1-F-500559,1171690479,0,0.9,D5,1,6.808756351470947
Gad1-F-502126,1142365351,0,0.9,D5,1,5.418479919433594
Gad1-F-502126,956138930,0,0.9,D5,0,9.434568405151367
Gad1-F-600109,1670278227,0,0.0,D5,0,28.269437789916992
Gad1-F-600109,1510648834,0,0.0,D5,0,3.1865956783294678
Gad1-F-600115,946641153,0,0.0,D5,1,10.388680458068848
Gad1-F-600345,922810839,0,0.0,D5,0,15.679975509643555
Gad1-F-600345,5813077405,0,0.0,D5,1,43.054359436035156
Gad1-F-601324,5812980638,0,0.0,D5,1,20.535490036010742
Gad1-F-601324,1172372382,0,0.0,D5,1,10.666067123413086
Gad1-F-700131,613719036,0,0.8,D5,1,9.210317611694336
Gad1-F-800094,1198330641,0,0.0,D5,0,9.03407096862793
Gad1-F-800094,1290416713,0,0.0,D5,0,16.77932357788086
Gad1-F-900001,1290416713,0,0.0,D5,0,16.454978942871094
Gad1-F-900001,5813026366,0,0.0,D5,0,50.0628547668457
Gad1-F-900194,1448929233,0,0.0,D5,0,36.85453414916992
Gad1-F-900194,1193560072,0,0.0,D5,0,18.627586364746094
TH-F-000101,421641859,0,0.0,D5,1,18.081979751586914
TH-F-100083,329970706,0,0.0,D5,1,8.823319435119629
TH-F-100099,329970706,0,0.4,D5,1,7.902439594268799
TH-F-200030,328943204,0,0.4,D5,1,7.177585124969482
TH-F-200030,203253253,0,0.4,D5,1,2.4904143810272217
TH-F-200033,608922563,0,0.0,D5,1,20.864351272583008
TH-F-200081,330268940,0,0.0,D5,1,11.956649780273438
TH-F-300020,484911954,0,0.0,D5,1,7.838695049285889
TH-F-300020,1048172314,0,0.0,D5,1,10.877209663391113
TH-F-300073,328943204,0,0.6,D5,1,2.8390390872955322
TH-F-300073,361040812,0,0.0,D5,0,4.870253086090088
TH-F-700001,418969956,0,0.0,D5,1,36.82371139526367
TH-F-700001,297166053,0,0.0,D5,1,0.755628764629364
TH-F-700004,643830129,0,0.0,D5,1,19.889362335205078
TH-F-700004,5813089803,0,0.0,D5,1,11.136534690856934
TH-F-700016,5812982779,0,0.7,D5,1,4.354511260986328
TH-F-700016,5813089803,0,0.0,D5,1,19.84373664855957
TH-F-700022,946645313,0,0.0,D5,1,18.79852867126465
TH-F-700022,981362334,0,0.6,D5,1,12.181475639343262
TH-M-300021,5813049380,0,0.4,D5,1,15.070826530456543
TH-M-500003,580287695,0,0.0,D5,1,32.656715393066406
TH-M-500003,456156825,0,0.0,D5,1,43.5496826171875
TH-M-600002,1224258912,0,0.0,D5,0,32.87452697753906
TH-M-600002,1193560072,0,0.0,D5,0,27.8900203704834
TH-M-600003,1224595289,0,0.0,D5,0,43.46513748168945
TH-M-600003,1224258912,0,0.0,D5,0,44.72563171386719
TH-M-700002,1224595289,0,0.0,D5,1,26.643125534057617
TH-M-700002,1224945418,0,0.0,D5,0,29.514188766479492
TH-M-700013,5812979156,0,0.6,D5,0,5.478151321411133
TH-M-700013,644417074,0,0.7,D5,0,3.778749465942383
TH-M-700017,604864392,0,0.0,D5,1,18.560529708862305
TH-M-700017,454439022,0,0.0,D5,1,39.87981414794922
Trh-M-000099,1602402027,0,0.5,D5,1,4.942168712615967
Trh-M-000099,986828383,0,0.6,D5,1,7.562315940856934
VGlut-F-200594,328632707,0,0.0,D5,0,23.877668380737305
VGlut-F-300680,5813020585,0,0.6,D5,1,6.980108261108398
VGlut-F-300680,1322474586,0,0.6,D5,1,8.241525650024414
VGlut-F-800070,894551935,0,0.7,D5,0,16.212743759155273
VGlut-F-800070,832357089,0,0.0,D5,1,49.370201110839844
VT0765-F-700001,613079053,0,0.3,D5,1,16.30270767211914
VT0765-F-700001,486544396,0,0.0,D5,1,17.621397018432617
VT16811-F-700000,1078693835,0,0.0,D5,1,17.556642532348633
VT16811-F-700000,1729935421,0,0.0,D5,1,10.670992851257324
VT24618-F-700000,5813058048,0,0.0,D5,0,9.6146821975708
VT24618-F-700000,299082033,0,0.0,D5,1,6.252066612243652
VT38815-F-700000,799586652,0,0.0,D5,1,24.75044059753418
VT38815-F-700000,1640555311,0,0.0,D5,0,1.9575474262237549
VT38815-F-700001,799586652,0,0.0,D5,1,29.120010375976562
VT38815-F-700001,485745069,0,0.0,D5,1,5.477972507476807
VT43401-F-700002,575768294,0,0.0,D5,1,16.16075325012207
VT43401-F-700002,5813020673,0,0.0,D5,1,5.417611598968506
VT50245-F-700000,5813058316,0,0.0,D5,1,30.003263473510742
VT50245-F-700000,700486220,0,0.0,D5,0,26.189435958862305
VT50245-F-700001,612414168,0,0.0,D5,0,32.08688735961914
VT50245-F-700001,674807824,0,0.0,D5,0,34.31696701049805
VT50733-F-700000,919763043,0,0.0,D5,0,11.10741138458252
VT50733-F-700000,519046655,0,0.0,D5,1,40.85454177856445
VT58722-F-700000,549282467,0,0.6,D5,0,18.029985427856445
VT58722-F-700000,326253554,0,0.4,D5,0,21.83131217956543
VT58722-F-700001,673509195,0,0.0,D5,1,34.23794937133789
VT58722-F-700001,946990515,0,0.0,D5,1,30.740129470825195
VT5948-F-700000,422725634,0,0.8,D5,1,30.86179542541504
VT5948-F-700000,519279166,0,0.0,D5,0,12.172618865966797
VT5948-F-700001,422725634,0,0.6,D5,1,33.02484893798828
VT5948-F-700001,736174181,0,0.0,D5,0,5.99783182144165
Cha-F-000088,1640909284,0,0.6,D6,0,
Cha-F-400237,1135441187,0,0.5,D6,0,
Trh-M-200043,1671620613,0,0.0,D6,0,51.80360794067383
Trh-F-100001,5813062858,0,0.7,D6,1,4.156992435455322
Cha-F-000088,1699974843,0,0.6,D6,0,35.84720993041992
Cha-F-000088,1704347707,0,0.6,D6,0,43.97216796875
VGlut-F-400757,1640922516,0,0.0,D6,0,41.82927322387695
VGlut-F-200392,792326206,0,0.6,D6,0,
Cha-F-000088,5813055277,0,0.6,D6,0,12.25565242767334
Cha-F-000088,5813056598,0,0.6,D6,0,7.910261154174805
Cha-F-200299,1135441187,0,0.6,D6,0,
VGlut-F-500876,1640922516,0,0.0,D6,0,50.532344818115234
VGlut-F-400898,1640922516,0,0.0,D6,0,55.45034408569336
VGlut-F-500876,1667251683,0,0.0,D6,0,14.599590301513672
Trh-M-100024,5813049824,0,0.7,D6,1,5.586546897888184
Trh-M-500163,862671913,0,0.6,D6,0,
VGlut-F-400186,1640922516,0,0.0,D6,0,56.82138442993164
VGlut-F-500335,1640922516,0,0.0,D6,0,63.16157531738281
Trh-M-100024,5813020684,0,0.4,D6,1,8.185636520385742
VGlut-F-700541,1640922516,0,0.0,D6,0,67.00605010986328
TH-F-200026,330640044,0,0.0,D6,1,8.712936401367188
Trh-M-300140,1008024276,0,0.6,D6,0,
Trh-M-400023,953414780,0,0.6,D6,0,64.52595520019531
Trh-M-100024,5813055834,0,0.7,D6,0,
VGlut-F-500876,1669924220,0,0.0,D6,0,
Trh-M-100024,946308203,0,0.7,D6,1,5.135645866394043
TH-F-100036,5812980529,0,0.7,D6,1,3.140181303024292
Trh-M-500163,953410147,0,0.6,D6,0,
Trh-M-500163,768555687,0,0.6,D6,1,14.923798561096191
VGlut-F-800130,1671257931,0,0.6,D6,0,
VGlut-F-200319,5813055865,0,0.6,D6,0,
TH-M-000029,5813021602,0,0.6,D6,0,10.654529571533203
VGlut-F-800130,2135408892,0,0.5,D6,0,
VGlut-F-800130,5813132949,0,0.5,D6,0,
Trh-M-400110,953414780,0,0.6,D6,0,52.68476867675781
Trh-M-500163,672006007,0,0.6,D6,1,16.69908332824707
TH-F-000019,5813021602,0,0.7,D6,0,22.4068603515625
Trh-F-400055,1070426862,0,0.7,D6,0,
TH-F-300062,1262360335,0,0.5,D6,0,6.34180212020874
Trh-M-500163,891663788,0,0.6,D6,0,
VGlut-F-000463,1037293275,0,0.7,D6,0,
Trh-M-400110,1008024276,0,0.6,D6,0,
Trh-F-300112,953414780,0,0.6,D6,0,79.41693115234375
Trh-F-400055,1008024276,0,0.7,D6,0,
Trh-F-300112,922069357,0,0.7,D6,0,17.68863296508789
Trh-F-300112,1008024276,0,0.7,D6,0,
Trh-M-400023,988567837,0,0.6,D6,0,
TH-M-100063,1449247522,0,0.6,D6,0,
VGlut-F-400898,1668944259,0,0.5,D6,0,
Trh-M-400052,1008024276,0,0.6,D6,0,
VGlut-F-800130,1640555311,0,0.5,D6,0,85.79277801513672
Trh-F-400055,953414780,0,0.6,D6,0,70.61631774902344
Trh-F-300112,5813053851,0,0.7,D6,0,37.29549026489258
Trh-M-400131,1008024276,0,0.6,D6,0,
Trh-M-400110,957506896,0,0.6,D6,0,31.842370986938477
fru-F-000094,298603730,0,0.7,D6,0,
Cha-F-000239,1733677514,0,0.0,D6,1,11.925271987915039
TH-F-000036,5813011298,0,0.3,D6,1,10.670974731445312
VGlut-F-400757,5901196806,0,0.6,D6,0,
Cha-F-000239,1037293275,0,0.0,D6,0,
VGlut-F-000177,672283773,0,0.0,D6,1,9.07198715209961
Trh-M-400110,1070426862,0,0.6,D6,0,
VGlut-F-400049,297251714,0,0.0,D6,1,36.0244255065918
VGlut-F-400186,1700644008,0,0.6,D6,0,23.991378784179688
TH-M-300005,1289359184,0,0.6,D6,0,
VGlut-F-500876,5813034455,0,0.6,D6,0,21.184513092041016
TH-F-100050,1289359184,0,0.7,D6,0,
VGlut-F-500876,5901196806,0,0.6,D6,0,
TH-M-000032,5813021602,0,0.7,D6,0,13.487443923950195
TH-F-300062,1666561406,0,0.5,D6,0,10.99626350402832
VGlut-F-400757,1730651751,0,0.6,D6,0,
Trh-F-400055,922069357,0,0.7,D6,0,24.547100067138672
VGlut-F-400898,1700644008,0,0.6,D6,0,22.366954803466797
TH-F-300062,1168915489,0,0.5,D6,0,6.167326927185059
Trh-M-300138,1008024276,0,0.6,D6,0,
Trh-M-400023,957506896,0,0.6,D6,0,21.011207580566406
TH-M-100057,1449247522,0,0.6,D6,0,
VGlut-F-400757,5813034455,0,0.6,D6,0,12.574664115905762
VGlut-F-700541,1700644008,0,0.6,D6,0,33.79426193237305
TH-F-200026,329970706,0,0.0,D6,1,6.191248893737793
VGlut-F-300438,5813019526,0,0.6,D6,0,
Cha-F-000239,1794055377,0,0.7,D6,1,9.831433296203613
VGlut-F-200392,5813027276,0,0.0,D6,0,15.084270477294922
VGlut-F-400186,1730651751,0,0.5,D6,0,
VGlut-F-400186,1888199872,0,0.5,D6,0,30.64441680908203
Cha-F-000239,1316245799,0,0.0,D6,1,9.368042945861816
Trh-M-400131,953414780,0,0.6,D6,0,76.45913696289062
TH-F-200106,1225640135,0,0.7,D6,0,10.648561477661133
TH-F-100036,359931311,0,0.7,D6,0,
VGlut-F-200392,1135441187,0,0.0,D6,0,
Trh-M-300138,953414780,0,0.6,D6,0,84.7215805053711
VGlut-F-700541,5901196806,0,0.6,D6,0,
VGlut-F-400184,1730651751,0,0.6,D6,0,
Trh-M-400023,1051980223,0,0.5,D6,0,
Trh-M-300071,1008024276,0,0.7,D6,0,
VGlut-F-500335,5813034455,0,0.5,D6,0,30.634281158447266
TH-M-200013,1035601661,0,0.6,D6,0,
Trh-M-300138,1070426862,0,0.5,D6,0,
VGlut-F-400898,5901196806,0,0.6,D6,0,
VGlut-F-700541,1668944259,0,0.6,D6,0,
VGlut-F-700541,5813034455,0,0.6,D6,0,34.19344711303711
VGlut-F-100002,1978573010,0,0.6,D6,1,16.465946197509766
VGlut-F-300438,297580589,0,0.0,D6,0,
Trh-M-400052,953414780,0,0.5,D6,0,70.79568481445312
Trh-M-400052,1070426862,0,0.6,D6,0,
Trh-M-400052,922069357,0,0.6,D6,0,19.669784545898438
VGlut-F-600204,5813064410,0,0.0,D6,0,11.694029808044434
Trh-M-400131,1070426862,0,0.6,D6,0,
TH-F-200004,484126552,0,0.0,D6,1,1.5040215253829956
Trh-M-300140,922069357,0,0.6,D6,0,23.56365394592285
Trh-M-300140,1070426862,0,0.6,D6,0,
VGlut-F-400184,1700644008,0,0.6,D6,0,37.80701446533203
VGlut-F-200319,360259229,0,0.0,D6,1,15.131219863891602
fru-F-000094,328611004,0,0.0,D6,1,1.824669599533081
Cha-F-000239,610274029,0,0.0,D6,1,8.152083396911621
VGlut-F-500335,1888199872,0,0.5,D6,0,36.25090789794922
VGlut-F-000158,296543992,0,0.0,D6,0,6.761351108551025
VGlut-F-400184,1888199872,0,0.6,D6,0,43.681495666503906
VGlut-F-400184,5901196806,0,0.6,D6,0,
VGlut-F-500335,5901196806,0,0.5,D6,0,
TH-F-000019,361005850,0,0.4,D6,0,28.34108543395996
VGlut-F-400184,5813034455,0,0.6,D6,0,37.873207092285156
TH-M-000029,361005850,0,0.3,D6,0,27.53814125061035
VGlut-F-500335,1730651751,0,0.6,D6,0,
Cha-F-400237,5813021533,0,0.0,D6,0,28.99378204345703
TH-M-000032,542376096,0,0.0,D6,0,34.30343246459961
Trh-M-400131,988567837,0,0.6,D6,0,
TH-M-200010,548712377,0,0.5,D6,1,16.71172332763672
TH-M-000032,296139882,0,0.0,D6,0,14.65041732788086
TH-F-200026,5813049380,0,0.0,D6,1,14.080153465270996
TH-F-200004,5813021602,0,0.0,D6,0,33.72000503540039
TH-M-300063,329970706,0,0.6,D6,1,5.031584739685059
TH-F-000036,510987433,0,0.3,D6,1,9.997686386108398
TH-M-200095,422751191,0,0.6,D6,0,8.813204765319824
Cha-F-500071,609548390,0,0.6,D6,0,80.14839172363281
TH-M-200010,5813083780,0,0.0,D6,1,18.766971588134766
fru-F-000094,422738252,0,0.0,D6,1,2.3620660305023193
TH-M-000032,361005850,0,0.0,D6,0,22.861953735351562
TH-M-100016,361312808,0,0.0,D6,1,4.3581976890563965
TH-F-100075,5813021602,0,0.4,D6,0,27.59381866455078
VGlut-F-500002,5813021602,0,0.0,D6,0,36.36905288696289
VGlut-F-200036,979627466,0,0.0,D6,0,
VGlut-F-000463,5813024692,0,0.0,D6,0,
TH-M-200095,393766777,0,0.0,D6,0,51.39201354980469
VGlut-F-000158,297917475,0,0.0,D6,0,15.754205703735352
TH-M-200010,5813020996,0,0.0,D6,1,25.760143280029297
Cha-F-400237,701201945,0,0.6,D6,0,16.880949020385742
Gad1-F-600059,359598627,0,0.8,D6,1,1.6538658142089844
TH-F-200064,361312808,0,0.0,D6,1,7.718588829040527
Gad1-F-600059,1110972158,0,0.8,D6,0,
TH-F-200081,361312808,0,0.0,D6,1,5.753568649291992
fru-F-000094,548712377,0,0.0,D6,1,10.503315925598145
Cha-F-000329,454002974,0,0.3,D6,0,
TH-M-300063,5813049380,0,0.0,D6,1,12.926513671875
Cha-F-200299,5812987694,0,0.6,D6,0,68.09624481201172
TH-F-000036,486880919,0,0.3,D6,0,
VGlut-F-000463,610274046,0,0.0,D6,0,
TH-M-200095,548712377,0,0.0,D6,1,19.59375
VGlut-F-100002,5813055298,0,0.0,D6,0,
TH-F-300037,361312808,0,0.0,D6,1,5.337957859039307
VGlut-F-200319,5813068669,0,0.0,D6,1,22.733247756958008
Gad1-F-600059,298595394,0,0.8,D6,0,
TH-M-200010,735941254,0,0.0,D6,0,
VGlut-F-400049,327499164,0,0.0,D6,0,
TH-F-200034,361312808,0,0.0,D6,1,5.08021879196167
TH-M-200095,579575594,0,0.0,D6,0,
TH-M-200049,361312808,0,0.0,D6,1,6.46881103515625
VGlut-F-600204,1005857944,0,0.0,D6,0,30.777620315551758
VGlut-F-200036,5813021583,0,0.0,D6,0,4.6130781173706055
VGlut-F-000463,610274029,0,0.0,D6,1,11.154167175292969
VGlut-F-600204,5813068748,0,0.0,D6,0,25.056686401367188
VGlut-F-400049,330268940,0,0.0,D6,1,4.122600555419922
VGlut-F-200319,421646999,0,0.0,D6,0,
TH-M-200064,361312808,0,0.0,D6,1,2.103102684020996
Gad1-F-600059,455431209,0,0.8,D6,1,3.2861058712005615
VGlut-F-000158,361273559,0,0.0,D6,0,25.887237548828125
Trh-M-300071,957506896,0,0.7,D6,0,22.6110782623291
Trh-M-300071,1070426862,0,0.6,D6,0,
VGlut-F-600204,669325882,0,0.0,D6,0,
TH-F-100075,510987433,0,0.4,D6,1,6.213849067687988
TH-F-200004,510987433,0,0.4,D6,1,8.703035354614258
TH-F-100075,329225149,0,0.0,D6,1,5.8392558097839355
TH-F-000036,326817334,0,0.3,D6,0,
TH-F-100095,361312808,0,0.0,D6,1,1.337790608406067
TH-F-100075,297251714,0,0.0,D6,1,14.6238374710083
VGlut-F-500002,297251714,0,0.0,D6,1,22.943178176879883
Cha-F-000329,579510789,0,0.6,D6,0,
TH-M-300063,331662710,0,0.0,D6,1,4.436766147613525
VGlut-F-500002,296139882,0,0.0,D6,1,33.97238540649414
TH-F-200004,361005850,0,0.0,D6,0,42.272560119628906
VGlut-F-000158,298214577,0,0.0,D6,0,44.68050003051758
TH-M-000045,361312808,0,0.0,D6,1,5.342764377593994
TH-F-200026,331662710,0,0.3,D6,1,5.150617599487305
VGlut-F-300438,358890923,0,0.0,D6,1,4.284457206726074
TH-M-000029,5813055949,0,0.3,D6,0,39.305091857910156
TH-F-000010,359931311,0,0.7,D6,0,
Cha-F-200299,5813059915,0,0.4,D6,0,64.24800872802734
VGlut-F-200036,5813056261,0,0.0,D6,0,24.36603546142578
TH-F-000009,5813021112,0,0.0,D6,0,38.576236724853516
VGlut-F-000016,5813033371,0,0.3,D6,0,18.370189666748047
VGlut-F-200392,950880008,0,0.0,D6,0,10.323576927185059
Trh-M-700039,543692985,0,0.0,D6,0,40.47369384765625
TH-F-200106,5813055913,0,0.0,D6,0,28.9976863861084
TH-F-300062,5813082239,0,0.5,D6,0,16.38612937927246
TH-F-100095,328611004,0,0.0,D6,1,18.978801727294922
VGlut-F-300438,390280026,0,0.0,D6,1,4.366235256195068
Trh-M-300071,5813062858,0,0.6,D6,0,75.67294311523438
TH-M-200013,1107561814,0,0.0,D6,0,21.3317813873291
TH-F-200081,328611004,0,0.0,D6,1,18.18160057067871
Trh-M-300071,953414780,0,0.6,D6,0,60.680419921875
Cha-F-100135,422738252,0,0.0,D6,0,39.5062255859375
TH-M-000029,487143497,0,0.0,D6,0,5.269608497619629
VGlut-F-000111,484359937,0,0.6,D6,1,13.449379920959473
Trh-M-700039,516055524,0,0.0,D6,0,
Cha-F-300267,329646990,0,0.3,D6,1,15.473705291748047
VGlut-F-500002,329225149,0,0.0,D6,1,6.8363261222839355
TH-F-300037,328611004,0,0.0,D6,1,16.44793701171875
Cha-F-100135,424793122,0,0.0,D6,0,
TH-F-200034,328611004,0,0.0,D6,1,16.595766067504883
VGlut-F-100002,5813126031,0,0.0,D6,1,20.17015838623047
VGlut-F-100002,2095549849,0,0.0,D6,1,16.127124786376953
TH-M-300005,579268807,0,0.0,D6,0,15.995948791503906
VGlut-F-000111,5813032849,0,0.7,D6,1,24.4099063873291
TH-M-000008,579268807,0,0.0,D6,0,9.272497177124023
TH-F-200037,422751191,0,0.0,D6,0,22.14503288269043
TH-F-200037,330640044,0,0.0,D6,1,10.786055564880371
VGlut-F-400049,360255138,0,0.0,D6,0,10.37158489227295
TH-F-100095,5813049380,0,0.0,D6,1,14.929710388183594
VGlut-F-000303,5813056909,0,0.0,D6,1,30.814359664916992
TH-F-100083,5813049380,0,0.0,D6,1,15.840801239013672
TH-F-200037,517514142,0,0.0,D6,1,9.468840599060059
VGlut-F-200036,823058891,0,0.0,D6,0,3.4840266704559326
TH-F-100099,328611004,0,0.0,D6,1,16.913742065429688
VGlut-F-000111,671233447,0,0.6,D6,1,12.967015266418457
TH-M-100016,328611004,0,0.0,D6,1,18.162153244018555
VGlut-F-000111,1043705078,0,0.6,D6,0,12.892304420471191
TH-F-300078,576825965,0,0.2,D6,0,
Cha-F-100135,735941254,0,0.3,D6,0,
TH-F-200037,328611004,0,0.0,D6,1,21.08292579650879
VGlut-F-400049,329225149,0,0.0,D6,1,16.108104705810547
TH-M-300063,5813020673,0,0.0,D6,1,6.210503101348877
TH-F-000019,514842241,0,0.0,D6,0,
TH-M-000045,328611004,0,0.0,D6,1,19.314857482910156
Cha-F-100135,5813020996,0,0.0,D6,0,20.392311096191406
VGlut-F-000303,575768294,0,0.0,D6,1,49.786354064941406
Cha-F-000329,609548390,0,0.6,D6,0,86.5506362915039
TH-M-200064,328611004,0,0.0,D6,1,17.22737693786621
TH-F-200081,5813049380,0,0.4,D6,1,13.281179428100586
TH-M-000008,5813055913,0,0.0,D6,0,7.791326999664307
TH-F-200096,5813049380,0,0.0,D6,1,14.25853443145752
TH-M-200013,5813048837,0,0.0,D6,0,57.82579040527344
TH-F-300037,393063351,0,0.0,D6,0,19.3666934967041
TH-F-000019,487143497,0,0.0,D6,0,21.35917854309082
TH-F-200064,328611004,0,0.0,D6,1,19.171539306640625
TH-F-000009,797442049,0,0.0,D6,0,14.28731918334961
VGlut-F-200392,5812987694,0,0.0,D6,0,86.89118957519531
Trh-M-100071,707539688,0,0.0,D6,0,
TH-F-000036,602368546,0,0.0,D6,1,34.255088806152344
VGlut-F-700261,1228265278,0,0.0,D6,0,27.224796295166016
TH-F-200034,393063351,0,0.0,D6,0,19.409645080566406
TH-F-000009,1014344148,0,0.0,D6,0,
Trh-M-200043,2040301572,0,0.0,D6,0,29.983535766601562
TH-F-000009,5813063093,0,0.0,D6,0,
VGlut-F-000303,329897255,0,0.0,D6,0,42.11296081542969
Trh-F-100066,707539688,0,0.0,D6,0,
VGlut-F-100035,5813068707,0,0.5,D6,0,
VGlut-F-100035,488231898,0,0.0,D6,1,6.894435882568359
TH-M-200064,298258399,0,0.0,D6,0,
Trh-F-100001,707539688,0,0.0,D6,0,
VGlut-F-200062,5813021602,0,0.0,D6,0,12.322304725646973
TH-M-200035,543692985,0,0.0,D6,0,29.439960479736328
VGlut-F-200062,487143497,0,0.0,D6,1,13.814475059509277
Trh-F-100001,922069357,0,0.0,D6,0,51.12314224243164
TH-F-200064,5813049380,0,0.4,D6,1,14.165586471557617
Trh-M-100071,614081151,0,0.0,D6,0,51.74472427368164
Cha-F-300267,298258399,0,0.0,D6,0,
VGlut-F-400334,576825965,0,0.0,D6,0,
Trh-M-700039,1043117106,0,0.0,D6,0,12.555057525634766
Trh-M-100071,922069357,0,0.0,D6,0,63.3431282043457
TH-F-200064,5813055800,0,0.0,D6,1,14.47368049621582
Trh-F-100038,704699661,0,0.0,D6,0,
VGlut-F-100035,5813011119,0,0.0,D6,1,42.168724060058594
TH-F-300078,736860990,0,0.0,D6,0,
Trh-F-100066,614081151,0,0.0,D6,0,58.73291015625
TH-F-200096,5813020673,0,0.6,D6,1,3.959826707839966
Trh-M-100025,614081151,0,0.0,D6,0,57.40747833251953
VGlut-F-200062,417221397,0,0.0,D6,0,24.53038215637207
Trh-M-100020,328611004,0,0.0,D6,1,20.85502052307129
TH-F-100095,329970706,0,0.0,D6,1,11.005247116088867
TH-M-300005,423101189,0,0.0,D6,0,
VGlut-F-100035,636789034,0,0.0,D6,0,
Trh-F-100066,5813057861,0,0.0,D6,0,77.61882781982422
TH-F-200096,5813055800,0,0.0,D6,1,12.611270904541016
TH-F-000091,298258399,0,0.0,D6,0,
VGlut-F-000177,1042656011,0,0.0,D6,1,20.832204818725586
Trh-M-100025,705795727,0,0.0,D6,0,
TH-M-200013,1192019859,0,0.0,D6,0,
TH-F-100050,5813041180,0,0.0,D6,0,7.5675554275512695
Trh-M-100037,704699661,0,0.0,D6,0,
Trh-M-700039,456847100,0,0.0,D6,0,57.38271713256836
TH-F-000012,579912201,0,0.0,D6,0,18.02483367919922
Trh-F-100066,5813009620,0,0.0,D6,0,49.56352233886719
Trh-F-100001,614081151,0,0.0,D6,0,64.05470275878906
Trh-M-100025,5813057861,0,0.0,D6,0,77.35975646972656
fru-F-000131,297925608,0,0.0,D6,1,10.193619728088379
Trh-F-000008,704699661,0,0.0,D6,0,
Trh-M-100037,1727979406,0,0.0,D6,0,22.817785263061523
VGlut-F-100125,1135837629,0,0.0,D6,0,18.518640518188477
VGlut-F-400334,736860990,0,0.0,D6,0,
TH-F-200096,387568523,0,0.0,D6,0,
Trh-F-100038,693927941,0,0.0,D6,0,29.066381454467773
Trh-M-100025,5813060787,0,0.0,D6,0,11.655922889709473
VGlut-F-000303,698569644,0,0.0,D6,1,18.331560134887695
Trh-F-100001,642694410,0,0.0,D6,0,31.519927978515625
VGlut-F-100003,704699661,0,0.0,D6,0,
VGlut-F-000177,1479156699,0,0.0,D6,0,14.285421371459961
TH-F-000010,331774819,0,0.0,D6,1,20.699647903442383
TH-F-000010,543821838,0,0.0,D6,1,21.759078979492188
VGlut-F-700261,1352684733,0,0.0,D6,0,40.926727294921875
TH-M-300005,1036637638,0,0.0,D6,0,30.41617202758789
VGlut-F-100125,640194409,0,0.6,D6,0,17.332059860229492
TH-F-100050,1160073701,0,0.0,D6,0,57.372901916503906
Trh-M-700039,329897255,0,0.0,D6,0,38.841712951660156
TH-M-000008,581746661,0,0.0,D6,0,
VGlut-F-400334,5813011660,0,0.0,D6,0,
TH-F-200081,387568523,0,0.0,D6,0,
TH-F-100083,298258399,0,0.0,D6,0,
VGlut-F-200251,424793122,0,0.0,D6,0,
TH-F-300078,447599745,0,0.0,D6,0,21.308570861816406
TH-F-100050,975197713,0,0.0,D6,0,
Cha-F-500071,828455033,0,0.7,D6,1,26.392498016357422
Gad1-F-500004,5813021943,0,0.0,D6,0,17.99055290222168
TH-M-200035,5813021943,0,0.0,D6,0,29.00166130065918
VGlut-F-100003,693927941,0,0.0,D6,0,28.64461326599121
Trh-M-100037,693927941,0,0.0,D6,0,27.212299346923828
TH-F-300078,667266529,0,0.0,D6,0,74.9087142944336
TH-F-100036,331774819,0,0.0,D6,1,17.13881492614746
VGlut-F-000177,515049524,0,0.0,D6,0,
Cha-F-500071,764377593,0,0.3,D6,1,69.52569580078125
Trh-F-000008,1727979406,0,0.0,D6,0,20.905715942382812
Trh-F-000008,693927941,0,0.0,D6,0,25.007017135620117
VGlut-F-700261,5813040277,0,0.0,D6,0,41.702518463134766
Trh-M-100037,5812982656,0,0.0,D6,0,
TH-M-100063,1572390197,0,0.0,D6,1,69.12677764892578
VGlut-F-700261,859839499,0,0.0,D6,0,
VGlut-F-400334,5812980494,0,0.0,D6,0,
VGlut-F-100003,5812982656,0,0.0,D6,0,
TH-M-100057,1572390197,0,0.0,D6,1,70.76351165771484
TH-M-000008,611693656,0,0.0,D6,0,
VGlut-F-000177,1354368623,0,0.0,D6,0,
fru-F-000131,328265389,0,0.0,D6,0,
Trh-F-100038,5812982656,0,0.0,D6,0,
TH-M-100057,5813069496,0,0.0,D6,1,69.30049896240234
Cha-F-300267,328601956,0,0.0,D6,0,
Gad1-F-500004,5813057153,0,0.0,D6,0,17.201066970825195
Trh-F-000008,5812982656,0,0.0,D6,0,
Cha-F-500071,1013346945,0,0.3,D6,1,14.173148155212402
Cha-F-000329,5813078595,0,0.0,D6,0,
Gad1-F-500004,452953198,0,0.0,D6,0,
TH-M-200035,452953198,0,0.0,D6,0,
TH-M-200035,696850811,0,0.0,D6,0,
TH-M-100057,925241334,0,0.0,D6,1,22.25798797607422
TH-M-000008,520617773,0,0.0,D6,0,27.722963333129883
Trh-F-100038,549597974,0,0.0,D6,0,45.85388946533203
TH-F-300037,267551639,0,0.0,D6,0,
TH-M-100057,1048250312,0,0.0,D6,1,21.493953704833984
TH-M-200049,267551639,0,0.0,D6,0,
fru-F-000131,543821838,0,0.0,D6,1,21.680519104003906
TH-F-200034,327937328,0,0.0,D6,0,
fru-F-000131,391496898,0,0.0,D6,1,16.501319885253906
Gad1-F-500004,544046671,0,0.0,D6,0,
TH-F-200034,267551639,0,0.0,D6,0,
TH-M-000045,267551639,0,0.0,D6,0,
fru-F-000131,361704572,0,0.0,D6,1,36.112205505371094
TH-F-200106,727652372,0,0.0,D6,0,82.54863739013672
VGlut-F-100003,549597974,0,0.0,D6,0,46.21255874633789
TH-F-000012,667266529,0,0.0,D6,0,36.433013916015625
VGlut-F-100125,329566174,0,0.0,D6,0,
VGlut-F-200251,514850616,0,0.0,D6,0,40.96205520629883
VGlut-F-000556,915481348,0,0.0,D6,1,7.344648838043213
TH-F-200106,1134107162,0,0.0,D6,0,
VGlut-F-100125,5813020347,0,0.0,D6,0,
TH-F-200106,884916323,0,0.0,D6,0,
VGlut-F-200251,5813011133,0,0.0,D6,0,
VGlut-F-100125,488922181,0,0.0,D6,0,88.99366760253906
TH-M-100063,1443135486,0,0.0,D6,0,37.14308166503906
VGlut-F-000556,978177557,0,0.0,D6,1,10.59011173248291
VGlut-F-000556,945058110,0,0.0,D6,1,12.02839183807373
VGlut-F-000556,944720631,0,0.0,D6,1,11.474077224731445
Cha-F-000329,451982486,0,0.0,D6,1,64.1694564819336
TH-F-000012,573333835,0,0.0,D6,0,52.42778396606445
fru-M-300299,548993536,0,0.0,D6,0,18.208965301513672
TH-M-100063,1449618949,0,0.0,D6,0,
TH-M-000030,1630051981,0,0.0,D6,0,82.60738372802734
TH-M-300063,5812981000,0,0.0,D6,0,
