group,label,test,method,n,rho,p
projection,0,EM 密度,NBLAST,118,-0.2631545339383951,0.003988291752268715
projection,0,EM 密度,CNN,118,-0.22606926802019775,0.013833630341175863
projection,0,EM 密度,CNN_foldrank,118,-0.22931288406568467,0.012495345763035657
projection,0,EM 密度 | EM cable,NBLAST,118,-0.37717878472009575,2.5516537613194384e-05
projection,0,EM 密度 | EM cable,CNN,118,-0.25143031320900283,0.006024898036932333
projection,0,EM 密度 | EM cable,CNN_foldrank,118,-0.2600625448489714,0.004454593796253145
projection,0,EM cable,NBLAST,118,0.27072280646695857,0.0030261003092103764
projection,0,EM cable,CNN,118,0.04307194481506773,0.643281642912507
projection,0,EM cable,CNN_foldrank,118,0.05870833639849418,0.5277189031585003
projection,0,EM cable | EM 密度,NBLAST,118,0.3820829776013478,1.959573388128897e-05
projection,0,EM cable | EM 密度,CNN,118,0.12080415013795581,0.19254831315386797
projection,0,EM cable | EM 密度,CNN_foldrank,118,0.138835401445396,0.13378148042063887
projection,0,EM 密度 | FC 密度,NBLAST,118,-0.04417023719776818,0.6348327300228037
projection,0,EM 密度 | FC 密度,CNN,118,-0.14048363498077396,0.12918260937590084
projection,0,EM 密度 | FC 密度,CNN_foldrank,118,-0.14074917089586525,0.12845319066483424
projection,0,FC 密度 | EM 密度,NBLAST,118,-0.5868890707168415,2.864445140416406e-12
projection,0,FC 密度 | EM 密度,CNN,118,-0.2070004994424372,0.02450724105248745
projection,0,FC 密度 | EM 密度,CNN_foldrank,118,-0.21581239310438208,0.018920359033636626
projection,0,FC cable,NBLAST,118,0.35450481505379394,8.195147766786322e-05
projection,0,FC cable,CNN,118,0.12259127276669135,0.18600159928117402
projection,0,FC cable,CNN_foldrank,118,0.1141999169868987,0.2181898056373034
projection,0,FC 第二 compartment 佔比,NBLAST,112,-0.3577779264129702,0.00010754921371371785
projection,0,FC 第二 compartment 佔比,CNN,112,-0.13104271683030902,0.1684459568121806
projection,0,FC 第二 compartment 佔比,CNN_foldrank,112,-0.1342936381214458,0.15804135015155032
projection,0,FC 第二 compartment | FC cable,NBLAST,112,-0.29184176259939354,0.0017951899137448836
projection,0,FC 第二 compartment | FC cable,CNN,112,-0.1100376959281793,0.248100058045506
projection,0,FC 第二 compartment | FC cable,CNN_foldrank,112,-0.11657793709090719,0.22092098395885876
projection,0,孤兒率 (空間不重疊),NBLAST,118,-0.934873056865248,5.265714584007242e-54
projection,0,孤兒率 (空間不重疊),CNN,118,-0.39043043302924935,1.2380276900901336e-05
projection,0,孤兒率 (空間不重疊),CNN_foldrank,118,-0.42473176630456405,1.6379014184176617e-06
projection,0,孤兒率 | EM 密度,NBLAST,118,-0.932884768693115,2.84426041602361e-53
projection,0,孤兒率 | EM 密度,CNN,118,-0.36081693263989206,5.97421944973388e-05
projection,0,孤兒率 | EM 密度,CNN_foldrank,118,-0.3964072421050601,8.842539821569235e-06
projection,1,EM 密度,NBLAST,98,0.44207536240467377,5.182723312553717e-06
projection,1,EM 密度,CNN,98,0.07678641303747039,0.4523493411915074
projection,1,EM 密度,CNN_foldrank,98,0.10092299878443006,0.3227633285888044
projection,1,EM 密度 | EM cable,NBLAST,98,0.4320172184672005,8.916940828646781e-06
projection,1,EM 密度 | EM cable,CNN,98,0.08176657575746382,0.42347699219604235
projection,1,EM 密度 | EM cable,CNN_foldrank,98,0.10641622290395493,0.2969876164529004
projection,1,EM cable,NBLAST,98,0.12451712811294327,0.2218583197766876
projection,1,EM cable,CNN,98,-0.02862822063141917,0.7796109807962266
projection,1,EM cable,CNN_foldrank,98,-0.030326049410209804,0.766902591487761
projection,1,EM cable | EM 密度,NBLAST,98,0.06889604134363869,0.5002561871575513
projection,1,EM cable | EM 密度,CNN,98,-0.04016499771998165,0.6945631571042685
projection,1,EM cable | EM 密度,CNN_foldrank,98,-0.04548947181802532,0.6564821789798236
projection,1,EM 密度 | FC 密度,NBLAST,98,0.4799857432162143,5.699063963314933e-07
projection,1,EM 密度 | FC 密度,CNN,98,0.1623110473166861,0.11031274771445587
projection,1,EM 密度 | FC 密度,CNN_foldrank,98,0.18438599261391753,0.06913666066482307
projection,1,FC 密度 | EM 密度,NBLAST,98,-0.21468791970134604,0.03376620288276145
projection,1,FC 密度 | EM 密度,CNN,98,-0.19046311060859775,0.06030846044821906
projection,1,FC 密度 | EM 密度,CNN_foldrank,98,-0.19325518728400798,0.0565727735096077
projection,1,FC cable,NBLAST,98,0.0040808388958320715,0.9681887396048537
projection,1,FC cable,CNN,98,-0.07928304817308747,0.43774039453430813
projection,1,FC cable,CNN_foldrank,98,-0.10233413188848624,0.31600879528192943
projection,1,FC 第二 compartment 佔比,NBLAST,98,0.2921880649415763,0.0035071321681289605
projection,1,FC 第二 compartment 佔比,CNN,98,0.3038694662808957,0.002351454961472587
projection,1,FC 第二 compartment 佔比,CNN_foldrank,98,0.30723842377167204,0.0020890406675309315
projection,1,FC 第二 compartment | FC cable,NBLAST,98,0.29235644727409255,0.0034873809906879392
projection,1,FC 第二 compartment | FC cable,CNN,98,0.3031154559356305,0.0024141084317656413
projection,1,FC 第二 compartment | FC cable,CNN_foldrank,98,0.3066218079026909,0.002134997176982089
projection,1,孤兒率 (空間不重疊),NBLAST,98,-0.9196297075531242,9.64451132256961e-41
projection,1,孤兒率 (空間不重疊),CNN,98,-0.4136908746628923,2.294857183997406e-05
projection,1,孤兒率 (空間不重疊),CNN_foldrank,98,-0.43124264743234586,9.290830648876533e-06
projection,1,孤兒率 | EM 密度,NBLAST,98,-0.9034303308615486,4.394579340860621e-37
projection,1,孤兒率 | EM 密度,CNN,98,-0.419224225451697,1.735024546280793e-05
projection,1,孤兒率 | EM 密度,CNN_foldrank,98,-0.428768099908075,1.0586489426995408e-05
dense,0,EM 密度,NBLAST,383,0.6341601692309649,1.7655593228542992e-44
dense,0,EM 密度,CNN,383,-0.09532588667835412,0.062362066233481936
dense,0,EM 密度,CNN_foldrank,383,-0.11648436837456841,0.022610106279345087
dense,0,EM 密度 | EM cable,NBLAST,383,0.5628080493150511,2.215593025987035e-33
dense,0,EM 密度 | EM cable,CNN,383,-0.08207113405193192,0.10879781816657878
dense,0,EM 密度 | EM cable,CNN_foldrank,383,-0.09936528861875903,0.052007463579583475
dense,0,EM cable,NBLAST,383,0.3591680655619526,4.186445982453485e-13
dense,0,EM cable,CNN,383,-0.05028018200111465,0.32639202863384253
dense,0,EM cable,CNN_foldrank,383,-0.06266040135120123,0.22114749240175466
dense,0,EM cable | EM 密度,NBLAST,383,-0.06762260844548079,0.18663914609660828
dense,0,EM cable | EM 密度,CNN,383,0.012695640512940946,0.8044002318478864
dense,0,EM cable | EM 密度,CNN_foldrank,383,0.013966340057969678,0.7852786831527747
dense,0,EM 密度 | FC 密度,NBLAST,383,0.5132424041246093,4.0123713028395405e-27
dense,0,EM 密度 | FC 密度,CNN,383,-0.069994163523849,0.1716213994524651
dense,0,EM 密度 | FC 密度,CNN_foldrank,383,-0.08988472991164759,0.07893709828274419
dense,0,FC 密度 | EM 密度,NBLAST,383,0.2663307099781961,1.2163389759762546e-07
dense,0,FC 密度 | EM 密度,CNN,383,-0.025422338435445592,0.6199092834328146
dense,0,FC 密度 | EM 密度,CNN_foldrank,383,-0.02251194564151168,0.6605288864029726
dense,0,FC cable,NBLAST,383,-0.05630343294937115,0.27170248142286135
dense,0,FC cable,CNN,383,0.05807092549800677,0.2569150967973065
dense,0,FC cable,CNN_foldrank,383,0.06749944018873132,0.18744471791973671
dense,0,FC 第二 compartment 佔比,NBLAST,383,-0.2168890330718302,1.853850862825074e-05
dense,0,FC 第二 compartment 佔比,CNN,383,0.09631600808643098,0.05967861678736396
dense,0,FC 第二 compartment 佔比,CNN_foldrank,383,0.10970468848617418,0.03183886072243583
dense,0,FC 第二 compartment | FC cable,NBLAST,383,-0.21423789072370716,2.355611319579751e-05
dense,0,FC 第二 compartment | FC cable,CNN,383,0.09315875623700244,0.0685831817447781
dense,0,FC 第二 compartment | FC cable,CNN_foldrank,383,0.10608998890772572,0.03795914653662913
dense,0,孤兒率 (空間不重疊),NBLAST,383,-0.9176894721983323,8.162041990269688e-155
dense,0,孤兒率 (空間不重疊),CNN,383,-0.014757918269218212,0.7734310974335366
dense,0,孤兒率 (空間不重疊),CNN_foldrank,383,0.007508652821106316,0.8835511740566478
dense,0,孤兒率 | EM 密度,NBLAST,383,-0.8598939214524906,2.5935858033622385e-113
dense,0,孤兒率 | EM 密度,CNN,383,-0.10229164756002104,0.04543614428080957
dense,0,孤兒率 | EM 密度,CNN_foldrank,383,-0.09129941163839889,0.07431755688284565
dense,1,EM 密度,NBLAST,299,0.38424410291171396,5.886122730356278e-12
dense,1,EM 密度,CNN,299,-0.23655088409052993,3.596106622892079e-05
dense,1,EM 密度,CNN_foldrank,299,-0.2308771811510596,5.575364475309978e-05
dense,1,EM 密度 | EM cable,NBLAST,299,0.2547727459149276,8.165144816894872e-06
dense,1,EM 密度 | EM cable,CNN,299,-0.12669734426853324,0.02849090955527711
dense,1,EM 密度 | EM cable,CNN_foldrank,299,-0.13865531264993602,0.016434014733508306
dense,1,EM cable,NBLAST,299,0.345678015138508,8.113532798368332e-10
dense,1,EM cable,CNN,299,-0.25306817519838937,9.425566715098388e-06
dense,1,EM cable,CNN_foldrank,299,-0.22150711775335594,0.00011234368705255555
dense,1,EM cable | EM 密度,NBLAST,299,0.18446272077941117,0.001356100472140484
dense,1,EM cable | EM 密度,CNN,299,-0.15646481191172854,0.006709816462792546
dense,1,EM cable | EM 密度,CNN_foldrank,299,-0.12179423683251825,0.035287781296776274
dense,1,EM 密度 | FC 密度,NBLAST,299,0.2056432670685185,0.0003444628177329226
dense,1,EM 密度 | FC 密度,CNN,299,-0.13147940834288396,0.022975109486530986
dense,1,EM 密度 | FC 密度,CNN_foldrank,299,-0.12853991946946852,0.026244075303989124
dense,1,FC 密度 | EM 密度,NBLAST,299,0.02945104259011102,0.6119912903671527
dense,1,FC 密度 | EM 密度,CNN,299,-0.0054166695393435245,0.9256880054862701
dense,1,FC 密度 | EM 密度,CNN_foldrank,299,-0.004858996773375332,0.9333200257347282
dense,1,FC cable,NBLAST,299,0.283777525167994,6.057903235947932e-07
dense,1,FC cable,CNN,299,-0.273298732057033,1.605556515369245e-06
dense,1,FC cable,CNN_foldrank,299,-0.25869662351024664,5.84481830887953e-06
dense,1,FC 第二 compartment 佔比,NBLAST,299,-0.09499447980172836,0.10112225153347348
dense,1,FC 第二 compartment 佔比,CNN,299,0.17693109935342488,0.0021343397364481766
dense,1,FC 第二 compartment 佔比,CNN_foldrank,299,0.17904573218626701,0.0018824586551192586
dense,1,FC 第二 compartment | FC cable,NBLAST,299,-0.03787705472805396,0.5141133130699237
dense,1,FC 第二 compartment | FC cable,CNN,299,0.127207237192896,0.02785322709703074
dense,1,FC 第二 compartment | FC cable,CNN_foldrank,299,0.1321560229778176,0.022274546739081556
dense,1,孤兒率 (空間不重疊),NBLAST,299,-0.907492495114677,6.808534431004117e-114
dense,1,孤兒率 (空間不重疊),CNN,299,-0.09846854098384462,0.08919090687922322
dense,1,孤兒率 (空間不重疊),CNN_foldrank,299,-0.13305948910791365,0.021367967803102697
dense,1,孤兒率 | EM 密度,NBLAST,299,-0.8940852333512037,1.2981483872610555e-105
dense,1,孤兒率 | EM 密度,CNN,299,-0.19814191270739046,0.00056880001886427
dense,1,孤兒率 | EM 密度,CNN_foldrank,299,-0.23361358213897812,4.518687792980705e-05
