fc_id,em_id,group
5HT1A-F-200016,1191315642,dense
Cha-F-400298,1167304403,dense
Cha-F-400298,1261000309,dense
Gad1-F-700172,5813039309,dense
TH-F-100083,331662710,dense
TH-F-200037,331662710,dense
TH-F-200096,331662710,dense
TH-F-200106,5813041180,dense
TH-M-000008,1131827390,dense
TH-M-000021,604289581,dense
TH-M-000021,550404663,dense
TH-M-000032,859265651,dense
TH-M-000032,5813027592,dense
TH-M-200035,294436967,dense
TH-M-200035,452971138,dense
TH-M-300017,5813054384,dense
TH-M-300017,947573616,dense
Trh-F-000008,1671638278,dense
Trh-F-100052,361312808,dense
Trh-M-100024,329289084,dense
Trh-M-700039,5813021583,dense
Trh-M-700039,981000564,dense
VGlut-F-200143,328870472,dense
VGlut-F-200143,298612190,dense
VGlut-F-200251,548712377,dense
VGlut-F-200251,5813020996,dense
VGlut-F-200319,424716408,dense
VGlut-F-200392,857793013,dense
VGlut-F-400186,1762359683,dense
VGlut-F-400186,1916800213,dense
VGlut-F-700541,1762359683,dense
VGlut-F-700541,1888199872,dense
Cha-F-000088,1640887603,dense
Cha-F-000088,5813047691,dense
Cha-F-000239,1640572741,dense
Cha-F-000239,5813054726,dense
Cha-F-000329,640539567,dense
Cha-F-000329,1043705078,dense
Cha-F-000427,573670049,dense
Cha-F-000427,573333284,dense
Cha-F-000461,487144598,dense
Cha-F-100135,393063351,dense
Cha-F-200299,5813027276,dense
Cha-F-200299,1321564092,dense
Cha-F-300267,328611004,dense
Cha-F-300344,5812978978,dense
Cha-F-300344,5813053836,dense
Cha-F-300344,859507274,dense
Cha-F-400237,5813098368,dense
Cha-F-400237,5813027276,dense
Cha-F-500071,1105169664,dense
Cha-F-500071,1012954687,dense
Cha-F-500310,5813009312,dense
Cha-F-700236,360259229,dense
Cha-F-800090,296139882,dense
Cha-F-800090,297251714,dense
E0585-F-600004,5813010510,dense
GH146-M-000001,610274029,dense
Gad1-F-000245,953414780,dense
Gad1-F-000694,5813033371,dense
Gad1-F-000694,1480525278,dense
Gad1-F-000703,424716408,dense
Gad1-F-000703,5813068669,dense
Gad1-F-100171,1224595608,dense
Gad1-F-100784,832016427,dense
Gad1-F-200186,1916800213,dense
Gad1-F-200186,1762359683,dense
Gad1-F-200219,5901197108,dense
Gad1-F-200247,543692985,dense
Gad1-F-200719,5813039309,dense
Gad1-F-200719,1640555311,dense
Gad1-F-400220,550638250,dense
Gad1-F-500004,294436967,dense
Gad1-F-500321,574377562,dense
Gad1-F-500457,1261423370,dense
Gad1-F-600059,328546871,dense
Gad1-F-600604,1793403571,dense
Gad1-F-700193,634379734,dense
Gad1-F-700607,977338882,dense
Gad1-F-700607,915610561,dense
Gad1-F-700607,1008378609,dense
Gad1-F-800371,5813082723,dense
Gad1-F-900395,5813049380,dense
TH-F-000009,5813054384,dense
TH-F-000009,1378251040,dense
TH-F-000010,5812980529,dense
TH-F-000010,360591860,dense
TH-F-000010,5901203505,dense
TH-F-000012,487144598,dense
TH-F-000019,859265651,dense
TH-F-000019,5813027592,dense
TH-F-000036,859265651,dense
TH-F-000046,604289581,dense
TH-F-000046,550404663,dense
TH-F-000079,1378251040,dense
TH-F-000091,331662710,dense
TH-F-100005,1378251040,dense
TH-F-100005,5813054384,dense
TH-F-100036,360591860,dense
TH-F-100036,5901203505,dense
TH-F-100050,1131827390,dense
TH-F-100075,859265651,dense
TH-F-100095,331662710,dense
TH-F-100099,331662710,dense
TH-F-200004,859265651,dense
TH-F-200004,5813011298,dense
TH-F-200010,331662710,dense
TH-F-200026,5813009595,dense
TH-F-200034,331662710,dense
TH-F-200064,331662710,dense
TH-F-200081,331662710,dense
TH-F-200085,1131827390,dense
TH-F-300037,331662710,dense
TH-F-300046,1131827390,dense
TH-F-300062,5813060068,dense
TH-F-300078,5813071348,dense
TH-F-700015,1224941044,dense
TH-M-000029,859265651,dense
TH-M-000029,510049477,dense
TH-M-000030,792692885,dense
TH-M-000045,331662710,dense
TH-M-100016,331662710,dense
TH-M-100027,947573616,dense
TH-M-100027,5813054384,dense
TH-M-100057,1198330286,dense
TH-M-100063,1198330286,dense
TH-M-200010,422738252,dense
TH-M-200013,5813062871,dense
TH-M-200034,5813054384,dense
TH-M-200034,947573616,dense
TH-M-200049,331662710,dense
TH-M-200064,331662710,dense
TH-M-200095,422738252,dense
TH-M-300005,1131827390,dense
TH-M-300063,5813009595,dense
Trh-F-100001,1225290633,dense
Trh-F-100038,1671638278,dense
Trh-F-100066,5813062858,dense
Trh-F-300112,957506896,dense
Trh-F-400055,957506896,dense
Trh-M-000172,1671638278,dense
Trh-M-100020,361312808,dense
Trh-M-100025,1225290633,dense
Trh-M-100025,5813062858,dense
Trh-M-100037,1671638278,dense
Trh-M-100060,297230760,dense
Trh-M-100060,361312808,dense
Trh-M-100071,673746277,dense
Trh-M-100071,1225290633,dense
Trh-M-200043,5813054716,dense
Trh-M-300071,977339122,dense
Trh-M-300138,922069357,dense
Trh-M-300138,832016427,dense
Trh-M-300138,957506896,dense
Trh-M-300140,5813053851,dense
Trh-M-300140,957506896,dense
Trh-M-400023,5813053851,dense
Trh-M-400052,957506896,dense
Trh-M-400052,5813053851,dense
Trh-M-400110,5813053851,dense
Trh-M-400110,5813065004,dense
Trh-M-400131,832016427,dense
Trh-M-500163,922354084,dense
Trh-M-500163,829598814,dense
VGlut-F-000016,5813027276,dense
VGlut-F-000016,950880008,dense
VGlut-F-000111,5812987694,dense
VGlut-F-000111,5813021583,dense
VGlut-F-000158,298254384,dense
VGlut-F-000158,5813020785,dense
VGlut-F-000177,5813056321,dense
VGlut-F-000303,5813011119,dense
VGlut-F-000463,1733677514,dense
VGlut-F-000556,885168486,dense
VGlut-F-100002,914778159,dense
VGlut-F-100003,1671638278,dense
VGlut-F-100035,575768294,dense
VGlut-F-100125,1107081827,dense
VGlut-F-200036,797442049,dense
VGlut-F-200036,5813059915,dense
VGlut-F-200062,297251714,dense
VGlut-F-200062,296139882,dense
VGlut-F-200459,5813011119,dense
VGlut-F-300438,329566197,dense
VGlut-F-400049,297917475,dense
VGlut-F-400184,1762359683,dense
VGlut-F-400184,1667251683,dense
VGlut-F-400334,447599745,dense
VGlut-F-400757,5813039309,dense
VGlut-F-400757,1670597533,dense
VGlut-F-400898,1762359683,dense
VGlut-F-400898,1916800213,dense
VGlut-F-500002,5813011298,dense
VGlut-F-500335,1762359683,dense
VGlut-F-500335,5813039309,dense
VGlut-F-500876,1640555311,dense
VGlut-F-500876,1639886198,dense
VGlut-F-600204,5813061218,dense
VGlut-F-700261,5813047489,dense
VGlut-F-700261,5813057579,dense
VGlut-F-800130,1671620613,dense
VGlut-F-800130,1762359683,dense
fru-F-000094,422751191,dense
fru-F-000131,360591860,dense
fru-F-000131,298258611,dense
fru-F-000131,5812980529,dense
fru-M-000335,673776769,dense
fru-M-000339,329289084,dense
fru-M-000339,452029745,dense
fru-M-300299,579268807,dense
npf-M-300037,5813069630,dense
Cha-F-000088,1670597533,dense
Cha-F-000239,1672320134,dense
Cha-F-000239,5813069085,dense
Cha-F-000239,1704347707,dense
Cha-F-200299,950880008,dense
Cha-F-200299,5813023322,dense
Cha-F-200299,5813098368,dense
Cha-F-300344,5813047970,dense
Cha-F-300344,951916894,dense
Cha-F-400237,1321564092,dense
Cha-F-400237,950880008,dense
Cha-F-400237,951234513,dense
Cha-F-800090,361312808,dense
Cha-F-800090,487144598,dense
Cha-F-800090,329897255,dense
Gad1-F-000694,5813070613,dense
Gad1-F-000694,5813057853,dense
Gad1-F-000694,1383016399,dense
Gad1-F-000703,421641859,dense
Gad1-F-000703,360259229,dense
Gad1-F-200186,1702306037,dense
Gad1-F-200186,5813039309,dense
Gad1-F-200186,5813034455,dense
TH-F-000009,1406911688,dense
TH-F-000010,298258611,dense
TH-F-000019,675767414,dense
TH-F-000019,510049477,dense
TH-M-000029,675767414,dense
TH-M-000032,675767414,dense
TH-M-000032,611629428,dense
TH-M-100027,5813057579,dense
TH-M-100027,797442049,dense
TH-M-100027,5813021583,dense
TH-M-200034,5813021112,dense
TH-M-200034,1406911688,dense
TH-M-200034,797442049,dense
TH-M-200035,387870860,dense
TH-M-300017,5813021112,dense
TH-M-300017,1406911688,dense
Trh-M-100025,673746277,dense
Trh-M-100060,297251714,dense
Trh-M-100071,5813062858,dense
Trh-M-500163,5813033196,dense
Trh-M-700039,797442049,dense
VGlut-F-000016,5813098368,dense
VGlut-F-000016,1321564092,dense
VGlut-F-000016,857793013,dense
VGlut-F-000111,5813057579,dense
VGlut-F-000158,328870472,dense
VGlut-F-000158,298612190,dense
VGlut-F-000158,5813078542,dense
VGlut-F-200036,947573616,dense
VGlut-F-200062,329225149,dense
VGlut-F-200062,361312808,dense
VGlut-F-200062,329897255,dense
VGlut-F-200143,298254384,dense
VGlut-F-200143,5813020785,dense
VGlut-F-400184,1704347707,dense
VGlut-F-400186,5813034455,dense
VGlut-F-400757,1640555311,dense
VGlut-F-400757,1888199872,dense
VGlut-F-400757,1762359683,dense
VGlut-F-400898,1702306037,dense
VGlut-F-400898,5813034455,dense
VGlut-F-500876,5813039309,dense
VGlut-F-700261,5813021112,dense
VGlut-F-700541,5813039309,dense
VGlut-F-700541,1702306037,dense
VGlut-F-800130,1640887603,dense
VGlut-F-800130,1578826464,dense
VGlut-F-800130,1640922754,dense
Cha-F-000088,1640909284,dense
Cha-F-400237,1135441187,dense
Trh-M-200043,1671620613,dense
Trh-F-100001,5813062858,dense
Cha-F-000088,1699974843,dense
Cha-F-000088,1704347707,dense
VGlut-F-400757,1640922516,dense
VGlut-F-200392,792326206,dense
Cha-F-000088,5813055277,dense
Cha-F-000088,5813056598,dense
Cha-F-200299,1135441187,dense
VGlut-F-500876,1640922516,dense
VGlut-F-400898,1640922516,dense
VGlut-F-500876,1667251683,dense
Trh-M-100024,5813049824,dense
Trh-M-500163,862671913,dense
VGlut-F-400186,1640922516,dense
VGlut-F-500335,1640922516,dense
Trh-M-100024,5813020684,dense
VGlut-F-700541,1640922516,dense
TH-F-200026,330640044,dense
Trh-M-300140,1008024276,dense
Trh-M-400023,953414780,dense
Trh-M-100024,5813055834,dense
VGlut-F-500876,1669924220,dense
Trh-M-100024,946308203,dense
TH-F-000012,328533761,dense
TH-F-100036,5812980529,dense
Trh-M-500163,953410147,dense
Trh-M-500163,768555687,dense
VGlut-F-800130,1671257931,dense
VGlut-F-200319,5813055865,dense
TH-M-000029,5813021602,dense
VGlut-F-800130,2135408892,dense
VGlut-F-800130,5813132949,dense
Trh-M-400110,953414780,dense
Trh-M-500163,672006007,dense
TH-F-000019,5813021602,dense
Trh-F-400055,1070426862,dense
TH-F-300062,1262360335,dense
Trh-M-500163,891663788,dense
VGlut-F-000463,1037293275,dense
Trh-M-400110,1008024276,dense
Trh-F-300112,953414780,dense
Trh-F-400055,1008024276,dense
Trh-F-300112,922069357,dense
Trh-F-300112,1008024276,dense
Trh-M-400023,988567837,dense
TH-M-100063,1449247522,dense
VGlut-F-400898,1668944259,dense
Trh-M-400052,1008024276,dense
VGlut-F-800130,1640555311,dense
Trh-F-400055,953414780,dense
Trh-F-300112,5813053851,dense
Trh-M-400131,1008024276,dense
Trh-M-400110,957506896,dense
fru-F-000094,298603730,dense
Cha-F-000239,1733677514,dense
TH-F-000036,5813011298,dense
VGlut-F-400757,5901196806,dense
TH-M-000030,328533761,dense
Cha-F-000239,1037293275,dense
VGlut-F-000177,672283773,dense
Trh-M-400110,1070426862,dense
VGlut-F-400049,297251714,dense
VGlut-F-400186,1700644008,dense
TH-M-300005,1289359184,dense
VGlut-F-500876,5813034455,dense
TH-F-100050,1289359184,dense
VGlut-F-500876,5901196806,dense
TH-M-000032,5813021602,dense
TH-F-300062,1666561406,dense
VGlut-F-400757,1730651751,dense
Trh-F-400055,922069357,dense
VGlut-F-400898,1700644008,dense
TH-F-300062,1168915489,dense
Trh-M-300138,1008024276,dense
Trh-M-400023,957506896,dense
TH-M-100057,1449247522,dense
VGlut-F-400757,5813034455,dense
VGlut-F-700541,1700644008,dense
TH-F-200026,329970706,dense
TH-F-100075,5813011298,dense
VGlut-F-300438,5813019526,dense
Trh-M-400131,957506896,dense
Cha-F-000239,1794055377,dense
VGlut-F-200392,5813027276,dense
VGlut-F-400186,1730651751,dense
VGlut-F-400186,1888199872,dense
Cha-F-000239,1316245799,dense
Trh-M-400131,953414780,dense
TH-F-200106,1225640135,dense
TH-F-100036,359931311,dense
VGlut-F-200392,1135441187,dense
Trh-M-300138,953414780,dense
VGlut-F-700541,5901196806,dense
VGlut-F-400184,1730651751,dense
Trh-M-400023,1051980223,dense
Trh-M-300071,1008024276,dense
VGlut-F-500335,5813034455,dense
TH-M-200013,1035601661,dense
Trh-M-300138,1070426862,dense
VGlut-F-400898,5901196806,dense
VGlut-F-700541,1668944259,dense
VGlut-F-700541,5813034455,dense
VGlut-F-100002,1978573010,dense
VGlut-F-300438,297580589,dense
Trh-M-400052,953414780,dense
Trh-M-400052,1070426862,dense
Trh-M-400052,922069357,dense
VGlut-F-600204,5813064410,dense
Trh-M-400131,1070426862,dense
TH-F-200004,484126552,dense
Trh-M-300140,922069357,dense
Trh-M-300140,1070426862,dense
VGlut-F-400184,1700644008,dense
VGlut-F-200319,360259229,dense
fru-F-000094,328611004,dense
Cha-F-000239,610274029,dense
VGlut-F-500335,1888199872,dense
VGlut-F-000158,296543992,dense
VGlut-F-400184,1888199872,dense
VGlut-F-400184,5901196806,dense
VGlut-F-500335,5901196806,dense
TH-F-000019,361005850,dense
VGlut-F-400184,5813034455,dense
TH-M-000029,361005850,dense
VGlut-F-500335,1730651751,dense
Cha-F-400237,5813021533,dense
TH-M-000032,542376096,dense
Trh-M-400131,988567837,dense
TH-M-200010,548712377,dense
TH-M-000032,296139882,dense
TH-F-200026,5813049380,dense
TH-F-200004,5813021602,dense
TH-M-300063,329970706,dense
TH-F-000036,510987433,dense
TH-M-200095,422751191,dense
Cha-F-500071,609548390,dense
TH-M-200010,5813083780,dense
fru-F-000094,422738252,dense
TH-M-000032,361005850,dense
TH-M-100016,361312808,dense
TH-F-100075,5813021602,dense
VGlut-F-500002,5813021602,dense
VGlut-F-200036,979627466,dense
VGlut-F-000463,5813024692,dense
TH-M-200095,393766777,dense
VGlut-F-000158,297917475,dense
TH-M-200010,5813020996,dense
Cha-F-400237,701201945,dense
Gad1-F-600059,359598627,dense
TH-F-200064,361312808,dense
Gad1-F-600059,1110972158,dense
TH-F-200081,361312808,dense
fru-F-000094,548712377,dense
Cha-F-000329,454002974,dense
TH-M-300063,5813049380,dense
Cha-F-200299,5812987694,dense
TH-F-000036,486880919,dense
VGlut-F-000463,610274046,dense
TH-M-200095,548712377,dense
VGlut-F-100002,5813055298,dense
TH-F-300037,361312808,dense
VGlut-F-200319,5813068669,dense
Gad1-F-600059,298595394,dense
TH-M-200010,735941254,dense
VGlut-F-400049,327499164,dense
TH-F-200034,361312808,dense
TH-M-200095,579575594,dense
TH-M-200049,361312808,dense
VGlut-F-600204,1005857944,dense
VGlut-F-200036,5813021583,dense
VGlut-F-000463,610274029,dense
VGlut-F-600204,5813068748,dense
VGlut-F-400049,330268940,dense
VGlut-F-200319,421646999,dense
TH-M-200064,361312808,dense
Gad1-F-600059,455431209,dense
VGlut-F-000158,361273559,dense
Trh-M-300071,957506896,dense
Trh-M-300071,1070426862,dense
VGlut-F-600204,669325882,dense
TH-F-100075,510987433,dense
TH-F-200004,510987433,dense
TH-F-100075,329225149,dense
TH-F-000036,326817334,dense
TH-F-100095,361312808,dense
TH-F-100075,297251714,dense
VGlut-F-500002,297251714,dense
Cha-F-000329,579510789,dense
TH-M-300063,331662710,dense
VGlut-F-500002,296139882,dense
TH-F-200004,361005850,dense
VGlut-F-000158,298214577,dense
TH-M-000045,361312808,dense
TH-F-200026,331662710,dense
VGlut-F-300438,358890923,dense
TH-M-000029,5813055949,dense
TH-F-000010,359931311,dense
Cha-F-200299,5813059915,dense
VGlut-F-200036,5813056261,dense
TH-F-000009,5813021112,dense
VGlut-F-000016,5813033371,dense
VGlut-F-200392,950880008,dense
Trh-M-700039,543692985,dense
TH-F-200106,5813055913,dense
TH-F-300062,5813082239,dense
TH-F-100095,328611004,dense
VGlut-F-300438,390280026,dense
Trh-M-300071,5813062858,dense
TH-M-200013,1107561814,dense
TH-F-200081,328611004,dense
Trh-M-300071,953414780,dense
Cha-F-100135,422738252,dense
TH-M-000029,487143497,dense
VGlut-F-000111,484359937,dense
Trh-M-700039,516055524,dense
Cha-F-300267,329646990,dense
VGlut-F-500002,329225149,dense
TH-F-300037,328611004,dense
Cha-F-100135,424793122,dense
TH-F-200034,328611004,dense
VGlut-F-100002,5813126031,dense
VGlut-F-100002,2095549849,dense
TH-M-300005,579268807,dense
VGlut-F-000111,5813032849,dense
TH-M-000008,579268807,dense
TH-F-200037,422751191,dense
TH-F-200037,330640044,dense
VGlut-F-400049,360255138,dense
TH-F-100095,5813049380,dense
VGlut-F-000303,5813056909,dense
TH-F-100083,5813049380,dense
TH-F-200037,517514142,dense
VGlut-F-200036,823058891,dense
TH-F-100099,328611004,dense
VGlut-F-000111,671233447,dense
TH-M-100016,328611004,dense
VGlut-F-000111,1043705078,dense
TH-F-300078,576825965,dense
Cha-F-100135,735941254,dense
TH-F-200037,328611004,dense
VGlut-F-400049,329225149,dense
TH-M-300063,5813020673,dense
TH-F-000019,514842241,dense
TH-M-000045,328611004,dense
Cha-F-100135,5813020996,dense
VGlut-F-000303,575768294,dense
Cha-F-000329,609548390,dense
TH-M-200064,328611004,dense
TH-F-200081,5813049380,dense
TH-M-000008,5813055913,dense
TH-F-200096,5813049380,dense
TH-M-200013,5813048837,dense
TH-F-300037,393063351,dense
TH-F-000019,487143497,dense
TH-F-200064,328611004,dense
TH-F-000009,797442049,dense
VGlut-F-200392,5812987694,dense
Trh-M-100071,707539688,dense
TH-F-000036,602368546,dense
VGlut-F-700261,1228265278,dense
TH-F-200034,393063351,dense
TH-F-000009,1014344148,dense
Trh-M-200043,2040301572,dense
TH-F-000009,5813063093,dense
VGlut-F-000303,329897255,dense
Trh-F-100066,707539688,dense
VGlut-F-100035,5813068707,dense
VGlut-F-100035,488231898,dense
TH-M-200064,298258399,dense
TH-F-100083,329970706,dense
Trh-F-100001,707539688,dense
VGlut-F-200062,5813021602,dense
TH-M-200035,543692985,dense
VGlut-F-200062,487143497,dense
Trh-F-100001,922069357,dense
TH-F-200064,5813049380,dense
Trh-M-100071,614081151,dense
Cha-F-300267,298258399,dense
VGlut-F-400334,576825965,dense
Trh-M-700039,1043117106,dense
Trh-M-100071,922069357,dense
TH-F-200064,5813055800,dense
Trh-F-100038,704699661,dense
VGlut-F-100035,5813011119,dense
TH-F-300078,736860990,dense
Trh-F-100066,614081151,dense
TH-F-200096,5813020673,dense
Trh-M-100025,614081151,dense
VGlut-F-200062,417221397,dense
Trh-M-100020,328611004,dense
TH-F-100095,329970706,dense
TH-M-300005,423101189,dense
VGlut-F-100035,636789034,dense
Trh-F-100066,5813057861,dense
TH-F-200096,5813055800,dense
TH-F-000091,298258399,dense
VGlut-F-000177,1042656011,dense
Trh-M-100025,705795727,dense
TH-M-200013,1192019859,dense
TH-F-100050,5813041180,dense
Trh-M-100037,704699661,dense
Trh-M-700039,456847100,dense
TH-F-000012,579912201,dense
Trh-F-100066,5813009620,dense
Trh-F-100001,614081151,dense
Trh-M-100025,5813057861,dense
fru-F-000131,297925608,dense
Trh-F-000008,704699661,dense
Trh-M-100037,1727979406,dense
VGlut-F-100125,1135837629,dense
VGlut-F-400334,736860990,dense
TH-F-200096,387568523,dense
Trh-F-100038,693927941,dense
Trh-M-100025,5813060787,dense
VGlut-F-000303,698569644,dense
Trh-F-100001,642694410,dense
VGlut-F-100003,704699661,dense
VGlut-F-000177,1479156699,dense
TH-F-000010,331774819,dense
TH-F-000010,543821838,dense
VGlut-F-700261,1352684733,dense
TH-M-300005,1036637638,dense
VGlut-F-100125,640194409,dense
TH-F-100050,1160073701,dense
Trh-M-700039,329897255,dense
TH-M-000008,581746661,dense
VGlut-F-400334,5813011660,dense
TH-F-200081,387568523,dense
TH-F-100083,298258399,dense
VGlut-F-200251,424793122,dense
TH-F-300078,447599745,dense
TH-F-100050,975197713,dense
Cha-F-500071,828455033,dense
Gad1-F-500004,5813021943,dense
TH-M-200035,5813021943,dense
VGlut-F-100003,693927941,dense
Trh-M-100037,693927941,dense
TH-F-300078,667266529,dense
TH-F-100036,331774819,dense
VGlut-F-000177,515049524,dense
Cha-F-500071,764377593,dense
Trh-F-000008,1727979406,dense
Trh-F-000008,693927941,dense
VGlut-F-700261,5813040277,dense
Trh-M-100037,5812982656,dense
TH-M-100063,1572390197,dense
VGlut-F-700261,859839499,dense
VGlut-F-400334,5812980494,dense
VGlut-F-100003,5812982656,dense
TH-M-100057,1572390197,dense
TH-M-000008,611693656,dense
VGlut-F-000177,1354368623,dense
fru-F-000131,328265389,dense
Trh-F-100038,5812982656,dense
TH-M-100057,5813069496,dense
Cha-F-300267,328601956,dense
Gad1-F-500004,5813057153,dense
Trh-F-000008,5812982656,dense
Cha-F-500071,1013346945,dense
Cha-F-000329,5813078595,dense
Gad1-F-500004,452953198,dense
TH-M-200035,452953198,dense
TH-M-200035,696850811,dense
TH-M-100057,925241334,dense
TH-M-000008,520617773,dense
Trh-F-100038,549597974,dense
TH-F-300037,267551639,dense
TH-M-100057,1048250312,dense
TH-M-200049,267551639,dense
fru-F-000131,543821838,dense
TH-F-200034,327937328,dense
fru-F-000131,391496898,dense
Gad1-F-500004,544046671,dense
TH-F-200034,267551639,dense
TH-M-000045,267551639,dense
fru-F-000131,361704572,dense
TH-F-200106,727652372,dense
VGlut-F-100003,549597974,dense
TH-F-000012,667266529,dense
VGlut-F-100125,329566174,dense
VGlut-F-200251,514850616,dense
VGlut-F-000556,915481348,dense
TH-F-200106,1134107162,dense
VGlut-F-100125,5813020347,dense
TH-F-200106,884916323,dense
VGlut-F-200251,5813011133,dense
VGlut-F-100125,488922181,dense
TH-M-100063,1443135486,dense
VGlut-F-000556,978177557,dense
VGlut-F-000556,945058110,dense
VGlut-F-000556,944720631,dense
Cha-F-000329,451982486,dense
TH-F-000012,573333835,dense
fru-M-300299,548993536,dense
TH-M-100063,1449618949,dense
TH-M-000030,1630051981,dense
TH-M-300063,5812981000,dense
Cha-F-000009,1048215779,projection
Cha-F-000009,1078693835,projection
Cha-F-400112,1224258912,projection
Cha-F-400112,5813022925,projection
Cha-F-400201,1639886198,projection
Cha-F-400201,1640555311,projection
Cha-F-800086,579916831,projection
Cha-F-800086,5812981543,projection
E0585-F-200015,457175171,projection
E0585-F-200015,518899665,projection
E0585-F-300042,457175171,projection
E0585-F-300042,642664141,projection
fru-F-200052,1228683492,projection
fru-F-200052,456156825,projection
fru-F-400010,862705904,projection
fru-F-400010,1173745330,projection
fru-F-400071,1205090786,projection
fru-F-400071,1173745330,projection
fru-F-400141,862705904,projection
fru-F-400141,1142356576,projection
fru-F-400196,1100792636,projection
fru-F-400196,1141324564,projection
fru-F-400214,983759126,projection
fru-F-400214,1173045815,projection
fru-F-400229,5813087817,projection
fru-F-400229,1700644008,projection
fru-F-400338,1141678665,projection
fru-F-400338,1205090786,projection
fru-F-400437,1173745330,projection
fru-F-400437,1141678665,projection
fru-F-400475,5901203987,projection
fru-F-400475,519591210,projection
fru-F-500083,1261130127,projection
fru-F-500083,1261129711,projection
fru-F-500115,1206114100,projection
fru-F-500115,1173745330,projection
fru-F-500297,1051630846,projection
fru-F-500297,948035783,projection
fru-F-500435,1142011140,projection
fru-F-500435,1510648834,projection
fru-F-500584,862705904,projection
fru-F-500584,1205090786,projection
fru-F-600168,1101133698,projection
fru-F-600168,977343309,projection
fru-F-600186,609587511,projection
fru-F-600186,550280614,projection
fru-F-700104,1142365351,projection
fru-F-700104,1173745330,projection
fru-F-700114,1224945418,projection
fru-F-700114,1224258912,projection
fru-F-700163,1142356576,projection
fru-F-700163,862705904,projection
fru-F-700245,1204175835,projection
fru-F-700245,1100792636,projection
fru-F-700257,1141337605,projection
fru-F-700257,1224258912,projection
fru-M-400031,1290416713,projection
fru-M-400031,1198006801,projection
fru-M-400362,955464899,projection
fru-M-400362,1469403612,projection
fru-M-400401,955464899,projection
fru-M-400401,829261936,projection
fru-M-500174,266187383,projection
fru-M-500174,977343309,projection
fru-M-500374,737832306,projection
fru-M-500374,1224258912,projection
fru-M-500377,1100792636,projection
fru-M-500377,5813057274,projection
fru-M-500383,5813034306,projection
fru-M-500383,1205090786,projection
fru-M-700067,1228683492,projection
fru-M-700067,550617370,projection
fru-M-700270,1204175835,projection
fru-M-700270,1510648834,projection
G0239-F-000001,300972942,projection
G0239-F-000001,5813068729,projection
G0239-F-000003,300972942,projection
G0239-F-000003,5813068729,projection
G0239-F-000005,300972942,projection
G0239-F-000005,5813068729,projection
G0239-F-000007,300972942,projection
G0239-F-000007,5813068729,projection
G0239-F-000008,300972942,projection
G0239-F-000008,267896360,projection
G0239-F-000009,5813068729,projection
G0239-F-000009,300972942,projection
G0239-F-000011,676573560,projection
G0239-F-000011,636667489,projection
G0239-F-000012,300972942,projection
G0239-F-000012,5813068729,projection
G0239-F-000013,300972942,projection
G0239-F-000013,5813068729,projection
Gad1-F-001409,1610224198,projection
Gad1-F-001409,1641250106,projection
Gad1-F-101173,5813020585,projection
Gad1-F-101173,5813020455,projection
Gad1-F-200227,5813022201,projection
Gad1-F-200227,860983686,projection
Gad1-F-300153,1224258912,projection
Gad1-F-300153,1224945418,projection
Gad1-F-300154,517854468,projection
Gad1-F-300154,423774471,projection
Gad1-F-300275,702389193,projection
Gad1-F-300309,955464899,projection
Gad1-F-300309,862705904,projection
Gad1-F-301525,422682603,projection
Gad1-F-301525,1419019956,projection
Gad1-F-301704,424789697,projection
Gad1-F-301704,760686202,projection
Gad1-F-400259,518899665,projection
Gad1-F-400259,296543992,projection
Gad1-F-400718,1266871604,projection
Gad1-F-400718,673518025,projection
Gad1-F-400957,1262114202,projection
Gad1-F-400957,1261423370,projection
Gad1-F-402516,829261936,projection
Gad1-F-402516,862705904,projection
Gad1-F-500136,946641153,projection
Gad1-F-500136,1290416713,projection
Gad1-F-500365,613719036,projection
Gad1-F-500365,768555687,projection
Gad1-F-500524,1173045815,projection
Gad1-F-500524,1141337605,projection
Gad1-F-500559,5813022201,projection
Gad1-F-500559,1171690479,projection
Gad1-F-502126,1142365351,projection
Gad1-F-502126,956138930,projection
Gad1-F-600109,1670278227,projection
Gad1-F-600109,1510648834,projection
Gad1-F-600115,946641153,projection
Gad1-F-600345,922810839,projection
Gad1-F-600345,5813077405,projection
Gad1-F-601324,5812980638,projection
Gad1-F-601324,1172372382,projection
Gad1-F-700131,613719036,projection
Gad1-F-700131,673085197,projection
Gad1-F-800094,1198330641,projection
Gad1-F-800094,1290416713,projection
Gad1-F-900001,1290416713,projection
Gad1-F-900001,5813026366,projection
Gad1-F-900194,1448929233,projection
Gad1-F-900194,1193560072,projection
TH-F-000101,331662710,projection
TH-F-000101,421641859,projection
TH-F-100083,331662710,projection
TH-F-100083,329970706,projection
TH-F-100099,331662710,projection
TH-F-100099,329970706,projection
TH-F-200030,328943204,projection
TH-F-200030,203253253,projection
TH-F-200033,517514142,projection
TH-F-200033,608922563,projection
TH-F-200081,331662710,projection
TH-F-200081,330268940,projection
TH-F-300020,484911954,projection
TH-F-300020,1048172314,projection
TH-F-300073,328943204,projection
TH-F-300073,361040812,projection
TH-F-700001,418969956,projection
TH-F-700001,297166053,projection
TH-F-700004,643830129,projection
TH-F-700004,5813089803,projection
TH-F-700016,5812982779,projection
TH-F-700016,5813089803,projection
TH-F-700022,946645313,projection
TH-F-700022,981362334,projection
TH-M-300021,517514142,projection
TH-M-300021,5813049380,projection
TH-M-500003,580287695,projection
TH-M-500003,456156825,projection
TH-M-600002,1224258912,projection
TH-M-600002,1193560072,projection
TH-M-600003,1224595289,projection
TH-M-600003,1224258912,projection
TH-M-700002,1224595289,projection
TH-M-700002,1224945418,projection
TH-M-700013,5812979156,projection
TH-M-700013,644417074,projection
TH-M-700017,604864392,projection
TH-M-700017,454439022,projection
Trh-M-000099,1602402027,projection
Trh-M-000099,986828383,projection
Trh-M-800009,1048215779,projection
Trh-M-800009,1016835041,projection
VGlut-F-200594,5813058048,projection
VGlut-F-200594,328632707,projection
VGlut-F-300680,5813020585,projection
VGlut-F-300680,1322474586,projection
VGlut-F-800070,894551935,projection
VGlut-F-800070,832357089,projection
VT0765-F-700001,613079053,projection
VT0765-F-700001,486544396,projection
VT16811-F-700000,1078693835,projection
VT16811-F-700000,1729935421,projection
VT24618-F-700000,5813058048,projection
VT24618-F-700000,299082033,projection
VT38815-F-700000,799586652,projection
VT38815-F-700000,1640555311,projection
VT38815-F-700001,799586652,projection
VT38815-F-700001,485745069,projection
VT43401-F-700002,575768294,projection
VT43401-F-700002,5813020673,projection
VT50245-F-700000,5813058316,projection
VT50245-F-700000,700486220,projection
VT50245-F-700001,612414168,projection
VT50245-F-700001,674807824,projection
VT50733-F-700000,919763043,projection
VT50733-F-700000,519046655,projection
VT58722-F-700000,549282467,projection
VT58722-F-700000,326253554,projection
VT58722-F-700001,673509195,projection
VT58722-F-700001,946990515,projection
VT5948-F-700000,422725634,projection
VT5948-F-700000,519279166,projection
VT5948-F-700001,422725634,projection
VT5948-F-700001,736174181,projection
