neuron_id,group,exclusive,n_pairs,sidetot_top1,sidetot_top2,sidetot_top1_2_sum,sidetot_top3_sum,sidetot_balance21,sidetot_dominance_gap,sidetot_hhi,sidetot_entropy,sidetot_neff_shannon,sidetot_neff_simpson,sidetot_n_above_thr,sidetot_n_above_10pct,sidetot_n_above_20pct,regiontot_top1,regiontot_top2,regiontot_top1_2_sum,regiontot_top3_sum,regiontot_balance21,regiontot_dominance_gap,regiontot_hhi,regiontot_entropy,regiontot_neff_shannon,regiontot_neff_simpson,regiontot_n_above_thr,regiontot_n_above_10pct,regiontot_n_above_20pct,top_region,second_region,top_region_laterality,other_fraction,neuropil_fraction,total_voxels,neuropil_voxels,source,cable_length_um,n_nodes,n_branch_points,n_tips,branch_per_100um,span_um,radius_gyration_um,hull_volume_um3,hull_area_um2,occupied_volume_um3,n_voxels,fill_ratio,cable_per_occupied_um2,cable_per_hull_um2,cable_per_rg,cable_per_span,local_density_r5,local_density_r10,revisit_r4um,revisit_r8um,revisit_r16um,overdraw_2d_mean,overdraw_2d_max,elongation,flatness,arbor_separation,arbor_balance,arbor_centroid_dist_um,bridge_fraction
Gad1-F-601324,projection,True,2,0.3558692421991085,0.3277966461473148,0.6836658883464233,0.7426236467841223,0.9211154190277364,0.0280725960517936,0.3012640040307259,1.275789288449491,3.5815271528050907,3.31934777013058,3.0,2.0,2.0,0.3558692421991085,0.3277966461473148,0.6836658883464233,0.7426236467841223,0.9211154190277364,0.0280725960517936,0.3012640040307259,1.275789288449491,3.5815271528050907,3.31934777013058,3.0,2.0,2.0,mb_4,cal_18,1.0,0.2523349607302059,0.7476650392697941,18844.0,14089.0,FC,727.2073433611608,913,17,19,2.337710166872876,187.02881520110188,74.52595055569073,371597.11630813614,34844.4572151965,3480.0,435,0.0093649811779333,0.2089676274026324,0.001956977897423,9.757773472714629,3.8882101807640415,19.0,49.0,0.8152548692389695,0.8339533754141752,0.946884561668178,1.3535169165758376,1.4258967516885506,0.3612201996090696,0.1372090813978768,3.8089876069760544,0.915038297196022,132.0681507397551,0.3128785153356169
Gad1-F-600115,projection,True,1,0.3846717272606206,0.2746703955253695,0.6593421227859901,0.7411106671993608,0.7140384282499567,0.110001331735251,0.2897360562450908,1.3415722776005263,3.825052824846517,3.45141717244225,3.0,2.0,2.0,0.3846717272606206,0.3564389399387401,0.7411106671993608,0.7550273005726462,0.9266055045871558,0.0282327873218804,0.3346743086172032,1.1464874647853904,3.147119105828588,2.9879795797047244,2.0,2.0,2.0,dfp_5,mb_4,1.0,0.2438407244639765,0.7561592755360235,15018.0,11356.0,FC,963.4563382558148,214,27,29,2.8024103353639487,161.74426067523652,44.81181672263409,248379.70788579356,25192.736821555864,4448.0,556,0.0179080651872141,0.2166043925934835,0.003878965582401,21.50005085085472,5.956664763458421,13.0,38.0,0.8055655002138921,0.8192655937549447,0.9871478875571874,1.3915274522076706,1.5054005285247107,0.4712032067083421,0.3072997175674381,2.3621321914763573,0.7015129550271119,69.02064083329743,0.3506980461999072
fru-M-400031,projection,True,2,0.4479830148619957,0.2836028090805161,0.7315858239425119,0.7885840274375308,0.6330659861465548,0.1643802057814796,0.3269625762670417,1.236330272264428,3.442955543954397,3.058454002342045,3.0,2.0,2.0,0.4503919647231749,0.3406010125755349,0.7909929772987098,0.7936469051118733,0.7562324358625692,0.10979095214764,0.3614506147574269,1.0674933231569117,2.9080807373370066,2.7666296837566864,2.0,2.0,2.0,dfp_5,mb_4,0.9893028737195178,0.2063530948881267,0.7936469051118733,24492.0,19438.0,FC,1082.171633159372,197,32,36,2.957017077464582,137.64034500509942,39.93179880251724,220797.362934323,23160.29462075379,5008.0,626,0.0226814303098794,0.2160885848960407,0.00490119817908,27.10049798936565,7.862314157373543,12.0,41.0,0.7933809627268124,0.8350089762032191,1.1661332253872545,1.4357371124826006,1.5199039791564215,0.6978075023258886,0.2742298321993919,1.835226624604708,0.6548113003356416,54.541208792381376,0.3782018614772307
Gad1-F-900001,projection,True,2,0.5196277676756872,0.2799229864156594,0.7995507540913467,0.8643705209113275,0.538699053108275,0.2397047812600277,0.3691987205453456,1.1737212506485124,3.2340048170258813,2.708568433072829,3.0,2.0,2.0,0.5260990480265268,0.3447427532356402,0.870841801262167,0.8712161728527115,0.6552810816305785,0.1813562947908866,0.4122131885316978,0.9719433513244002,2.6430758966907497,2.425929174081007,2.0,2.0,2.0,dfp_5,mb_4,0.9753990037613094,0.1287838271472884,0.8712161728527115,18698.0,16290.0,FC,1170.540189758804,262,44,46,3.75894825183802,145.80186559462217,37.20505473809786,233054.84606513145,22765.95193939827,5536.0,692,0.0237540651630683,0.2114415082656799,0.0050225953655204,31.461859094113212,8.028293636607478,12.0,44.0,0.8151394079100306,0.865784164022784,1.1255194132296191,1.4167991017054853,1.465006495317652,0.6008895967356418,0.4093993596643137,2.980100593574714,0.1419036788164223,79.06553225422537,0.373876494994505
Gad1-F-700131,projection,True,2,0.5424338864893536,0.1276047586572705,0.6700386451466243,0.7481624611654164,0.2352448138576517,0.414829127832083,0.3678773047040681,1.2299775408517128,3.421152699251044,2.718297615028008,3.0,2.0,1.0,0.5424338864893536,0.1276047586572705,0.6700386451466243,0.7481624611654164,0.2352448138576517,0.414829127832083,0.367877304704068,1.2299775408517128,3.421152699251044,2.7182976150280083,3.0,2.0,1.0,dfp_5,mb_4,1.0,0.224861710994923,0.7751382890050769,26394.0,20459.0,FC,1479.2291642355367,349,60,62,4.0561666475125175,166.9198850029684,37.39536331084931,194270.97238123763,21915.09898399617,6904.0,863,0.0355379906497383,0.2142568314362017,0.0076142572722223,39.5564859723231,8.861910995261175,15.0,53.0,0.80392889360627,0.93859718542864,1.4445597306987663,1.4813609818268307,1.6201852839381563,0.4567075924230768,0.2724666932610918,2.3578410908561502,0.4370486107465415,59.76493862346001,0.3406918872143787
fru-F-400141,projection,True,2,0.3607960624866252,0.3102931735501819,0.6710892360368071,0.7355874170768243,0.8600237247924081,0.0505028889364433,0.2840387950155445,1.378894607141218,3.9705102271797807,3.520645832711948,3.0,2.0,2.0,0.4252942435266424,0.3139310935159426,0.7392253370425851,0.7702118553391826,0.7381503471872799,0.1113631500106997,0.3328378179917148,1.178068447079481,3.248094273853733,3.0044662774014834,2.0,2.0,2.0,mb_4,dfp_5,0.6966891415920298,0.2290177616092445,0.7709822383907554,23365.0,18014.0,FC,1480.72485635058,313,68,72,4.592345411665066,170.38466051645773,42.75607731005847,334583.8290537367,28972.847726690416,6808.0,851,0.0203476659922694,0.2174977756096621,0.0044255720921669,34.6319154961916,8.690482182271065,16.0,48.0,0.8300027221696076,0.9348010456758712,1.2177013621304111,1.4997280731876763,1.6025160783014936,0.6121253474522379,0.3545563051334627,3.316331194174212,0.1083720983524568,101.01837699907544,0.3834342568547653
fru-F-700104,projection,True,2,0.3678824950913759,0.3412626491466546,0.7091451442380305,0.7774505361727836,0.9276403571795137,0.0266198459447213,0.2847915020107949,1.3945677803127066,4.033230954024472,3.5113407280042206,4.0,2.0,2.0,0.4086995922066153,0.3687887026128983,0.7774882948195136,0.8457936867542667,0.9023466371027348,0.0399108895937169,0.3314856774569599,1.205171309172781,3.337330744469299,3.0167215901201034,3.0,2.0,2.0,mb_4,dfp_5,0.6699926090169993,0.1542063132457332,0.8457936867542667,26484.0,22400.0,FC,1605.43872553218,345,79,84,4.920773290417086,152.36494229597875,39.83657972343504,340930.9274542371,28795.28203533079,7432.0,929,0.0217991370143372,0.2160170513364074,0.0047089852995154,40.30061658601011,10.536798697521322,16.0,48.0,0.8431926079475736,0.9205497279427638,1.238764448713102,1.5034065368105385,1.573959534835471,0.6239113523208636,0.4776605423749713,3.2778688333668518,0.1036458850122521,94.37820693365988,0.3898734460089584
Gad1-F-500365,projection,True,2,0.5743778280542986,0.1744343891402714,0.7488122171945701,0.7821549773755656,0.3036927621861152,0.3999434389140271,0.4088438712480293,1.069637229680002,2.91432207863501,2.4459214637299524,2.0,2.0,1.0,0.5743778280542986,0.1744343891402714,0.7488122171945701,0.7821549773755656,0.3036927621861152,0.3999434389140271,0.4088438712480292,1.069637229680002,2.91432207863501,2.445921463729953,2.0,2.0,1.0,dfp_5,mb_4,1.0,0.2177036199095022,0.7822963800904977,35360.0,27662.0,FC,1690.4307820456054,393,77,82,4.555051932195745,146.07085020241277,32.55292533014443,227147.5640721747,21745.057186692466,7680.0,960,0.0338106201198782,0.2201081747455215,0.0074419938816006,51.92869042955855,11.572677092678983,17.0,63.0,0.8418479990266959,1.0110231950033526,1.488055265885216,1.564253212825826,1.6654490463503502,0.4829409532531027,0.4026154212698279,1.9869630932437992,0.6364715556091437,46.4589439547476,0.3791599487496106
G0239-F-000011,projection,True,2,0.3594896135116809,0.3258645133452506,0.6853541268569315,0.7662577821611293,0.9064643347050754,0.0336251001664303,0.2671262942984267,1.4971425784300316,4.468901274081894,3.74354760779493,4.0,2.0,2.0,0.3594896135116809,0.3258645133452506,0.6853541268569315,0.7662577821611293,0.9064643347050754,0.0336251001664303,0.2671262942984267,1.4971425784300314,4.468901274081893,3.74354760779493,4.0,2.0,2.0,dfp_5,mb_4,1.0,0.1398015163656537,0.8601984836343463,32446.0,27910.0,FC,1697.3379090721028,374,73,77,4.300852506140482,261.3973353292521,66.58655493422236,662868.4115050888,55414.28740164691,7720.0,965,0.01164635373478,0.2198624234549356,0.0025605955565421,25.490700198393217,6.493325216701853,19.0,76.0,0.8952204161772694,1.1225779821905442,1.4532002646165263,1.599480343288504,1.75344825317366,0.4480546596457107,0.2523974198263515,4.486935179328079,0.1381282048109454,168.42208592355465,0.3108253375570388
Gad1-F-500524,projection,True,2,0.2622233107797814,0.1570890610170529,0.4193123717968343,0.5560420047148149,0.5990659661412727,0.1051342497627284,0.2511607102354041,1.4967173088584578,4.467001190404182,3.981514461647823,4.0,3.0,1.0,0.3379052750818969,0.1574870648746288,0.4953923399565257,0.6321219728745063,0.4660686780828124,0.1804182102072681,0.2909769048311756,1.3142104522928468,3.721811277323636,3.436698869898965,3.0,3.0,1.0,mb_4,dfp_5,0.5520521880945909,0.3650920001224627,0.6349079998775373,32663.0,20738.0,FC,1707.4191831389055,405,79,80,4.626866136924094,207.2917458268672,46.82389200306054,410138.8791022501,34377.75941021469,7872.0,984,0.0191934985954781,0.2168977620857349,0.0041630268919548,36.46470017971389,8.23679291391064,16.0,46.0,0.8224562539204747,0.9005375438496337,1.100141226249295,1.490773465761613,1.646498730124306,0.541718930405651,0.425756553831364,3.1212406098863137,0.1378381908235953,102.39477283196506,0.3952887761357187
G0239-F-000007,projection,True,2,0.3018048450921726,0.2513270919795387,0.5531319370717113,0.6182157449409645,0.8327470418931884,0.0504777531126339,0.2599040895689958,1.4767179779458803,4.37855157012668,3.847573163078427,4.0,2.0,2.0,0.3018048450921726,0.2513270919795387,0.5531319370717113,0.6182157449409645,0.8327470418931884,0.0504777531126339,0.2599040895689958,1.4767179779458803,4.37855157012668,3.847573163078427,4.0,2.0,2.0,mb_4,dfp_5,1.0,0.3139336614869865,0.6860663385130136,31083.0,21325.0,FC,1734.282748298454,366,73,76,4.209232898823565,287.8294110184057,72.20589498810487,748908.0542901885,60821.77620695584,7688.0,961,0.0102656126555971,0.2255830838057302,0.0023157485600047,24.01857561053925,6.025384070940382,20.0,75.0,0.9466608888091996,1.23173490646197,1.4848311201185391,1.676833481932235,1.7154132030647418,0.4503210206477558,0.2526085466480807,4.05314050785963,0.1632577467650967,169.47669136500608,0.3008988063486382
fru-M-500374,projection,True,2,0.4963908939478068,0.2555987414399407,0.7519896353877475,0.8165833796039237,0.5149142431021626,0.240792152507866,0.3495486446493676,1.1843792680378225,3.268657231598414,2.860832148278248,3.0,2.0,2.0,0.4963908939478068,0.3201924856561169,0.8165833796039237,0.8165833796039237,0.6450410141685309,0.1761984082916898,0.3825688041024637,1.0233874387478026,2.782604720190055,2.613908895018448,2.0,2.0,2.0,dfp_5,mb_4,1.0,0.1834166203960762,0.8165833796039238,21612.0,17648.0,FC,1754.4503233426417,407,75,76,4.274843180347638,156.71112445630743,45.53270735342856,368148.0145961012,31735.646179535557,8160.0,1020,0.0221649979803705,0.2150061670763041,0.0047656112590134,38.53164956180744,11.195442119565667,14.0,49.0,0.7860440516768108,0.870263057213612,1.1790660775152162,1.4473278519830048,1.6066394902405143,0.6526120515117196,0.2801263809531728,2.2973069780733506,0.5123832409349686,70.80929487201834,0.3847094120080165
Cha-F-400112,projection,True,2,0.4345988486482547,0.2786198353129782,0.713218683961233,0.8409604313925527,0.6410965794768612,0.1559790133352765,0.3079318873069995,1.2775569672296383,3.5878637412300867,3.2474714091659758,3.0,3.0,2.0,0.4351089411936165,0.4063615827442979,0.8414705239379144,0.8415433943015376,0.9339306648802548,0.0287473584493186,0.3795580278366487,1.0206279880332012,2.7749368440352704,2.6346432604776107,2.0,2.0,2.0,dfp_5,mb_4,0.9976553341148886,0.1584566056984624,0.8415433943015376,27446.0,23097.0,FC,1777.5629716368228,416,44,46,2.475299086562528,138.96391565274453,42.986638718372106,301912.80203364923,25882.19811061106,8016.0,1002,0.0265507124772621,0.2217518677191645,0.0058876700811074,41.35152281346223,12.791543497369174,16.0,49.0,0.8713543978611876,1.0008800515973102,1.4243293041961722,1.5595953154474962,1.8175490507533976,0.6554041320672392,0.3663683943418623,2.696642767276193,0.1962892511282007,82.02079714326297,0.4606492042066686
fru-M-700270,projection,True,2,0.3753398870529178,0.2159328592344697,0.5912727462873876,0.637628111273792,0.5752995263304541,0.159407027818448,0.3101287131975595,1.287775665595653,3.6247150038764095,3.2244676401922696,2.0,2.0,2.0,0.4216952520393223,0.2159328592344697,0.6376281112737922,0.6463083037021544,0.5120590241180483,0.2057623928048525,0.3449267481141472,1.1417168536640625,3.132141179759057,2.8991662881101594,2.0,2.0,2.0,mb_4,dfp_5,0.7801475602951206,0.3469462455553231,0.6530537544446768,38248.0,24978.0,FC,1779.8130873193854,405,81,83,4.551039689341527,195.33954363835343,46.43413249755773,413107.0684293775,34608.98698885984,8080.0,1010,0.0195590940400026,0.2202738969454685,0.0043083578649142,38.32984469803538,9.111381413967491,16.0,49.0,0.8134429101094083,0.8793542921538465,1.235981310638462,1.5028366500634291,1.7163096309733707,0.4561836512210488,0.3305092813175043,1.9305963909668784,0.9124937773433928,64.53080234099478,0.3534487752860013
fru-F-500297,projection,True,2,0.3838791202882185,0.3249986556971554,0.7088777759853739,0.748292735387428,0.8466171732735678,0.058880464591063,0.3041589270401993,1.317245384295194,3.733123879281552,3.2877548909417165,2.0,2.0,2.0,0.4070549013281712,0.3319352583750067,0.7389901597031779,0.778405119105232,0.815455746367239,0.0751196429531645,0.326461097006232,1.1946288874041129,3.302332006064177,3.063152115735586,2.0,2.0,2.0,mb_4,dfp_5,0.8861294583883752,0.2214335645534225,0.7785664354465774,18597.0,14479.0,FC,1782.463733637547,459,84,88,4.712578349550919,180.3114772578148,42.36504269443188,314179.5211042555,27968.924153009,8216.0,1027,0.0261506541582436,0.2169503083784745,0.0056733924839297,42.07392747114639,9.885470191611413,17.0,50.0,0.8267457020582314,0.9245143846667776,1.3422166668957431,1.5040282315819926,1.6565648082133335,0.4642075635644831,0.3498939413300502,2.0891770620062764,0.4439525823248079,63.72016999973733,0.3153798707298516
fru-M-500174,projection,True,2,0.4960861880313105,0.2611312179109502,0.7572174059422607,0.846561737227506,0.5263827621309806,0.2349549701203602,0.3458038178890698,1.2021787177885692,3.3273584062462165,2.8918130693420783,3.0,2.0,2.0,0.4960861880313105,0.3504755491961956,0.846561737227506,0.8466038212271694,0.7064811672887683,0.1456106388351148,0.3924650059729809,1.0032209594984025,2.7270514198012865,2.5479978718633696,2.0,2.0,2.0,dfp_5,mb_4,1.0,0.1533961787728305,0.8466038212271695,23762.0,20117.0,FC,1784.6917361813266,427,87,91,4.8747914407981945,171.27631274119875,43.33756487507367,374075.4402384159,32236.019081272734,8224.0,1028,0.0219848702036104,0.2170101819286632,0.0047709406825635,41.181172530711855,10.41995654634406,17.0,51.0,0.8370974372332677,0.9574526481659478,1.2821061323141714,1.5193116695457822,1.5963253454215802,0.5751323565053479,0.3088769643067255,2.1196113392183302,0.5381922397974105,64.60048532713742,0.3571313652312146
fru-F-400338,projection,True,2,0.3937422123771286,0.2988785823065208,0.6926207946836495,0.7560016613595459,0.7590717299578058,0.0948636300706078,0.2854052508016363,1.4115835825762493,4.102446826177065,3.503789776786639,3.0,2.0,2.0,0.3985047764086944,0.348248650145369,0.7467534265540634,0.8101342932299599,0.8738882712618121,0.0502561262633254,0.3186670075664926,1.243625679901185,3.468165153501017,3.1380719567944024,3.0,2.0,2.0,dfp_5,mb_4,0.9760978321289604,0.185878443859892,0.814121556140108,36115.0,29402.0,FC,1820.2310852958176,446,76,79,4.175294038979053,190.84204023784983,42.49520605723286,372992.0298148964,32699.645915973477,8440.0,1055,0.0226278293511753,0.2156671902009262,0.004880080376514,42.83379830760949,9.53789365816479,15.0,51.0,0.8442630265750546,0.9249141693576308,1.3543386051308166,1.524857578266546,1.6065587690166083,0.6821381936563115,0.3800515244336423,2.7972470743219,0.1130387054938346,90.79701883197052,0.3803127536869602
VT38815-F-700001,projection,True,2,0.6518181346612719,0.1271008403361344,0.7789189749974064,0.787776221599751,0.1949943298251198,0.5247172943251375,0.4800859200292721,0.9899516850446932,2.691104448617081,2.0829604832798,2.0,2.0,1.0,0.6606753812636166,0.1282809420064322,0.7889563232700487,0.7947660545699761,0.1941663722372708,0.5323944392571844,0.491935508435064,0.934458276980746,2.545833947264023,2.032786783741595,2.0,2.0,1.0,mb_4,dfp_5,0.9731872963530012,0.1973104056437389,0.802689594356261,77112.0,61897.0,FC,1986.640087269045,2744,75,78,3.775218293470535,278.0888615721519,63.14393257231129,691508.6666101058,52029.84731494758,9568.0,1196,0.0138364137168431,0.2076337883851426,0.0028729069976923,31.462089963972083,7.14390384439615,20.0,68.0,0.8102121073691049,0.9096337395920536,1.2173039750423071,1.4561269858204229,1.60342218504362,0.417039472034753,0.2969701476089436,3.742431992215696,0.1189782462383593,154.7845195527702,0.4054581562448318
G0239-F-000013,projection,True,2,0.3373027177938579,0.3022334909691755,0.6395362087630334,0.6999031394222551,0.8960304054054055,0.0350692268246823,0.2789523575078096,1.3977785485134704,4.046201535340163,3.584841544033209,3.0,2.0,2.0,0.3373027177938579,0.3022334909691755,0.6395362087630334,0.6999031394222551,0.8960304054054055,0.0350692268246823,0.2789523575078096,1.39777854851347,4.0462015353401615,3.584841544033209,3.0,2.0,2.0,mb_4,dfp_5,1.0,0.263717167112985,0.736282832887015,35102.0,25845.0,FC,2014.9301872167764,436,101,105,5.012580616478396,292.1420242725267,70.10434679046604,835853.0387987889,62494.20507602466,9320.0,1165,0.0111502854776885,0.2161942260962206,0.0024106273396008,28.74187235834569,6.897091208408739,24.0,122.5,0.9522354381931836,1.234638595108319,1.5357699597688843,1.7251963869774691,1.865676099274793,0.4172911252081595,0.2862177128371873,4.685651577716686,0.1253992202434261,184.38452579142952,0.2798873058885123
TH-F-700016,projection,True,2,0.4912654922584679,0.2979294619543231,0.789194954212791,0.8655253576551064,0.6064530618356041,0.1933360303041447,0.3520304384572383,1.2070084231317022,3.3434674365408954,2.8406634505313426,3.0,2.0,2.0,0.4912654922584679,0.3742598653966386,0.8655253576551065,0.8731197822809018,0.7618281179817338,0.1170056268618293,0.397512597952851,1.0176332076840502,2.766638949092758,2.515643542242176,2.0,2.0,2.0,dfp_5,mb_4,1.0,0.1266595564708911,0.8733404435291089,54382.0,47494.0,FC,2052.1055516333927,450,107,111,5.21415674329385,161.41104736006812,43.02994280290841,281210.5568101613,27142.798194314804,9208.0,1151,0.032744147675139,0.2228611589523667,0.0072973986997889,47.69017614159343,12.713538417575922,19.0,63.0,0.8695362506921155,1.01388614211136,1.3500694418640742,1.5731453300650753,1.6710957260858246,0.5204633960124803,0.2556287679427001,2.549805516316379,0.6158141259531794,68.93157867905109,0.343755525007018
TH-F-700004,projection,True,2,0.4216036475576465,0.2485043852006737,0.6701080327583202,0.734971249346576,0.5894265541587739,0.1730992623569727,0.3008112776513327,1.346001543932225,3.8420325787070015,3.3243434481837806,3.0,2.0,2.0,0.4216036475576465,0.3133676017889295,0.7349712493465761,0.7494482197827729,0.7432753573273635,0.1082360457687169,0.3330544922261961,1.1850503906968326,3.2708516378065773,3.002511671035632,2.0,2.0,2.0,dfp_5,mb_4,1.0,0.2382093279897775,0.7617906720102224,68868.0,52463.0,FC,2094.161255493329,433,106,110,5.061692346849824,151.2778876045989,45.89259190865326,407196.5924144975,32310.987502257623,9536.0,1192,0.0234186635586896,0.2196058363562635,0.0051428751971519,45.63179302798247,13.84314184084142,18.0,58.0,0.8653558906997225,0.9915536247600988,1.52191951707364,1.5383991757323052,1.5535320886449024,0.5420637606148417,0.2742789407562193,2.3743846263936264,0.5054886281151826,72.52596937383764,0.3880918915954033
G0239-F-000001,projection,True,2,0.3444049031237643,0.3331508349301944,0.6775557380539587,0.7416430939562613,0.9673231475757308,0.0112540681935699,0.2696941375630206,1.4723054877142798,4.359273816822266,3.707904105873735,4.0,2.0,2.0,0.3444049031237643,0.3331508349301944,0.6775557380539587,0.7416430939562613,0.9673231475757308,0.0112540681935699,0.2696941375630205,1.4723054877142798,4.359273816822266,3.707904105873736,4.0,2.0,2.0,mb_4,dfp_5,1.0,0.1794263466861331,0.8205736533138669,32877.0,26978.0,FC,2101.6226103058184,430,102,117,4.853392778504483,273.84697283580533,66.48618732796801,782229.2786692096,62321.16699252087,9088.0,1136,0.0116180770112072,0.2312524879297775,0.0026867092138014,31.609913198041845,7.674441636299996,27.0,164.0,1.026182915188388,1.3682438869178506,1.7750190965420765,1.818464859854001,1.9036436687552705,0.4743081471066447,0.2760884607706325,4.5566339862515095,0.1206314977654884,175.0721125060568,0.2955416732584905
fru-M-400362,projection,True,2,0.3442210458850618,0.2604030669167042,0.6046241128017661,0.7000023737745389,0.7564995517550512,0.0838179789683576,0.2701611758201507,1.4034551471157397,4.069235512788834,3.7014941061172726,3.0,2.0,2.0,0.3557813278894771,0.3443634723573955,0.7001448002468726,0.725757827521542,0.967907659460902,0.0114178555320815,0.3199328115476712,1.1953729085095977,3.304789925032415,3.1256562750238457,2.0,2.0,2.0,mb_4,dfp_5,0.4638377368561516,0.2722244641203978,0.7277755358796022,42127.0,30659.0,FC,2313.746659390556,586,123,127,5.316053056232111,177.92092155444294,52.51732700452551,477388.3104020088,37002.82931404067,10400.0,1300,0.0217852003775336,0.2224756403260149,0.0048466764036223,44.0568245065324,13.004354064581214,18.0,51.0,0.8556755397154422,0.9804011268604048,1.364237417093488,1.5447309569466376,1.6538575120733063,0.6357732163878412,0.3437054452972903,3.23630084782773,0.1565985617011785,113.91494908132114,0.3768087882851124
Gad1-F-402516,projection,True,2,0.3066806418606972,0.2442414713882857,0.550922113248983,0.621796311547004,0.7964032874928798,0.0624391704724114,0.2621182450188872,1.4436003063681404,4.235919002646754,3.815072086752083,4.0,2.0,2.0,0.3094008135559382,0.3035362232038132,0.6129370367597515,0.6838112350577725,0.981045329891918,0.0058645903521249,0.292751180335621,1.2779990098174094,3.589450080391732,3.4158700875383743,3.0,2.0,2.0,dfp_5,mb_4,0.9824165187933538,0.3160140750168451,0.6839859249831549,40071.0,27408.0,FC,2380.853319308235,3436,110,112,4.620192227212085,208.4043488632716,51.00401615329008,371855.6476165327,32178.70498767684,10912.0,1364,0.0293447203772275,0.2181867044820596,0.0064026278330548,46.67972247818087,11.424201713133384,28.0,105.0,0.8937137084490371,1.11463170379599,1.6533703606307186,1.6114035331258023,1.82720899409688,0.3916087839782436,0.3178147553883401,4.217138271513771,0.1479117022895803,124.25992472205404,0.3824519249825762
fru-F-400229,projection,True,2,0.2361007878697785,0.2309722015757395,0.467072989445518,0.6341236806897577,0.9782779789076028,0.0051285862940389,0.2114244515483322,1.634543687639075,5.127117895887415,4.729821894661021,4.0,3.0,2.0,0.3187899509439572,0.2309722015757395,0.5497621525196967,0.7168128437639364,0.7245278619724878,0.0878177493682176,0.2504704046485446,1.452064459493655,4.271924633339189,3.992487660980072,3.0,3.0,2.0,mb_4,dfp_5,0.4812310561902541,0.259105098855359,0.740894901144641,26908.0,19936.0,FC,2391.396612374212,630,119,123,4.976171638959341,195.43269848653253,53.607894342781606,548561.1914063878,40251.72353757717,11024.0,1378,0.0200962083587009,0.2169263980745838,0.0043593980942093,44.60903830848222,12.236420163532694,18.0,53.0,0.8338202972016081,0.9312292104260952,1.3226751174636129,1.536733756214482,1.6458338694936077,0.5960988879184488,0.3840618787018814,3.281448206660172,0.1362980043118958,120.34418758740254,0.4137359523777114
Gad1-F-400259,projection,True,2,0.3766423357664233,0.2057597876575978,0.5824021234240212,0.6338420703384207,0.5463002114164904,0.1708825481088255,0.2268100402941548,1.837021575764694,6.277812399494499,4.408975893232409,3.0,2.0,2.0,0.378234903782349,0.2159256801592568,0.5941605839416059,0.66542800265428,0.5708771929824562,0.1623092236230922,0.2362913413140799,1.6816266961901405,5.374291203436525,4.232063665298652,4.0,2.0,2.0,dfp_5,mb_4,0.991578947368421,0.1877903118779031,0.8122096881220969,37675.0,30600.0,FC,2408.498843121015,564,98,104,4.06892452034597,395.864886484454,88.4994247630401,1957509.5165233028,112265.20225673652,10816.0,1352,0.005525388208181,0.2226792569453601,0.0012303893405324,27.214853085992864,6.0841436695992455,15.0,55.0,0.8651217108911692,0.9680461588106972,1.176024825742683,1.511260992210539,1.7154550164679594,0.3847593782346513,0.2961797427052541,3.989637763004112,0.1428173607170687,213.2812023982771,0.2546013329418278
VT5948-F-700001,projection,True,2,0.6166760426663137,0.0856856061859536,0.7023616488522674,0.7757260884432532,0.1389475190498336,0.53099043648036,0.4246011017367468,1.2265297583273909,3.409377619383221,2.355151684509761,3.0,1.0,1.0,0.639354931224285,0.0856856061859536,0.7250405374102387,0.8060160825970417,0.134018839929609,0.5536693250383313,0.4537041802089879,1.099422807110185,3.0024325410027286,2.2040793178043323,3.0,1.0,1.0,mb_4,dfp_5,0.9290569683585798,0.1758165392633773,0.8241834607366226,90657.0,74718.0,FC,2750.344864982076,3826,111,120,4.035857517843435,292.80807208456474,62.19859416709175,830897.5728573534,57785.59133457621,12520.0,1565,0.0150680425710539,0.2196761074266834,0.0033100889385486,44.21876252690673,9.392995368610466,24.0,84.0,0.8895035139010595,1.01413896201404,1.3862625327530629,1.526958604157313,1.6699118791633736,0.497354554465,0.2555019202293546,2.1966305019929964,0.8601701605469274,92.12501265792316,0.3259689743707666
fru-M-500377,projection,True,2,0.3999807168510618,0.3130619230120278,0.7130426398630896,0.7862703979559862,0.7826925394720983,0.0869187938390339,0.3035062243713425,1.31630964342373,3.729632276561929,3.2948253436031387,3.0,2.0,2.0,0.4045845686600622,0.3862896811049244,0.7908742497649867,0.7974064164678092,0.954781054512958,0.0182948875551377,0.3530387737978662,1.1035452757798527,3.014835522972636,2.832550060273419,2.0,2.0,2.0,dfp_5,mb_4,0.9772415847482872,0.2002072938510858,0.7997927061489141,41487.0,33181.0,FC,2953.626553605241,665,147,159,4.976932504231774,173.0459214989537,41.06819387658248,431348.7862890359,32935.5324309628,13496.0,1687,0.0312879053540599,0.2188519971551008,0.0068474205735357,71.92004991700964,17.068455170861107,17.0,61.0,0.8546373129644796,1.000551000543781,1.551274450422921,1.5997004596003377,1.6612072854922617,0.647997277832211,0.4257788118771132,2.706097503184365,0.1270474675277659,84.43464828779186,0.3906227927844599
Cha-F-000009,projection,True,2,0.4235105422155782,0.2606434333053038,0.6841539755208821,0.7559407019838675,0.6154355259771298,0.1628671089102744,0.2825516248721065,1.477654995112457,4.382656270899845,3.53917624948233,3.0,2.0,2.0,0.684153975520882,0.1000498302656576,0.7842038057865396,0.8324457317263072,0.1462387618072152,0.5841041452552244,0.507760157657954,0.9488114338037594,2.5826381979006814,1.969433766943244,2.0,2.0,1.0,mb_4,dfp_5,0.2380562194150449,0.1653897661091905,0.8346102338908095,64218.0,53597.0,FC,3058.018268338639,692,170,181,5.559155802308456,246.7337019037174,68.80308396618327,452088.44356478925,41669.06838582385,13952.0,1744,0.0308612179731608,0.2191813552421616,0.0067642035797811,44.4459476531845,12.394003108387544,22.0,97.0,0.9090422914205228,1.2657360382196352,1.9908973101163008,1.828377606241886,2.2501974012793515,0.2897398375135345,0.156827560413066,4.5276732593660265,0.7511683049734555,126.9496190218956,0.2488079855969394
Trh-M-800009,projection,True,2,0.4674937009516778,0.3108439922325111,0.778337693184189,0.8186836995073101,0.6649158942670786,0.1566497087191667,0.341025737283317,1.2618651871358295,3.532003194321462,2.932329999390108,2.0,2.0,2.0,0.778337693184189,0.055929129688177,0.8342668228723661,0.839338158591581,0.0718571516938493,0.7224085634960119,0.6329183875657005,0.7051442573043167,2.024138660648774,1.579982537473987,2.0,1.0,1.0,mb_4,dfp_5,0.2012618816882822,0.1546917879668116,0.8453082120331884,62311.0,52672.0,FC,3393.3320162551418,772,197,208,5.805503235648832,256.53834984017726,68.85797410989352,457696.57032603706,41959.770284142265,15048.0,1881,0.0328776769930363,0.22550053271233,0.0074139336762736,49.28016050602319,13.22738693208707,28.0,129.5,0.9489183490646368,1.4186170636518152,2.232455273852067,1.9662860331256689,2.2896977167713506,0.2491902042638501,0.1426646053068256,5.039101641529571,0.7426487356699248,129.2257440440835,0.2387520518771968
TH-F-000101,projection,True,2,0.3543183060502315,0.1414885353433643,0.4958068413935959,0.5789507753387612,0.3993260662160242,0.2128297707068672,0.1964835186741095,1.967026318372174,7.149384852377261,5.089485401870348,4.0,2.0,1.0,0.3840516125320061,0.2246324692885296,0.6086840818205357,0.6895552231076844,0.584901773507875,0.1594191432434765,0.2440885923621357,1.6483051574286736,5.198162290379769,4.096873148894956,3.0,2.0,2.0,dfp_5,mb_4,0.8451598404404742,0.1881023619781927,0.8118976380218073,139036.0,112883.0,FC,4434.238601814164,942,204,218,4.600564343031478,357.4966672845023,88.565308125875,1186524.4277835884,77251.66152168416,19864.0,2483,0.0167413325295844,0.2232298933655942,0.003737165875377,50.06744396476241,12.403580250121092,18.0,70.0,0.8680968288594684,1.0975838123302386,1.630234780078737,1.6869693771738163,2.0472015705513225,0.2372935827564902,0.203121416273402,3.9714668104150177,0.1803969950967037,201.66406211556244,0.2859818584085477
VGlut-F-200594,projection,True,2,0.3115857099448713,0.2642488171202847,0.575834527065156,0.6939380127620783,0.8480774589022012,0.0473368928245865,0.2191026695272401,1.680619973781582,5.368883506533454,4.564070360976017,4.0,3.0,2.0,0.4040673698832313,0.3823523028172071,0.7864196727004384,0.8099253375005426,0.946258795724338,0.0217150670660242,0.3391565821207364,1.2262599680224606,3.408457926423365,2.948490616773611,2.0,2.0,2.0,mb_4,dfp_5,0.5422463339958102,0.1703672353170985,0.8296327646829014,92148.0,76449.0,FC,4586.974137762856,888,237,256,5.166804801641826,283.2125625344532,51.385346400145664,1082122.8516202446,64298.76384244111,20448.0,2556,0.0188961909171251,0.224323852590124,0.004238866345808,89.26619083275953,16.196224124785584,19.0,79.0,0.9015279358810644,1.1606715935634755,1.8495863458721196,1.8059159164678569,1.957735440786537,0.5503128996329627,0.3693319871600247,3.117374080182873,0.0380471561597677,138.2191653434566,0.3901671612450476
TH-M-300021,projection,True,2,0.3807488825644365,0.1272226038702079,0.5079714864346445,0.5759454709288321,0.3341378259952667,0.2535262786942286,0.2253309133156585,1.7996422696135017,6.047483708730975,4.437917484491501,4.0,2.0,1.0,0.405515358605369,0.1946345249672129,0.600149883572582,0.668302300891272,0.4799683189228434,0.210880833638156,0.2613674273187463,1.5795999537520553,4.853013992815694,3.8260314617569633,3.0,2.0,1.0,dfp_5,mb_4,0.8778518469627967,0.2251554595983477,0.7748445404016523,112087.0,86850.0,FC,4665.63133991466,1086,243,250,5.208298347988308,340.93511652119673,73.94848392069251,1458710.525345968,84590.39317337263,21416.0,2677,0.0146814598427064,0.2178572721289998,0.0031984627922034,63.0929951845721,13.68480720766289,19.0,78.0,0.8665734286617125,1.0962479652055124,1.8000120910164583,1.6684838905396673,1.83325396460301,0.367562346332767,0.2927201099196853,4.185338860564238,0.1242065761918319,187.60899304013748,0.2994441380023653
TH-F-200030,projection,True,2,0.7051199167441934,0.1366782825336255,0.841798199277819,0.8697235844147653,0.1938369336732412,0.5684416342105678,0.5214917047951273,1.0889624248257104,2.9711896400658486,1.9175760435017064,2.0,2.0,1.0,0.841798199277819,0.0279253851369463,0.8697235844147653,0.8958829372900865,0.0331734911774622,0.8138728141408726,0.7145979240791176,0.6913172599499853,1.9963435053478895,1.399388336159347,1.0,1.0,1.0,dfp_5,spp_20,0.6752706702131644,0.0615115343982087,0.9384884656017912,63419.0,59518.0,FC,4719.175858731229,1162,263,276,5.573006979882049,337.6694096880388,69.48679001348857,1350255.818914321,79655.49566322846,21424.0,2678,0.0158666229761009,0.2202751987831977,0.0034950235300786,67.91471958648768,13.975728103683169,18.0,80.0,0.8713397080375238,1.1151171688873414,1.73499112453354,1.7815371218295322,2.0124417308022298,0.3949280670067703,0.278768362038081,3.8155986178808248,0.2252997392393916,148.56872219118094,0.2579887602906208
VT43401-F-700002,projection,True,2,0.3581826389894464,0.1396836483505251,0.4978662873399715,0.552414374664611,0.3899788352238948,0.2184989906389212,0.2130440920420978,1.921310619934748,6.829904014258971,4.693864027932764,3.0,2.0,1.0,0.3829950341138491,0.1700155876014684,0.5530106217153176,0.6216812463266923,0.4439106841028378,0.2129794465123806,0.2431582220982077,1.6476987373828855,5.19501097617225,4.112548575865619,4.0,2.0,1.0,lh_25,mb_4,0.8704296770749933,0.2377918416367833,0.7622081583632166,117401.0,89484.0,FC,4850.96583102174,6468,166,175,3.421998954072947,550.8658566360743,157.47820616948437,2531587.862137635,145317.79918569894,22768.0,2846,0.0089935650034184,0.2130606918052415,0.0019161751814237,30.804045518533123,8.806074605249126,24.0,87.0,0.855247854552493,1.0866858940460886,1.604155367401369,1.612730102822163,1.938835264197338,0.1950875780109956,0.0736188327682785,4.76404277136719,0.3182169636210794,330.39195213798456,0.3835467844821383
TH-F-300073,projection,True,2,0.5571746110150655,0.1339605458137811,0.6911351568288466,0.7476228698444061,0.2404283023049645,0.4232140652012843,0.3514619551220949,1.4991053622531585,4.477681375111152,2.8452581721188244,4.0,2.0,1.0,0.6911351568288466,0.0657415411212645,0.7568766979501111,0.8102000493949123,0.0951211068800321,0.6253936157075821,0.5022088873369405,1.109746170130853,3.033588281384453,1.9912033124357733,3.0,1.0,1.0,dfp_5,idlp_24,0.6123463131916604,0.1275392072116572,0.8724607927883428,129568.0,113043.0,FC,4907.384255611368,1132,227,240,4.625682200052624,355.2515509747425,74.77429620464343,1427872.0211073726,85315.48753226489,22496.0,2812,0.0157549133728059,0.2181447482046305,0.0034368516106965,65.62929381750065,13.813829220861786,17.0,70.0,0.8507947738577267,1.0876294892755691,1.6314442339133537,1.7558279460366657,2.094487518400072,0.3405814602261508,0.2421870036272387,4.202089127498123,0.2214690694996799,165.1197877720618,0.2432572851331347
TH-F-200033,projection,True,2,0.3663752817637033,0.1104238825663862,0.4767991643300896,0.5695131672989169,0.3013955582232893,0.255951399197317,0.1901667786740758,1.993140723266676,7.338545947942133,5.258542038585435,6.0,2.0,1.0,0.422267579306174,0.1742536698004288,0.5965212491066029,0.6897712903403156,0.4126617300024412,0.2480139095057452,0.2453179535612654,1.7103189045422982,5.530724969731286,4.076342499531984,4.0,2.0,1.0,dfp_5,mb_4,0.7352754495890634,0.1424143713233273,0.8575856286766728,145512.0,124789.0,FC,5479.643886301044,1262,270,281,4.927327497960085,352.9509574803385,85.38098691060006,1662719.6311861891,92402.76836593969,24448.0,3056,0.0147036214292837,0.2241346484907168,0.003295591020593,64.17873679579998,15.52522742938385,19.0,76.0,0.8843841004359335,1.1012146073756115,1.7837382442386212,1.677844953717048,1.8708241332540267,0.2945180593686607,0.271242805726856,3.818840743484428,0.163243833815697,196.28511760786063,0.2976870697200725
TH-F-300020,projection,True,2,0.6202566246462567,0.1397366220735786,0.7599932467198354,0.788734885515822,0.2252883992222942,0.4805200025726781,0.4262794872788361,1.256357591436298,3.512603819711504,2.3458787716564093,2.0,2.0,1.0,0.7599932467198354,0.0362747620272703,0.7962680087471058,0.8195346668381785,0.0477303741629729,0.723718484692565,0.6003829433837397,0.8535961633936666,2.348075751054425,1.6656036135271115,1.0,1.0,1.0,dfp_5,idlp_24,0.6322687795537971,0.1422691021353228,0.8577308978646772,124384.0,106688.0,FC,6938.135202796053,1611,387,402,5.577867664556895,343.6377230227444,72.09986409254282,1987115.891177096,99363.9146838131,31576.0,3947,0.0158903666062956,0.2197281227133282,0.0034915604236279,96.22951846193084,20.19026066686176,19.0,76.0,0.8638116537345684,1.1336822226790937,1.9187320804192625,1.8501433956392583,2.144709490817945,0.4412622499617668,0.3020645669892464,3.6701030089508606,0.2460508529734542,149.4596295941974,0.3033834504656992
VT50733-F-700000,projection,True,2,0.3235449364255313,0.3040015501079062,0.6275464865334375,0.7788490448796327,0.939596068065422,0.0195433863176251,0.232978227163154,1.706851710301997,5.511582077211969,4.292246585341653,3.0,3.0,2.0,0.4748474947717265,0.3072153514134712,0.7820628461851977,0.83145917269672,0.6469768816220856,0.1676321433582553,0.3333187868631409,1.3746399992242226,3.953653148491391,3.0001309239451754,2.0,2.0,2.0,mb_4,dfp_5,0.362731992852017,0.0984251705452771,0.9015748294547228,149667.0,134936.0,FC,7102.958318083687,9848,317,323,4.462929188151616,310.134664379336,79.650808962472,2272953.380800733,101796.7960734692,33296.0,4162,0.0146487826284717,0.2133276765402356,0.0031249907622748,89.17622319982077,22.90281975508492,26.0,105.0,0.8666371788779511,1.0867439287153744,1.7546833789732428,1.6599282870733447,1.8330215014409517,0.5127764320460543,0.3268929839981718,3.2630304873259264,0.1485468991334629,175.26760466551605,0.3748828157903897
VT58722-F-700000,projection,True,2,0.2079377243576816,0.1651837212116323,0.3731214455693139,0.4825797604162465,0.7943903479846376,0.0427540031460492,0.1573876178930462,2.1286342670597778,8.403382194892842,6.353739978957913,5.0,3.0,1.0,0.239309482515226,0.2181583511475013,0.4574678336627273,0.6445448312023555,0.9116159913705926,0.0211511313677247,0.2063731130862724,1.7316135874459553,5.649762943898173,4.845592456522953,3.0,3.0,2.0,mb_4,sog_1,0.7378143329063575,0.251740410599766,0.748259589400234,123965.0,92758.0,FC,8044.5511219267555,12049,231,236,2.871508882209366,406.9641047151666,124.44581907196596,5492459.039778319,189245.6192810714,38752.0,4844,0.0070554918515266,0.2075906049217267,0.0014646538214787,64.6430003186741,19.767225238592285,21.0,74.0,0.8182008870958865,0.9415439047198918,1.2991846127142692,1.514120675606705,1.6829604857587357,0.3555181974744644,0.2793275237569452,3.236502489036101,0.427141578535748,225.2676515501078,0.3428809589464504
Gad1-F-500457,dense,True,1,0.1861125126135216,0.1610116044399596,0.3471241170534813,0.5009775479313825,0.865130464249407,0.025100908173562,0.2407553629264032,1.656013114078262,5.238384315644042,4.153593871575319,4.0,3.0,0.0,0.3471241170534813,0.1573852169525731,0.5045093340060545,0.5597565590312815,0.4533975290697674,0.1897389001009082,0.3017746662603441,1.3994116683564553,4.052814866067205,3.3137307793003727,3.0,2.0,1.0,eb_8,mb_4,0.0723110465116279,0.3907038345105953,0.6092961654894047,31712.0,19322.0,FC,754.6857029217058,174,35,39,4.637692202793862,151.21190548957568,42.61223003139219,73440.28103741563,12793.381447466896,3416.0,427,0.046513983222091,0.2209267280215766,0.010276182120507,17.710542310640236,4.990914574340396,17.0,69.0,0.8348293173912674,0.9826636756793043,1.5215437558905358,1.5743335678292478,1.940066074348858,0.2415442437916183,0.147441741883835,4.41617881378067,0.3094035836904505,88.51958512225069,0.3619020378669299
Trh-M-500163,dense,True,8,0.6854971754236865,0.0645403189521571,0.7500374943758437,0.7549367594860771,0.0941511085180863,0.6209568564715293,0.5341518249341037,0.8063967559142073,2.2398228007150656,1.872126899731862,2.0,1.0,1.0,0.6854971754236865,0.0645403189521571,0.7500374943758437,0.7549367594860771,0.0941511085180863,0.6209568564715293,0.5341518249341037,0.8063967559142073,2.2398228007150656,1.872126899731862,2.0,1.0,1.0,dfp_5,mb_4,1.0,0.2450632405139229,0.7549367594860771,20003.0,15101.0,FC,1004.2183953386576,212,44,48,4.381517028988665,133.9804250833911,32.66985697097818,90729.36489164172,13588.986833915094,4688.0,586,0.0516701511754092,0.2142104085620003,0.0110682841937447,30.738377466137702,7.495262048270255,17.0,66.0,0.8258374961666591,0.996248408074065,1.530820724601612,1.496676310255528,1.6489628823294868,0.3719047182216511,0.2960161158708177,2.6406196538253446,0.3619161286274583,56.149411960960045,0.3657445157070231
Cha-F-400298,dense,True,2,0.261619305137493,0.22820264272231,0.489821947859803,0.5766032345288505,0.8722698907956318,0.0334166624151829,0.2337495673240611,1.658934209705477,5.253708507981235,4.278082785127212,3.0,2.0,2.0,0.4898219478598031,0.0867812866690475,0.5766032345288505,0.6174684965052804,0.1771690448911571,0.4030406611907556,0.3539049551537198,1.289815677173562,3.6321170119750033,2.825617402179765,2.0,1.0,1.0,eb_8,lat_tri_7,0.0682220602020622,0.3211570838222539,0.6788429161777461,19601.0,13306.0,FC,1189.8350704901975,287,51,54,4.286308351878434,178.41210275576668,48.8748129505912,179558.50999958074,23134.53931318557,5480.0,685,0.0305192998093646,0.2171231880456565,0.0066264476715304,24.344544739087443,6.669026664177577,17.0,60.0,0.8332178364777295,0.9720874758906844,1.3046437176427608,1.506018847602164,1.7946230324135712,0.5106249014632055,0.1452758866222386,2.112711564183199,0.6097872917431773,72.11314755670615,0.3526309808925901
Gad1-F-700193,dense,True,1,0.5128840667820231,0.0746387317027545,0.5875227984847776,0.6392227470420427,0.1455274915656059,0.4382453350792686,0.3936852500500025,1.11141911954759,3.0386675686411,2.540100244733549,3.0,1.0,1.0,0.5128840667820231,0.0746387317027545,0.5875227984847776,0.6392227470420427,0.1455274915656059,0.4382453350792686,0.3936852500500025,1.1114191195475898,3.0386675686410998,2.540100244733549,3.0,1.0,1.0,al_3,lh_25,1.0,0.3497170649581443,0.6502829350418556,42766.0,27810.0,FC,1460.1337115290607,294,30,31,2.0546063530430936,330.8588525063486,117.14010103274234,943330.447920851,70616.21296697273,6736.0,842,0.0071406578838269,0.2167656935167845,0.0015478496583538,12.464849344127956,4.413161988769949,13.0,42.0,0.8166295925777745,0.8990971130105054,1.0489466318455896,1.4360106670526196,1.4763738235885346,0.2009966010960226,0.1035221763254124,5.311241453487401,0.3892833382691023,240.5491884942985,0.258574193671293
Trh-M-100024,dense,True,5,0.3690069921584687,0.2465759657824089,0.6155829579408776,0.8431693740425596,0.6682148875827202,0.1224310263760598,0.2648034412336024,1.4708005495586711,4.35271831337548,3.776385968933943,3.0,3.0,3.0,0.4741623818840909,0.3690069921584687,0.8431693740425596,0.8522546298402875,0.778229160002559,0.1051553897256222,0.3770433270246235,1.1405139729462317,3.128375852602128,2.652215085972581,2.0,2.0,2.0,fb_6,dfp_5,0.0400486213294095,0.1258436850646888,0.8741563149353112,65931.0,57634.0,FC,1818.4569770983587,402,83,87,4.564309249286715,281.5404015047109,68.80088088505958,539965.4356158109,46333.64560975639,8296.0,1037,0.0153639463802691,0.2191968390909304,0.0033677284825175,26.430722306249493,6.4589556858607065,17.0,59.0,0.8465814604740962,0.9713979578516874,1.248940231523598,1.5269700298958382,1.7090761062954498,0.4402519737802953,0.2142640452609479,2.5360079950739123,0.6009745226488822,110.17542253451629,0.359341138162293
Gad1-F-400220,dense,True,1,0.7914115694913315,0.0449733936030211,0.8363849630943526,0.8626194426961149,0.0568268083721939,0.7464381758883104,0.6398145362933108,0.8099815658612557,2.247866548810697,1.5629529235040216,1.0,1.0,1.0,0.7914115694913315,0.0449733936030211,0.8363849630943526,0.8626194426961149,0.0568268083721939,0.7464381758883104,0.6398145362933108,0.8099815658612557,2.247866548810697,1.5629529235040216,1.0,1.0,1.0,dfp_5,fspp_19,1.0,0.1015906620129312,0.8984093379870687,34954.0,31403.0,FC,1821.887391750136,393,101,107,5.543701573288658,240.12873361095544,50.437777178651615,297672.6293113147,31893.480990962933,7984.0,998,0.0268214112210165,0.2281923085859389,0.0061204397460565,36.12148460264168,7.587127805795482,19.0,97.0,0.8930820547794786,1.2178391656083798,1.866687901383336,1.6628487705320494,1.9177762018422488,0.3647851156288281,0.2093190458014756,3.746742978559322,0.1622783929389605,115.29975902806788,0.3778364518097305
E0585-F-600004,dense,True,1,0.7054680906789279,0.102493961528388,0.807962052207316,0.8484416378081076,0.1452850424882435,0.6029741291505398,0.5214391924334134,1.0446743359242383,2.842472681664462,1.917769156041522,2.0,2.0,1.0,0.7054680906789279,0.102493961528388,0.807962052207316,0.8484416378081076,0.1452850424882435,0.6029741291505398,0.5214391924334133,1.0446743359242383,2.842472681664462,1.9177691560415224,2.0,2.0,1.0,dlp_23,idlp_24,1.0,0.103978115996857,0.8960218840031429,34363.0,30790.0,FC,1988.121459647003,436,73,78,3.671807858910259,174.44814816255348,39.354419151877714,368022.87281145086,30915.5026271486,9288.0,1161,0.0252375618098022,0.214052698067076,0.0054021681980227,50.518378939208496,11.396632641777549,13.0,45.0,0.808179455141058,0.8750534593516737,1.350625991608018,1.476517523204512,1.5791274500770474,0.7588046171773392,0.5500963819320964,2.7198287984574887,0.081122946147627,87.00709710340469,0.4234432416044878
Trh-M-400023,dense,True,5,0.215864678110246,0.1520182597004658,0.3678829378107119,0.5022668292530407,0.7042294322132098,0.0638464184097802,0.1754976559871987,1.897608150553959,6.669921898935524,5.698081802716173,5.0,4.0,1.0,0.2864021511427946,0.215864678110246,0.5022668292530407,0.6084482381265047,0.7537117903930131,0.0705374730325485,0.2178794324759549,1.662158992393792,5.270677922859166,4.589694349008181,5.0,3.0,2.0,fb_6,dfp_5,0.0615720524017467,0.2669855860926117,0.7330144139073883,31983.0,23444.0,FC,2103.2025157795288,433,73,76,3.4708973316791303,226.7728567687191,61.719026318274864,1038929.3260716782,61500.64237100651,9728.0,1216,0.0093634858078198,0.2162009165069417,0.0020243942133503,34.07705275409984,9.274489662246223,13.0,42.0,0.8039764968576181,0.8763343815748037,1.1331910106570735,1.447407514066673,1.506592060013989,0.8810905940278938,0.4388729834147147,2.4560188283885367,0.103640891814673,123.22355121511688,0.3495101057414769
fru-M-000339,dense,True,2,0.41916191303318,0.2401160610307325,0.6592779740639125,0.854252610386278,0.5728479939724995,0.1790458520024475,0.2831074807028854,1.4402764993347017,4.221862997936872,3.5322273982914503,3.0,3.0,2.0,0.4350906973530979,0.41916191303318,0.854252610386278,0.8774450782622427,0.9633897382388968,0.0159287843199179,0.3767413167580306,1.1400726557345136,3.1269955510914613,2.6543412031504614,2.0,2.0,2.0,fb_6,dfp_5,0.1037517579276867,0.1053036732921461,0.8946963267078538,50663.0,45328.0,FC,2117.4146610470043,496,92,94,4.344921270853414,283.32974281542795,68.87575513285017,562516.3462451681,49429.02708969545,9808.0,1226,0.017435937756243,0.2158864866483487,0.0037641833436145,30.74252553693029,7.473322920517988,17.0,66.0,0.8402439131138906,0.9950256865822388,1.4704268479493086,1.5562172352682406,1.7615762571106526,0.4661515605765806,0.1865969657680973,2.607794679477709,0.7961098800083432,109.75265719373988,0.3181612850314728
Trh-F-400055,dense,True,5,0.3175401043796147,0.1601529618316939,0.4776930662113086,0.6287789509127204,0.5043550708172385,0.1573871425479208,0.1803654169259107,1.9565783253670637,7.075076989421059,5.544300104996143,5.0,3.0,1.0,0.3175401043796147,0.3112388465331056,0.6287789509127204,0.7172851679934583,0.9801560251458,0.006301257846509,0.2293788592055329,1.7169657816132982,5.567609466276463,4.359599674806818,4.0,2.0,2.0,dfp_5,fb_6,1.0,0.1336010967074725,0.8663989032925274,41579.0,36024.0,FC,2127.352945331689,403,64,67,3.0084335624910303,239.77358930893809,68.61773685711586,1195546.3542816862,68449.20411212459,10160.0,1270,0.0084982066681173,0.2093851324145363,0.0017793981284898,31.002959916348168,8.872340575386247,12.0,41.0,0.7973586751618026,0.8495818471771922,1.055234595898655,1.4051705637975918,1.5002489036189628,0.8467471260640592,0.3913229066242887,2.54802157244461,0.1034672355562505,140.35823230502754,0.3060426688931776
Trh-F-300112,dense,True,5,0.2474960463890353,0.1506472207579218,0.3981432671469572,0.5335031921747789,0.6086853626789729,0.0968488256311134,0.1480250192968079,2.101690849756656,8.179989358988486,6.75561472479784,5.0,3.0,1.0,0.2860071457857436,0.2474960463890353,0.5335031921747789,0.629590581620102,0.8653491705918492,0.0385110993967082,0.1910240067416447,1.8581459471514,6.411837857985148,5.234944115440294,5.0,2.0,2.0,fb_6,dfp_5,0.0534507474912963,0.1671352427809992,0.8328647572190008,34146.0,28439.0,FC,2154.2544842906204,436,87,91,4.038520083603235,235.97650960241631,66.69529305241646,1245468.1284444744,69819.30319907436,10200.0,1275,0.008189691704708,0.2112014200284922,0.0017296745176299,32.29994780287676,9.129105638184935,15.0,42.0,0.7873737150185016,0.8828911820863199,1.043727947815223,1.449331905205005,1.5851762209644007,0.8123393394358153,0.4338673007222233,2.568712309888244,0.1012347131561188,137.5724814283427,0.3641781202294154
Trh-M-400052,dense,True,6,0.2691724693287859,0.2113826914878499,0.4805551608166359,0.6715219553787125,0.785305763308403,0.057789777840936,0.2020266969790256,1.7316096664909648,5.649740791475392,4.949840862387706,4.0,3.0,2.0,0.4023494860499266,0.2691724693287859,0.6715219553787126,0.7412012694803658,0.6690016482222746,0.1331770167211406,0.2827621630010853,1.4518469083508685,4.270995372337869,3.5365410611750123,3.0,2.0,2.0,fb_6,dfp_5,0.050741700023546,0.2053905546871299,0.79460944531287,42222.0,33550.0,FC,2172.373041339324,411,70,72,3.2222826682126007,229.67516421448812,65.50101550567592,1158236.0805877908,66189.63204153319,10072.0,1259,0.0086959819062868,0.2156843766222522,0.0018755874365758,33.16548643663516,9.458458639918929,12.0,38.0,0.8010225078684824,0.845939657842416,1.0444101160285213,1.442706510858742,1.5764680996656923,0.8983991403809761,0.4368122163893754,2.4529364135540286,0.1014976914559643,131.04054699646318,0.37681579355128
Trh-M-400110,dense,True,6,0.2464136179559338,0.1876587274349646,0.4340723453908984,0.5793808772050244,0.7615598885793872,0.0587548905209691,0.1882173988305656,1.797323267360091,6.033475828813109,5.313005100555053,4.0,4.0,1.0,0.3292607591461322,0.2464136179559338,0.575674377102066,0.7209829089161919,0.7483844069209924,0.0828471411901983,0.2413637160228702,1.571705173573546,4.814851355171916,4.143124809634791,3.0,3.0,2.0,fb_6,dfp_5,0.1398790910986033,0.224472052531631,0.775527947468369,43707.0,33896.0,FC,2178.899276580387,413,91,96,4.176420680758471,206.19902390688944,62.28263462856116,1076100.5487439868,61472.95976038584,9904.0,1238,0.0092036009195979,0.2200019463429308,0.0020248101156751,34.984057588039185,10.566971827976662,16.0,47.0,0.8228471588294513,0.9264027536481236,1.1841843894458624,1.4763149970672156,1.569812158919587,0.8885104694536523,0.4590168104227354,2.3734303497017413,0.0966477421032626,122.6466001461229,0.3352566894408881
Trh-M-300138,dense,True,6,0.2704405686057062,0.1834862385321101,0.4539268071378163,0.6149561447726586,0.6784715750232992,0.0869543300735961,0.1932913047951742,1.7868991825010778,5.970909032127136,5.173538463407209,4.0,3.0,1.0,0.3445155761669523,0.2704405686057062,0.6149561447726586,0.7075814094162719,0.7849879288901894,0.0740750075612461,0.2525366574201125,1.5367469089860937,4.64944058930095,3.9598211610777354,3.0,2.0,2.0,fb_6,dfp_5,0.0651839929768088,0.2238380885169876,0.7761619114830124,39676.0,30795.0,FC,2208.3554804999408,430,75,77,3.396192355001698,243.93851829795696,63.86326876266332,1136204.6553706608,65199.38737746779,10280.0,1285,0.0090476657980655,0.2148205720330681,0.0019436247423044,34.579430763353315,9.052918316911972,13.0,42.0,0.8071474709429608,0.8735583388053563,1.1313296518954614,1.4240894615976194,1.4742025904538991,0.8238285236555266,0.4309835147328903,2.569229983257443,0.0971147365568156,132.53853777147478,0.3487101735159239
Trh-M-400131,dense,True,6,0.1728239988177922,0.1727008521747697,0.3455248509925619,0.511969853701788,0.9992874447769702,0.0001231466430225,0.1752716076523519,1.9023992122290785,6.701954580123265,5.705430636452436,4.0,4.0,0.0,0.3391458548839958,0.1728239988177922,0.511969853701788,0.6387616373577656,0.5095860566448802,0.1663218560662036,0.2328109190804785,1.660707869788983,5.263035069682308,4.295331180984333,3.0,3.0,1.0,fb_6,dfp_5,0.0184458968772694,0.2632382641249199,0.7367617358750801,40602.0,29914.0,FC,2208.46207864473,429,53,56,2.399860088724031,209.441963190942,63.67201262728558,1171510.141215855,64726.26510055167,10504.0,1313,0.0089662049268292,0.2102496266798105,0.0018851412386005,34.68497362526169,10.544506196360183,11.0,36.0,0.7721895379876678,0.7978547971982406,1.0699913171728344,1.4074559141410468,1.478220936174518,0.8538382619572176,0.4608743068593054,2.4668895067658707,0.1009865451017821,127.95085003848736,0.3418906557005683
Cha-F-000427,dense,True,2,0.8403509278231508,0.0568526160861158,0.8972035439092666,0.9324406222042652,0.0676534221642226,0.783498311737035,0.713031419292585,0.6716568567744979,1.957477895822759,1.4024627427948733,2.0,1.0,1.0,0.8403509278231508,0.0568526160861158,0.8972035439092666,0.9324406222042652,0.0676534221642226,0.783498311737035,0.7130314192925847,0.6716568567744979,1.957477895822759,1.4024627427948737,2.0,1.0,1.0,lh_25,dfp_5,1.0,0.0469539118640154,0.9530460881359846,34651.0,33024.0,FC,2218.3613025855648,599,155,161,6.9871395529368,185.210807362464,47.99399179798542,289878.58768053626,28854.346715093587,9800.0,1225,0.0338072573018059,0.2263633982230168,0.0076527256474366,46.221646074429714,11.977493830822487,22.0,88.0,0.9212463881169288,1.1901079949493374,1.800617940410361,1.7672873400760114,2.141275388596105,0.3355145464063239,0.213658378857222,4.604522610958458,0.1481397954196853,120.15616569396924,0.3105514994408703
Trh-M-300140,dense,True,5,0.262590537506883,0.207442077173959,0.470032614680842,0.6710364691431234,0.7899830631502539,0.0551484603329239,0.2095186620248496,1.7036931082512274,5.494200647720193,4.772844530103942,3.0,3.0,3.0,0.4084459316362404,0.262590537506883,0.6710364691431234,0.7138802998856368,0.6429015866431609,0.1458553941293574,0.2930379214932455,1.4099469666762792,4.09573818770219,3.412527617259426,2.0,2.0,2.0,fb_6,dfp_5,0.0157627294410453,0.233046719471388,0.766953280528612,47218.0,36214.0,FC,2269.5878058518774,441,80,82,3.524869132347688,241.9050189531461,63.891499878283874,1083028.5135383997,63623.942974771824,10520.0,1315,0.0097135023394995,0.2157402857273647,0.002095593770137,35.522531325380406,9.38214434604793,15.0,45.0,0.8199377911314586,0.9034983303550468,1.1920104022331288,1.4664288154016296,1.5304031057666063,0.767126216666733,0.387879912561368,2.807297332891145,0.0954065762330765,140.6333767246149,0.4233655247717656
Cha-F-500310,dense,True,1,0.6073155011279407,0.1474111075303469,0.7547266086582878,0.824309807712966,0.2427257451136464,0.4599043935975938,0.4119468346881673,1.2369522887805515,3.445097785352712,2.427497715225736,3.0,2.0,1.0,0.6073155011279407,0.1474111075303469,0.7547266086582878,0.824309807712966,0.2427257451136464,0.4599043935975938,0.4119468346881673,1.2369522887805515,3.445097785352711,2.427497715225736,3.0,2.0,1.0,dlp_23,idlp_24,1.0,0.1236437855838435,0.8763562144161564,37236.0,32632.0,FC,2483.085752574025,553,109,115,4.389699384606756,190.7535702621033,43.814648594584895,442571.922881009,36670.90934028839,11528.0,1441,0.0260477436638009,0.2153960576486836,0.0056105812958262,56.67250182809665,13.01724391927324,15.0,53.0,0.8222138253556374,0.8944833402644181,1.3856505315703262,1.5492683478941458,1.6845900628046302,0.6452421834027581,0.3497975091090819,1.7601636554011613,0.8719823158629794,57.95256964553778,0.2998969510897231
Gad1-F-600059,dense,True,5,0.3481693683622135,0.1758664058133035,0.524035774175517,0.6355855226383454,0.5051173991571343,0.17230296254891,0.2042151752890388,1.7963737213026474,6.027749484771141,4.896795738047556,5.0,4.0,1.0,0.3481693683622135,0.2465238960313024,0.5946932643935159,0.7062430128563443,0.7080573951434879,0.1016454723309111,0.2291625539736342,1.640458097116146,5.157531621517896,4.363714676155392,4.0,4.0,2.0,dlp_23,mb_4,1.0,0.1539267747344885,0.8460732252655114,57248.0,48436.0,FC,2508.367133110122,476,96,100,3.8271909535415456,323.4375849758304,90.57989151546238,942643.7091007,65953.37277896411,11904.0,1488,0.0126283132057992,0.2107163250260519,0.0026609917500039,27.69231770035773,7.755335958551524,14.0,42.0,0.7958017554283381,0.8758265129574447,1.1443280716743256,1.5197747339525451,1.862187923615532,0.3734544389030677,0.1449330519212484,3.0043034866381464,0.5789765152408748,154.65825793523513,0.3959891511746363
Gad1-F-700172,dense,True,1,0.729248947351242,0.0407024186441231,0.7699513659953652,0.7991970493194505,0.0558141616686062,0.6885465287071189,0.5627501315702745,0.9078380943217226,2.478957463869965,1.7769875898733984,1.0,1.0,1.0,0.7699513659953651,0.0550641381336292,0.8250155041289944,0.8313803570845709,0.0715163847556064,0.7148872278617358,0.6236434586956243,0.7056445015889903,2.025151477752013,1.603480299611481,2.0,1.0,1.0,al_3,ms_12,0.8942727542498622,0.1665633058067043,0.8334366941932957,30637.0,25534.0,FC,2517.724335349003,601,85,86,3.376064599551064,260.2092443433063,63.30185303020805,609010.0273595271,52815.10954807866,11696.0,1462,0.0192049383007864,0.2152637085626712,0.0041341262413445,39.77331175672739,9.675768213781256,13.0,47.0,0.8185059607766589,0.9043550055132912,1.3565325082699369,1.5499074123253491,1.7545117319505248,0.4375547399266538,0.2087708801038239,4.32421065987322,0.1252653581842229,162.14846085573205,0.3658322734651161
VGlut-F-400049,dense,True,6,0.4279209846095473,0.3036590860584789,0.7315800706680262,0.7883753468187531,0.7096148517594901,0.1242618985510683,0.2984017185667474,1.4403762571711656,4.222284182863292,3.351187133918321,3.0,2.0,2.0,0.4279209846095473,0.3036590860584789,0.7315800706680262,0.7883753468187531,0.7096148517594901,0.1242618985510683,0.2984017185667474,1.4403762571711656,4.222284182863292,3.351187133918321,3.0,2.0,2.0,dfp_5,dlp_23,1.0,0.1322298370841139,0.867770162915886,42169.0,36593.0,FC,2546.2910612068126,554,122,136,4.791282577969629,253.85143170583825,59.88736265365819,600173.7624517014,49612.620561612726,11360.0,1420,0.018927851750124,0.2241453398949659,0.004242589764013,42.51800293715679,10.030635021816389,18.0,68.0,0.8660853949683036,0.9977629550183436,1.5013508615606206,1.6443410415020905,1.8791815949865776,0.3214992475552427,0.2144138272187886,3.0924270963024973,0.1030300439401562,137.66294180971303,0.4484771478987756
Gad1-F-100171,dense,True,1,0.4706660583941606,0.1442518248175182,0.6149178832116788,0.7474680656934307,0.306484443152079,0.3264142335766423,0.2859086105246683,1.5715788149122474,4.814242995436894,3.497621139023791,3.0,3.0,1.0,0.4706660583941606,0.27680200729927,0.7474680656934307,0.7896897810218979,0.5881070078511195,0.1938640510948905,0.3241502496220497,1.3796310244789072,3.973435256639562,3.0849891405790144,2.0,2.0,2.0,dfp_5,fb_6,1.0,0.1521669708029197,0.8478330291970803,43840.0,37169.0,FC,2607.6231560746337,611,126,133,4.831986543242436,268.9183811615296,68.7084722392373,750657.0993502499,52881.92824784012,11976.0,1497,0.0159540221632035,0.2177374044818498,0.0034737873768618,37.95198861350173,9.69670851360781,19.0,65.0,0.8510519438885881,1.025009102230595,1.5375136533458924,1.5251430755286248,1.629764472546646,0.4029480062915651,0.239137203602444,3.3428981555542983,0.4559229876830309,124.49864107086071,0.3599264432364141
Gad1-F-200719,dense,True,2,0.6872649627127286,0.1246414685448403,0.811906431257569,0.8579100006373893,0.1813586830512404,0.5626234941678883,0.5068600480974768,0.9900477568703836,2.691363000354153,1.9729311942291516,2.0,2.0,1.0,0.7332685320925489,0.1246414685448403,0.8579100006373893,0.8695264197845625,0.169980659321555,0.6086270635477086,0.5701571754407034,0.8104071856853778,2.2488234890077656,1.753902332680544,2.0,2.0,1.0,al_3,ms_12,0.8745246322011431,0.1296290394543948,0.8703709605456053,62756.0,54621.0,FC,2819.887191573741,603,120,127,4.255489381226971,184.61020465282604,47.39358032518692,483403.2061176111,39529.10481733441,13056.0,1632,0.027008509324664,0.2159840067075475,0.0058334060591391,59.49934932590724,15.274817537181976,16.0,49.0,0.8463046793438598,0.9450024100448192,1.3251349584463068,1.5633980018065066,1.7059208660458205,0.6344901712835707,0.3374143837410771,1.7221104449990925,0.9659773628872385,61.85245357542752,0.3452792704684077
VGlut-F-500876,dense,True,8,0.7522559265867959,0.0478715268926841,0.80012745347948,0.8238338006627581,0.0636372877909931,0.7043843996941117,0.5960696348891539,0.7997440355365343,2.2249713420028447,1.6776563365553114,1.0,1.0,1.0,0.7759622737700739,0.0478715268926841,0.823833800662758,0.8338516441498852,0.0616931112644131,0.7280907468773897,0.631736115221844,0.6937072598437758,2.0011204723150366,1.5829394202812583,1.0,1.0,1.0,al_3,ms_12,0.938898196511284,0.1650012745347948,0.8349987254652051,39230.0,32757.0,FC,2829.789842917076,686,119,122,4.205259280927003,178.63565240696272,42.80741761630731,419395.7815030447,35018.77646890945,13136.0,1642,0.0313212497105306,0.2154224910868663,0.0067473016365962,66.10512851490203,15.84112580432896,15.0,51.0,0.8197537204278899,0.9140148071437584,1.498829365951841,1.5873068789704785,1.7708321920632517,0.7069444618763892,0.3339929012693029,1.514514837768557,0.5703335691858064,52.40524066069423,0.3487004238340724
Gad1-F-700607,dense,True,3,0.447093046745586,0.1821946588016645,0.6292877055472506,0.7543533594602237,0.407509488523405,0.2648983879439214,0.2689844954571825,1.6350576951440283,5.12975395038254,3.717686397873375,4.0,3.0,1.0,0.4479616985172316,0.3072603127146378,0.7552220112318694,0.8300270696133489,0.6859075535512965,0.1407013858025938,0.3154909831745199,1.4050800660088467,4.075853065491212,3.169662695072432,3.0,2.0,2.0,dfp_5,fb_6,0.9961217587373168,0.1193689143872974,0.8806310856127025,49502.0,43593.0,FC,2846.197694502864,600,123,132,4.321555042981089,294.58907607957883,67.7381826195019,808743.9039066486,57105.55393554621,12824.0,1603,0.0158566883015173,0.2219430516611715,0.0035192817908787,42.01762705224159,9.661586004411127,17.0,59.0,0.8762923936277289,1.0372440577634343,1.423098847251432,1.54227888746286,1.62732858462142,0.3601662026683159,0.2432339991044925,2.705741170531581,0.5167392937941748,112.70720070982036,0.3333456409438293
VGlut-F-400184,dense,True,8,0.5633732052793291,0.0770836151423216,0.6404568204216508,0.7170959825310634,0.1368251354874116,0.4862895901370075,0.3845200746596493,1.2708872249562844,3.564013241523878,2.6006444550005123,3.0,1.0,1.0,0.6404568204216506,0.0839050029952269,0.7243618234168776,0.7468550116910472,0.1310080559997586,0.5565518174264237,0.4724874572491634,1.0107144999019866,2.7475634476685222,2.116458298855235,2.0,1.0,1.0,al_3,ms_12,0.7592855203210331,0.2335117586813271,0.7664882413186728,51749.0,39665.0,FC,2853.2063113883514,624,88,92,3.0842494511790064,230.9525091097567,56.43173052556519,726176.5325211838,52423.1237455478,13616.0,1702,0.0187502616653379,0.2095480545966768,0.0039290808551502,50.56031925329257,12.354082327949111,12.0,37.0,0.7916776668669122,0.8294204393570789,1.061460681320071,1.4995776754372054,1.6685417025662874,0.5736680485577658,0.2649520335269916,2.6627753603423967,0.1288521621780608,114.677849763941,0.3942339944035571
TH-M-200013,dense,True,5,0.2588447624342333,0.2325864333309162,0.4914311957651495,0.6048520300049148,0.8985556869825064,0.0262583291033171,0.2182831998795782,1.728369444705107,5.631464004690481,4.581204602789755,3.0,3.0,2.0,0.2588447624342333,0.2325864333309162,0.4914311957651495,0.6048520300049148,0.8985556869825064,0.0262583291033171,0.2182831998795782,1.728369444705107,5.631464004690481,4.581204602789755,3.0,3.0,2.0,cmp_13,ms_12,1.0,0.2859732662976481,0.7140267337023519,124113.0,88620.0,FC,2855.6929521891643,658,130,136,4.552310145960981,176.6515145553076,54.24135169505853,948833.4343146032,56426.0947927803,13256.0,1657,0.0139708398972845,0.2154264447939924,0.003009688369858,52.647894326890864,16.16568620641562,18.0,81.0,0.8311097066906764,1.1120299658057493,1.7161616299213729,1.552195220732511,1.6271754713328572,0.5415046246038292,0.4828027474546583,2.1572176254038977,0.4687545248374544,82.50824740220982,0.2750288613843313
Trh-M-200043,dense,True,3,0.7383347359702909,0.0090570272111569,0.7473917631814478,0.7487409663500715,0.0122668307068806,0.7292777087591339,0.6078512505347732,0.6297110384842353,1.8770681004468683,1.645139331572031,1.0,1.0,1.0,0.7383347359702909,0.0090570272111569,0.7473917631814478,0.7487409663500715,0.0122668307068806,0.7292777087591339,0.6078512505347731,0.6297110384842353,1.8770681004468683,1.6451393315720315,1.0,1.0,1.0,al_3,ammc_2,1.0,0.2502571501088713,0.7497428498911286,74859.0,56125.0,FC,2968.736333216677,577,171,180,5.760026516558934,153.6282783507418,31.24326888211475,210142.36777394687,22147.19076526828,13328.0,1666,0.0634236691114907,0.2227443227203389,0.0141272622206778,95.02002957559073,19.324152851852503,23.0,126.0,0.9277301041302116,1.4163818383667353,2.6133242369865117,1.961281386043369,2.1388590296950123,0.6348779898111983,0.3938687399286015,1.7472997615737869,0.5339851225475498,41.958333560203656,0.2769557576505237
VGlut-F-500335,dense,True,7,0.6595784957092378,0.0881814740030287,0.7477599697122665,0.8226432357395255,0.1336936764565196,0.571397021706209,0.474439130822827,1.0713598029738292,2.919346538274868,2.1077519433645464,3.0,1.0,1.0,0.7344617617364967,0.0881814740030287,0.8226432357395255,0.8316980060575466,0.120062716123628,0.6462802877334679,0.5732688212647867,0.8206560965350749,2.2719899933982943,1.744382326242213,2.0,1.0,1.0,al_3,ms_12,0.7960866857106037,0.1611086572438162,0.8388913427561837,63392.0,53179.0,FC,2931.8774571453187,597,114,116,3.8882934797349407,202.07428249220425,50.43905300836877,606498.9420706999,44398.39144392369,13704.0,1713,0.0225952578799428,0.2139431886416607,0.0048341015190155,58.12713130555536,14.508909401959286,14.0,44.0,0.8090169583734323,0.8503124875711481,1.1671486692457478,1.5360657961145716,1.6888695029638932,0.5961696917624756,0.3146288379374797,2.1963306575314783,0.272762624467331,82.29179652705109,0.4243857625319772
Gad1-F-200186,dense,True,5,0.407574931880109,0.1746321525885558,0.5822070844686649,0.6609264305177112,0.4284663725096937,0.2329427792915531,0.2783704697488288,1.5271781677679617,4.605163471470927,3.5923350666552065,3.0,2.0,1.0,0.4091553133514986,0.1944686648501362,0.6036239782016348,0.6836784741144414,0.475293020777837,0.2146866485013623,0.2868446717994787,1.4392737839625451,4.217631792711481,3.4862073390683674,3.0,2.0,1.0,al_3,ms_12,0.9922749067661162,0.2734059945504087,0.7265940054495913,36700.0,26666.0,FC,3394.292070030749,842,126,130,3.712114261247369,184.8995879605521,47.18592570688913,501126.0567092187,40517.98108320431,15808.0,1976,0.0315449571786539,0.2147198930940504,0.0067733298330569,71.93441729034859,18.35748855619361,14.0,49.0,0.8175077239958453,0.8857755923879826,1.3014923581406248,1.56129387938722,1.6954505844309438,0.7716345109016177,0.3121087690190326,1.5591244816491985,0.904519204823145,58.049011913406666,0.357178242967315
TH-M-200064,dense,True,4,0.429923962663628,0.1190079272967707,0.5489318899603987,0.6509597867296911,0.2768115704913205,0.3109160353668573,0.2547859795593768,1.688617632347516,5.411994166078073,3.924862748450231,3.0,3.0,1.0,0.4421349539625933,0.2210358240660631,0.6631707780286564,0.7120780490549846,0.4999284089282021,0.2210991298965301,0.2895698321359061,1.4801906774050388,4.393783396265827,3.453398417313936,2.0,2.0,2.0,dfp_5,mb_4,0.944763510826161,0.1997017591986888,0.8002982408013112,142167.0,113776.0,FC,4411.930437574553,995,210,219,4.759821193269922,337.12452477479764,81.29783780931882,1326147.046813791,80295.70490083432,19944.0,2493,0.0150390562252636,0.2212159264728516,0.003326878756149,54.26873034338968,13.086945960166394,18.0,65.0,0.867124692919527,1.0425166440393556,1.5234566428088927,1.6236292087929112,1.8694620498197256,0.3078966535244146,0.239910061778656,2.105523263009737,0.6858701922749935,118.97945194136484,0.3003474408818077
TH-F-000010,dense,True,7,0.4388688095534834,0.136379601409456,0.5752484109629394,0.6701374332944335,0.3107525493739512,0.3024892081440273,0.2648774161027173,1.6346153246016344,5.127485200196285,3.7753313012242913,4.0,2.0,1.0,0.4388688095534834,0.136379601409456,0.5752484109629394,0.6701374332944335,0.3107525493739512,0.3024892081440273,0.2686863645370335,1.5751369179235033,4.831403078503469,3.721811494688515,4.0,2.0,1.0,dlp_23,fspp_19,1.0,0.1994312323676369,0.8005687676323631,88261.0,70659.0,FC,4575.773703887985,1145,273,283,5.966204136538371,271.00679890366564,68.2490431236033,673610.8560976073,49029.46275803907,20552.0,2569,0.0305101971174615,0.2226437185620856,0.0067929037402938,67.04524333917725,16.884350217038385,20.0,90.0,0.8672808384927947,1.179323119558759,1.945482016959177,1.7385807065528829,1.959646125862092,0.2861902729598411,0.2270592466743294,4.127747528616833,0.2989216608438531,140.5295768640895,0.3697540923896767
TH-F-200037,dense,True,5,0.3570992630648849,0.17736543419051,0.5344646972553949,0.6337368713506226,0.4966838426610886,0.1797338288743749,0.2098332390593252,1.851537047108051,6.36960238123805,4.76568919434768,3.0,2.0,1.0,0.3718015285254921,0.2766376082857377,0.6484391368112299,0.7027573579646381,0.7440464523716189,0.0951639202397544,0.2560253038629712,1.5917661722500596,4.912417446399772,3.905863931852672,3.0,2.0,2.0,dfp_5,mb_4,0.9209133673069384,0.1864473168820994,0.8135526831179005,109779.0,89311.0,FC,4661.939270703542,1096,206,214,4.418761979473666,354.6151879071436,90.67763279087973,1620386.7883275584,90327.1304016483,21512.0,2689,0.0132758426290324,0.2167134283517823,0.0028770533703963,51.41222953465142,13.146473782516829,18.0,72.0,0.8470093151714284,1.0499863222305277,1.517558356348809,1.683856342529368,2.008590810298812,0.2742576699420772,0.2303540227400448,3.7595730966279306,0.1960132090384148,198.9297100508406,0.2763193103903714
TH-M-000045,dense,True,4,0.3653138384497837,0.1338503590722233,0.4991641975220071,0.595378335138858,0.3663982717989001,0.2314634793775603,0.2393411222576599,1.7030030989745129,5.490410905933992,4.178137006157519,4.0,2.0,1.0,0.3740951451713574,0.2300644966890743,0.6041596418604318,0.6578805770982947,0.6149892605093586,0.1440306484822831,0.2715142227327493,1.5045242917635175,4.502011476868583,3.6830483130318266,3.0,2.0,2.0,dfp_5,mb_4,0.953053083768027,0.2727155330124043,0.7272844669875956,139387.0,101374.0,FC,4710.572386043248,1073,256,264,5.4345837197723865,350.4668609254664,83.1173335935155,1567582.2115800653,89699.4421095875,21088.0,2636,0.0134525639830679,0.2233769151196532,0.0030049922429874,56.67376685927217,13.440849652957754,18.0,69.0,0.8678283688362654,1.0276117770600457,1.52544442553214,1.6610219844766034,2.046295563007493,0.3026413731164791,0.2935560392028873,3.1129118575342827,0.151257513932849,178.29626040702863,0.2804474379508186
Cha-F-300267,dense,True,4,0.5353772060249531,0.1154082358264916,0.6507854418514448,0.7274064257547352,0.2155643432849337,0.4199689701984614,0.3252788350364602,1.6036361764068268,4.97107530771235,3.074285481525138,4.0,2.0,1.0,0.6119981899282436,0.1154082358264916,0.7274064257547354,0.7889811881828174,0.1885761064751241,0.4965899541017519,0.4083981269694804,1.3241193655778156,3.758873703464848,2.448591053589063,3.0,2.0,1.0,dfp_5,dlp_23,0.7496038871870708,0.1200950287672118,0.8799049712327881,61876.0,54445.0,FC,4865.788056131909,1109,202,209,4.151434416577965,366.30119011056985,77.75797399663256,1914896.9852131535,98536.68484925086,22160.0,2770,0.011572424089191,0.2195752732911511,0.0025410181820252,62.5760652707159,13.283571518463116,15.0,51.0,0.8208144494149644,0.9132485090337666,1.3950080436157997,1.5788310058814072,1.815592558258175,0.3805540378051584,0.2925281117115434,3.5443333445390257,0.1414130587989888,179.2654324363223,0.3766026953169784
VGlut-F-000158,dense,True,9,0.671457748031949,0.1185720723744139,0.7900298204063629,0.8482035842018966,0.1765890299455924,0.5528856756575351,0.4774747571982607,1.1384171476480187,3.121823067395844,2.094351554557202,3.0,2.0,1.0,0.671457748031949,0.1185720723744139,0.7900298204063629,0.8482035842018966,0.1765890299455924,0.5528856756575351,0.4774747571982608,1.1384171476480187,3.121823067395844,2.0943515545572016,3.0,2.0,1.0,dlp_23,idlp_24,1.0,0.0842066908937492,0.9157933091062508,104291.0,95509.0,FC,4997.909049154264,1102,252,271,5.042108560231662,224.09374411356904,40.24348195988206,490593.99326693447,38332.11673700952,22696.0,2837,0.0462622867615319,0.220211008510498,0.0101874648237588,124.19176487105618,22.302760252965207,18.0,79.0,0.8505631465545037,1.1484166013681671,2.199783912479869,1.8622908127548463,2.022626082215404,0.6009634235094632,0.3718522259627974,1.7820312116338668,0.4775089089713838,55.09012418189724,0.3717886636153708
TH-F-200034,dense,True,6,0.3770633812984263,0.1068025410269984,0.4838659223254247,0.590199239616921,0.2832482450542438,0.2702608402714279,0.1976437296194545,1.959693200762024,7.097149331103556,5.059609034525969,5.0,3.0,1.0,0.4126521969295924,0.2131358583184946,0.625788055248087,0.7092978487896434,0.5165024199661787,0.1995163386110977,0.2478352430235605,1.669707376258382,5.31061355817896,4.03493864633665,4.0,2.0,2.0,dfp_5,mb_4,0.8275118082687037,0.1359966793397179,0.8640033206602821,166232.0,143625.0,FC,5464.686529561725,1323,302,309,5.52639201473503,345.9291625671775,76.71702719258188,1627138.6386858802,89942.54885851672,24368.0,3046,0.0149759826364151,0.2242566697948836,0.0033584639929484,71.23172950698135,15.797125888455598,20.0,77.0,0.8929226355493015,1.1107086442198628,1.7425658576408565,1.706862016618225,2.012775885658094,0.2879563750816276,0.2686754667547022,2.0575966472080167,0.9279504387266718,110.06275362802894,0.2974709800844143
Trh-M-100071,dense,True,6,0.3523165590957647,0.1518956572912602,0.504212216387025,0.6295744286162054,0.4311340281055956,0.2004209018045045,0.2107556820185447,1.782857943151243,5.9468278512737545,4.744830556511443,4.0,4.0,1.0,0.3523165590957647,0.2772578695204406,0.6295744286162054,0.7331175518611153,0.7869566796179963,0.0750586895753241,0.2501521839143399,1.5565510529003284,4.742436593546477,3.997566538705223,4.0,3.0,2.0,dfp_5,fb_6,1.0,0.1884143260133946,0.8115856739866053,156331.0,126876.0,FC,6971.83919540181,1299,281,293,4.030500304501143,200.86990736487115,58.931731028317486,1242210.0200697584,67348.76954538889,31936.0,3992,0.0257090181885721,0.2183065880323713,0.0056124480424093,118.3036553270724,34.70823124709157,18.0,76.0,0.847330966869447,1.075901110401514,1.9716739806000596,1.7222968357516268,1.7539218101639773,0.5421752496184515,0.4384847811144617,2.3620504839135044,0.5475435454880927,92.27654438671098,0.3525542296503761
Trh-F-100066,dense,True,5,0.4267174405868718,0.1384332255024325,0.5651506660893043,0.6992473063501362,0.324414266527384,0.2882842150844392,0.246988872963708,1.7170041145954915,5.567822893441618,4.0487653876899055,4.0,3.0,1.0,0.4267174405868718,0.2725298657632645,0.6992473063501363,0.7726826969612064,0.6386658707655575,0.1541875748236073,0.2847891621657724,1.5028859298405368,4.494641591606293,3.5113695773925264,3.0,2.0,2.0,dfp_5,fb_6,1.0,0.1440115642273109,0.855988435772689,157036.0,134421.0,FC,7099.278477325951,1449,339,358,4.775133150259086,218.7383767336418,65.14975404124272,1396888.2552415654,72295.17926956099,32560.0,4070,0.0233089510759537,0.2180368082716815,0.0050822092967617,108.9686151820587,32.455568992224705,18.0,73.0,0.8504166839154229,1.0888463922279066,1.888105978012221,1.7259065650009005,1.8297109477644204,0.4937939080973678,0.3861679038038924,2.529395847519274,0.6670351272960395,103.4867524216928,0.3510739494096523
npf-M-300037,dense,True,1,0.4637096774193548,0.0814148918140218,0.5451245692333766,0.585856731258121,0.1755729840858905,0.382294785605333,0.3417547087293123,1.364727202858412,3.914654999624328,2.926075265262994,2.0,1.0,1.0,0.5451245692333766,0.0413959663295859,0.5865205355629625,0.6160386418846392,0.0759385444464595,0.5037286029037907,0.4173172995276881,1.130518614663697,3.097262369357118,2.3962581976155346,1.0,1.0,1.0,dfp_5,dlp_23,0.7012980283441719,0.3422052426416586,0.6577947573583414,141608.0,93149.0,FC,7880.728657438086,1780,376,389,4.771132421176804,386.78678457543975,66.13176068296991,1628151.2036610811,94111.21284077669,35424.0,4428,0.0217571930176663,0.2224686274118701,0.0048402928669753,119.16707760462684,20.374865356603237,18.0,70.0,0.8690702092454881,1.1018915908051017,1.7528311070814249,1.8297083254120088,2.3063297212285883,0.402368457643672,0.3129310863298202,1.919302895083296,0.5903593667528271,93.07153924299396,0.2764927299070089
