neuron_id,source,group,exclusive,n_points,n_points_within_10um,frac_points_within_10um,n_points_within_20um,frac_points_within_20um
1005857944,EM,dense,True,50962,174,0.0034143087006004475,443,0.008692751461873554
1008024276,EM,dense,True,6991,59,0.00843942211414676,84,0.012015448433700473
1008378609,EM,dense,True,11406,36,0.003156233561283535,52,0.004559004032965106
1012954687,EM,dense,True,18301,88,0.004808480410906508,105,0.005737391399377083
1013346945,EM,dense,True,6712,68,0.010131108462455305,91,0.013557806912991657
1014344148,EM,dense,True,17446,110,0.006305170239596469,347,0.019889946119454317
1035601661,EM,dense,True,6043,56,0.009266920403772961,74,0.012245573390699984
1036637638,EM,dense,True,62591,268,0.004281765749069355,395,0.0063108114585164
1037293275,EM,dense,True,8998,167,0.01855967992887308,685,0.07612802845076684
1042656011,EM,dense,True,5147,60,0.011657276083155236,149,0.028948902273168837
1043117106,EM,dense,True,14914,121,0.00811318224487059,134,0.008984846452997184
1043705078,EM,dense,True,9479,74,0.007806730667791961,133,0.014031015929950416
1048250312,EM,dense,True,15675,89,0.0056778309409888355,115,0.00733652312599681
1051980223,EM,dense,True,5585,95,0.017009847806624886,790,0.1414503133393017
1070426862,EM,dense,True,6109,80,0.013095432967752497,104,0.017024062858078247
1105169664,EM,dense,True,11432,66,0.005773268019594122,81,0.007085374387683695
1107081827,EM,dense,True,18926,95,0.00501954982563669,145,0.007661418154919159
1107561814,EM,dense,True,22000,306,0.01390909090909091,351,0.015954545454545454
1110972158,EM,dense,True,5197,35,0.00673465460842794,57,0.010967866076582644
1131827390,EM,dense,True,31160,95,0.003048780487804878,113,0.003626444159178434
1134107162,EM,dense,True,9463,170,0.017964704639120786,197,0.020817922434745853
1135441187,EM,dense,True,31033,153,0.004930235555698772,190,0.006122514742371025
1135837629,EM,dense,True,23129,186,0.008041852220156513,324,0.014008387738337152
1160073701,EM,dense,True,8535,120,0.014059753954305799,162,0.01898066783831283
1167304403,EM,dense,True,6137,353,0.057519960892944436,381,0.06208245070881538
1168915489,EM,dense,True,21181,196,0.009253576318398564,238,0.011236485529483971
1191315642,EM,dense,True,19834,184,0.009276999092467481,245,0.012352525965513764
1192019859,EM,dense,True,2146,37,0.017241379310344827,58,0.02702702702702703
1198330286,EM,dense,True,19434,89,0.004579602758052897,120,0.006174745291756715
1224595608,EM,dense,True,7875,78,0.009904761904761904,96,0.01219047619047619
1224941044,EM,dense,True,16429,41,0.0024955870716416094,61,0.003712946618783858
1225290633,EM,dense,True,34638,74,0.0021363820081990877,155,0.004474854206362954
1225640135,EM,dense,True,12192,80,0.006561679790026247,120,0.00984251968503937
1228265278,EM,dense,True,12102,131,0.010824657081474136,202,0.016691455957692943
1261000309,EM,dense,True,5844,317,0.054243668720054754,339,0.058008213552361396
1261423370,EM,dense,False,3779,158,0.0418100026462027,206,0.05451177560201111
1262360335,EM,dense,True,34300,188,0.005481049562682216,250,0.007288629737609329
1289359184,EM,dense,True,16596,46,0.00277175222945288,66,0.0039768618944323935
1316245799,EM,dense,True,13116,271,0.02066178713022263,306,0.02333028362305581
1321564092,EM,dense,True,84576,450,0.005320658342792281,498,0.005888195232690125
1352684733,EM,dense,True,38226,268,0.007010934965730131,314,0.008214304400146498
1354368623,EM,dense,True,4354,52,0.011943040881947635,523,0.12011943040881948
1378251040,EM,dense,True,25601,172,0.006718487559079723,244,0.00953087770008984
1383016399,EM,dense,True,10417,159,0.015263511567629836,492,0.04723048862436402
1406911688,EM,dense,True,22176,239,0.010777417027417028,312,0.01406926406926407
1443135486,EM,dense,True,8205,41,0.004996953077391834,64,0.007800121876904326
1449247522,EM,dense,True,9055,270,0.02981778023191607,715,0.078961899503037
1449618949,EM,dense,True,2494,177,0.07097032878909383,467,0.1872493985565357
1479156699,EM,dense,True,8785,183,0.020830961866818442,220,0.02504268639726807
1480525278,EM,dense,True,11581,108,0.009325619549261721,146,0.01260685605733529
1572390197,EM,dense,True,13806,122,0.008836737650296972,150,0.01086484137331595
1578826464,EM,dense,True,29647,286,0.009646844537389955,363,0.012244071912841097
1630051981,EM,dense,True,6964,109,0.01565192418150488,283,0.04063756461803561
1639886198,EM,dense,False,29327,208,0.007092440413271047,581,0.019811095577454224
1640555311,EM,dense,False,26824,322,0.012004175365344467,421,0.015694900089472115
1640572741,EM,dense,True,59957,315,0.005253765198392181,1285,0.021432026285504613
1640887603,EM,dense,True,26331,208,0.00789943412707455,333,0.012646690213056854
1640909284,EM,dense,True,37133,346,0.009317857431395255,2061,0.05550319123151913
1640922516,EM,dense,True,54672,438,0.008011413520632133,1527,0.027930201931518878
1640922754,EM,dense,True,21519,233,0.010827640689623124,364,0.0169152841674799
1666561406,EM,dense,True,16139,112,0.006939711258442283,146,0.009046409319040832
1667251683,EM,dense,True,45784,219,0.004783330421107811,817,0.01784466189061681
1668944259,EM,dense,True,5321,131,0.024619432437511746,791,0.14865626761886863
1669924220,EM,dense,True,16050,162,0.010093457943925233,505,0.03146417445482866
1670597533,EM,dense,True,24909,181,0.007266449877554298,313,0.01256573929101931
1671257931,EM,dense,True,11676,347,0.02971908187735526,2131,0.18251113394998286
1671620613,EM,dense,True,76325,308,0.0040353750409433346,460,0.006026858827382902
1671638278,EM,dense,True,20765,173,0.008331326751745726,208,0.010016855285335902
1672320134,EM,dense,True,35328,277,0.00784080615942029,457,0.012935914855072464
1699974843,EM,dense,True,52059,239,0.0045909448894523525,830,0.015943448779269676
1700644008,EM,dense,False,9172,136,0.014827736589620584,231,0.025185346707370257
1702306037,EM,dense,True,26117,79,0.003024849714745185,313,0.011984531148294215
1704347707,EM,dense,True,52507,368,0.00700858933094635,1906,0.036299921915173214
1727979406,EM,dense,True,10473,238,0.0227251026448964,353,0.03370571946911105
1730651751,EM,dense,True,5023,92,0.018315747561218395,395,0.07863826398566594
1733677514,EM,dense,True,14874,135,0.009076240419524002,162,0.010891488503428802
1762359683,EM,dense,True,24371,82,0.003364654712568216,105,0.004308399327069058
1793403571,EM,dense,True,13852,109,0.007868899797863125,133,0.009601501588218308
1794055377,EM,dense,True,11513,92,0.007990966733258055,129,0.01120472509337271
1888199872,EM,dense,True,14139,254,0.01796449536742344,345,0.0244005941014216
1916800213,EM,dense,True,21103,427,0.020234089939818983,698,0.033075865990617445
1978573010,EM,dense,True,17520,138,0.007876712328767124,184,0.010502283105022832
2040301572,EM,dense,True,4770,41,0.008595387840670859,93,0.01949685534591195
2095549849,EM,dense,True,20350,72,0.0035380835380835383,107,0.005257985257985258
2135408892,EM,dense,True,9573,25,0.0026115115428810196,218,0.02277238065392249
267551639,EM,dense,True,11102,184,0.016573590344082147,259,0.023329129886506934
294436967,EM,dense,True,35686,134,0.003754973939359973,164,0.00459563974667937
296139882,EM,dense,True,47186,326,0.006908828889924978,548,0.011613614207603951
296543992,EM,dense,False,11656,124,0.010638297872340425,175,0.01501372683596431
297230760,EM,dense,True,34925,199,0.0056979241231209735,262,0.007501789549033643
297251714,EM,dense,True,43537,276,0.006339435422743873,1358,0.031191859797413693
297580589,EM,dense,True,12091,242,0.020014887106111986,1599,0.13224712596145893
297917475,EM,dense,True,13818,87,0.006296135475466783,116,0.008394847300622376
297925608,EM,dense,True,28217,251,0.00889534677676578,514,0.01821596909664387
298214577,EM,dense,True,9453,80,0.008462921823759652,113,0.01195387707606051
298254384,EM,dense,True,24747,297,0.012001454721784459,563,0.02275023235139613
298258399,EM,dense,True,12070,97,0.008036454018227009,369,0.030571665285832644
298258611,EM,dense,True,30290,192,0.006338725652030373,344,0.011356883459887751
298595394,EM,dense,True,4763,168,0.03527188746588285,700,0.14696619777451186
298603730,EM,dense,True,8601,23,0.002674107661899779,50,0.005813277525869085
298612190,EM,dense,True,17212,233,0.013537067162444806,249,0.014466651173599814
326817334,EM,dense,True,6942,338,0.04868913857677903,1335,0.19230769230769232
327499164,EM,dense,True,25129,186,0.007401806677543874,473,0.018822873970313184
327937328,EM,dense,True,8541,118,0.013815712445849433,492,0.05760449596066034
328265389,EM,dense,True,14515,360,0.02480192903892525,2022,0.1393041681019635
328533761,EM,dense,True,32974,49,0.0014860192879238188,66,0.0020015770000606538
328546871,EM,dense,True,10549,75,0.007109678642525358,92,0.008721205801497772
328601956,EM,dense,True,6691,275,0.04109998505455089,1476,0.22059482887460768
328611004,EM,dense,True,42717,165,0.0038626308027249106,206,0.004822436032492918
328870472,EM,dense,True,26793,168,0.006270294479901467,214,0.007987160825588773
329225149,EM,dense,True,22582,145,0.006421043308830042,182,0.008059516429014259
329289084,EM,dense,True,9429,93,0.009863188036907413,118,0.012514582670484675
329566174,EM,dense,True,48583,91,0.0018730831772430685,343,0.007060082744993104
329566197,EM,dense,True,15825,256,0.01617693522906793,292,0.01845181674565561
329646990,EM,dense,True,9010,19,0.002108768035516093,34,0.0037735849056603774
329897255,EM,dense,True,22496,155,0.006890113798008535,189,0.00840149359886202
329970706,EM,dense,False,14996,70,0.00466791144305148,89,0.0059349159775940255
330268940,EM,dense,False,57495,339,0.005896164883902948,404,0.0070266979737368465
330640044,EM,dense,True,49716,127,0.0025545096146109905,169,0.0033993080698366722
331662710,EM,dense,False,31644,86,0.0027177347996460623,102,0.003223359878649981
331774819,EM,dense,True,19220,173,0.009001040582726327,577,0.030020811654526535
358890923,EM,dense,True,9532,95,0.009966428871170793,113,0.01185480486781368
359598627,EM,dense,True,9762,43,0.004404835074779758,79,0.00809260397459537
359931311,EM,dense,True,4758,74,0.015552753257671291,177,0.03720050441361917
360255138,EM,dense,True,15715,74,0.0047088768692332165,114,0.007254215717467388
360259229,EM,dense,True,16562,185,0.011170148532785895,414,0.024996981040937085
360591860,EM,dense,True,28786,243,0.008441603557284792,321,0.011151254081845342
361005850,EM,dense,True,25010,131,0.0052379048380647745,151,0.006037584966013595
361273559,EM,dense,True,8006,60,0.007494379215588309,91,0.011366475143642269
361312808,EM,dense,True,46366,172,0.0037096148039511712,266,0.005736962429366346
361704572,EM,dense,True,7812,25,0.003200204813108039,105,0.013440860215053764
387568523,EM,dense,True,10584,57,0.005385487528344671,602,0.056878306878306875
387870860,EM,dense,True,19287,139,0.007206926945611034,297,0.015398973401773215
390280026,EM,dense,True,11657,81,0.00694861456635498,97,0.00832118040662263
391496898,EM,dense,True,6127,72,0.011751264893096133,133,0.02170719764974702
393063351,EM,dense,True,20128,89,0.004421701112877583,124,0.006160572337042925
393766777,EM,dense,True,49304,180,0.0036508194061333765,252,0.005111147168586727
417221397,EM,dense,True,16512,214,0.012960271317829458,301,0.018229166666666668
421641859,EM,dense,False,34312,127,0.003701328981114479,207,0.006032874795989741
421646999,EM,dense,True,7458,56,0.007508715473317243,125,0.01676052561008313
422738252,EM,dense,True,29613,107,0.003613277952250701,132,0.004457501772870023
422751191,EM,dense,True,49229,104,0.0021125759206971502,163,0.0033110564910926485
423101189,EM,dense,True,41590,224,0.005385910074537148,492,0.011829766770858379
424716408,EM,dense,True,21252,408,0.019198193111236588,601,0.028279691323169584
424793122,EM,dense,True,11127,117,0.010514963602049069,516,0.046373685629549743
447599745,EM,dense,True,20818,122,0.005860313190508214,334,0.01604380824286675
451982486,EM,dense,True,4250,54,0.012705882352941176,87,0.02047058823529412
452029745,EM,dense,True,8096,322,0.03977272727272727,363,0.04483695652173913
452953198,EM,dense,True,4695,22,0.004685835995740149,44,0.009371671991480299
452971138,EM,dense,True,25709,215,0.008362830137306002,275,0.010696643198879769
454002974,EM,dense,True,11672,226,0.01936257710760795,831,0.07119602467443455
455431209,EM,dense,True,10314,102,0.009889470622454915,120,0.011634671320535195
456847100,EM,dense,True,21957,150,0.006831534362617844,196,0.00892653823382065
484126552,EM,dense,True,16270,102,0.00626920712968654,189,0.011616472034419177
484359937,EM,dense,True,13368,131,0.009799521244763614,367,0.027453620586475165
486880919,EM,dense,True,7091,23,0.003243548159638979,66,0.009307572979833591
487143497,EM,dense,True,29713,112,0.0037693938680039042,130,0.00437518931107596
487144598,EM,dense,True,50858,236,0.004640371229698376,363,0.007137520154154705
488231898,EM,dense,True,13382,198,0.01479599461963832,255,0.019055447616200868
488922181,EM,dense,True,31884,88,0.002760005018190942,125,0.003920461673566679
510049477,EM,dense,True,32919,311,0.00944743157447067,431,0.013092742792915946
510987433,EM,dense,True,17064,26,0.0015236755743084857,41,0.0024027191748710736
514842241,EM,dense,True,9421,67,0.007111771574142872,434,0.04606729646534338
514850616,EM,dense,True,14072,77,0.005471859010801592,96,0.006822057987492893
515049524,EM,dense,True,2383,25,0.01049097775912715,56,0.02349979018044482
516055524,EM,dense,True,23974,49,0.0020438808709435223,234,0.009760573955118045
517514142,EM,dense,False,21982,72,0.0032754071513056136,103,0.004685651897006642
520617773,EM,dense,True,16404,157,0.009570836381370398,200,0.0121921482565228
542376096,EM,dense,True,24292,111,0.00456940556561831,129,0.005310390251934793
543692985,EM,dense,True,50600,360,0.0071146245059288534,502,0.00992094861660079
543821838,EM,dense,True,20405,115,0.0056358735604018625,227,0.011124724332271503
544046671,EM,dense,True,6931,26,0.0037512624440917616,53,0.007646804212956284
548712377,EM,dense,True,43694,244,0.005584290749301964,308,0.007049022749118872
548993536,EM,dense,True,16805,223,0.013269860160666468,288,0.017137756620053554
549597974,EM,dense,True,32366,226,0.006982636099610703,357,0.011030093307792128
550404663,EM,dense,True,26923,431,0.01600861716747762,1940,0.0720573487352821
550638250,EM,dense,True,12202,80,0.006556302245533519,102,0.008359285363055236
573333284,EM,dense,True,6213,34,0.005472396587799775,53,0.008530500563334943
573333835,EM,dense,True,14105,78,0.005529953917050691,295,0.020914569301666075
573670049,EM,dense,True,5061,47,0.009286702232760324,93,0.018375815056312982
574377562,EM,dense,True,16196,184,0.011360829834527044,219,0.013521857248703384
575768294,EM,dense,False,26047,162,0.006219526241025838,202,0.0077552117326371555
576825965,EM,dense,True,30593,65,0.002124669041937698,147,0.004805020756382179
579268807,EM,dense,True,20920,40,0.0019120458891013384,61,0.002915869980879541
579510789,EM,dense,True,10842,38,0.003504888396974728,188,0.01733997417450655
579575594,EM,dense,True,18352,313,0.01705536181342633,1411,0.07688535309503051
579912201,EM,dense,True,16545,96,0.005802357207615594,144,0.00870353581142339
5812978978,EM,dense,True,16461,114,0.006925460178603973,138,0.008383451795152179
5812980494,EM,dense,True,6637,57,0.008588217568178394,213,0.03209281301792979
5812980529,EM,dense,True,16237,204,0.012563897271663484,257,0.015828047053027035
5812981000,EM,dense,True,3990,43,0.010776942355889725,132,0.03308270676691729
5812982656,EM,dense,True,8625,75,0.008695652173913044,444,0.051478260869565216
5812987694,EM,dense,True,26017,126,0.004842987277549294,167,0.006418879963101049
5813009312,EM,dense,True,20105,59,0.0029345933847301667,88,0.004377020641631435
5813009595,EM,dense,True,16814,119,0.007077435470441299,202,0.012013798025454978
5813009620,EM,dense,True,32735,108,0.0032992210172598136,238,0.007270505575072552
5813010510,EM,dense,True,12091,214,0.017699115044247787,237,0.019601356380779093
5813011119,EM,dense,True,18187,90,0.004948589651949194,169,0.009292351679771264
5813011133,EM,dense,True,2376,129,0.054292929292929296,334,0.14057239057239057
5813011298,EM,dense,True,17747,44,0.002479292274750662,60,0.003380853101932721
5813011660,EM,dense,True,16851,157,0.009316954483413447,589,0.03495341522758293
5813019526,EM,dense,True,8725,39,0.004469914040114613,80,0.009169054441260744
5813020347,EM,dense,True,9804,89,0.009077927376580988,344,0.03508771929824561
5813020673,EM,dense,False,9087,57,0.006272697259821723,88,0.009684164190601958
5813020684,EM,dense,True,23913,111,0.004641826621502948,158,0.00660728474051771
5813020785,EM,dense,True,27865,232,0.0083258568096178,259,0.009294814283150906
5813020996,EM,dense,True,38850,274,0.007052767052767053,341,0.008777348777348778
5813021112,EM,dense,True,32972,227,0.006884629382506369,247,0.007491204658498119
5813021533,EM,dense,True,25256,160,0.0063351282863477985,178,0.007047830218561926
5813021583,EM,dense,True,30523,61,0.0019984929397503523,244,0.00799397175900141
5813021602,EM,dense,True,34731,217,0.006248020500417495,264,0.007601278396821284
5813021943,EM,dense,True,13999,268,0.019144224587470532,394,0.028144867490535037
5813023322,EM,dense,True,25892,269,0.010389309439209023,298,0.011509346516298471
5813024692,EM,dense,True,12196,383,0.03140373893079698,1580,0.12955067235159068
5813027276,EM,dense,True,78124,368,0.004710460293891762,665,0.008512108954994624
5813027592,EM,dense,True,36289,241,0.006641130921215796,286,0.007881176113973931
5813032849,EM,dense,True,15741,71,0.004510513944476209,405,0.025728987993138937
5813033196,EM,dense,True,6271,78,0.012438207622388774,109,0.017381597831286875
5813033371,EM,dense,True,29574,243,0.008216676810712111,357,0.012071414079935078
5813034455,EM,dense,True,15169,438,0.028874678620871515,543,0.03579669061902564
5813039309,EM,dense,True,28577,157,0.005493928683906638,203,0.0071036147951149525
5813040277,EM,dense,True,13848,109,0.007871172732524552,135,0.009748700173310225
5813041180,EM,dense,True,11265,94,0.008344429649356413,116,0.010297381269418553
5813047489,EM,dense,True,22968,105,0.004571577847439916,166,0.0072274468826192964
5813047691,EM,dense,True,26159,307,0.011735922627011735,415,0.015864520815015864
5813047970,EM,dense,True,16068,101,0.006285785411999004,148,0.009210853871048046
5813048837,EM,dense,True,7881,68,0.00862834665651567,85,0.010785433320644588
5813049380,EM,dense,False,24090,129,0.005354919053549191,161,0.0066832710668327105
5813049824,EM,dense,True,13957,143,0.01024575481837071,194,0.013899835208139285
5813053836,EM,dense,True,12099,46,0.0038019671047193984,103,0.008513100256219522
5813053851,EM,dense,True,6897,22,0.003189792663476874,39,0.005654632448890822
5813054384,EM,dense,True,29576,137,0.0046321341628347305,151,0.005105490938598864
5813054716,EM,dense,True,34187,525,0.015356714540614854,579,0.01693626232193524
5813054726,EM,dense,True,32620,342,0.010484365419987738,631,0.019343960760269775
5813055277,EM,dense,True,48496,189,0.003897228637413395,529,0.010908116133289344
5813055298,EM,dense,True,12820,98,0.007644305772230889,486,0.03790951638065523
5813055800,EM,dense,True,28342,67,0.0023639827817373508,97,0.0034224825347540754
5813055834,EM,dense,True,6779,25,0.003687859566307715,43,0.0063431184540492696
5813055865,EM,dense,True,9993,173,0.017312118482938055,624,0.06244371059741819
5813055913,EM,dense,True,18346,33,0.0017987572222827864,52,0.0028344053199607544
5813055949,EM,dense,True,28045,189,0.006739169192369407,270,0.009627384560527722
5813056261,EM,dense,True,22687,49,0.0021598272138228943,102,0.0044959668532639835
5813056321,EM,dense,True,14775,126,0.008527918781725888,169,0.01143824027072758
5813056598,EM,dense,True,38223,208,0.0054417497318368525,859,0.022473379902153152
5813056909,EM,dense,True,9793,73,0.007454304094761564,97,0.009905034208107831
5813057153,EM,dense,True,8996,105,0.01167185415740329,122,0.013561582925744775
5813057579,EM,dense,True,102665,353,0.003438367505966006,461,0.004490332635270053
5813057853,EM,dense,True,17471,122,0.006983000400663957,146,0.008356705397515884
5813057861,EM,dense,True,19434,164,0.008438818565400843,197,0.01013687352063394
5813059915,EM,dense,True,24128,94,0.003895888594164456,314,0.01301392572944297
5813060068,EM,dense,True,28652,210,0.007329331285774117,243,0.008481083344967192
5813060787,EM,dense,True,6583,56,0.00850675983594106,76,0.011544888348777153
5813061218,EM,dense,True,14011,144,0.010277638997930197,173,0.012347441296124473
5813062858,EM,dense,True,64898,328,0.005054084871644735,389,0.0059940213874079325
5813062871,EM,dense,True,9818,56,0.005703809329802404,76,0.007740884090446119
5813063093,EM,dense,True,14082,32,0.002272404487998864,89,0.00632012498224684
5813064410,EM,dense,True,54538,148,0.0027137042062415195,297,0.005445744251714401
5813065004,EM,dense,True,11077,94,0.008486052180193193,128,0.011555475309199242
5813068669,EM,dense,True,52853,291,0.00550583694397669,343,0.0064896978411821465
5813068707,EM,dense,True,13522,155,0.011462801360745453,483,0.03571956811122615
5813068748,EM,dense,True,25269,260,0.010289287268985713,314,0.01242629308639044
5813069085,EM,dense,True,29747,76,0.0025548794836454097,223,0.00749655427438061
5813069496,EM,dense,True,14615,93,0.0063633253506671225,113,0.007731782415326719
5813069630,EM,dense,True,16928,79,0.004666824196597354,118,0.006970699432892249
5813070613,EM,dense,True,12697,132,0.010396156572418682,154,0.012128849334488462
5813071348,EM,dense,True,36219,99,0.002733371987078605,121,0.003340787984207184
5813078542,EM,dense,True,21167,200,0.009448670099683469,226,0.010676997212642321
5813078595,EM,dense,True,8985,123,0.013689482470784642,268,0.029827490261547022
5813082239,EM,dense,True,25488,188,0.0073760200878844944,240,0.009416195856873822
5813082723,EM,dense,True,9476,176,0.018573237653018153,211,0.02226677923174335
5813083780,EM,dense,True,44771,204,0.004556520962230015,333,0.007437850394228407
5813098368,EM,dense,True,55052,389,0.007066046646806655,515,0.009354791833175906
5813126031,EM,dense,True,16325,177,0.010842266462480857,216,0.0132312404287902
5813132949,EM,dense,True,9040,209,0.023119469026548673,433,0.04789823008849557
581746661,EM,dense,True,18000,42,0.0023333333333333335,84,0.004666666666666667
5901196806,EM,dense,True,5360,25,0.0046641791044776115,46,0.008582089552238806
5901197108,EM,dense,True,7368,122,0.016558089033659067,198,0.02687296416938111
5901203505,EM,dense,True,12342,104,0.008426511100307892,147,0.011910549343704424
602368546,EM,dense,True,10191,238,0.023353939750760475,284,0.027867726425277205
604289581,EM,dense,True,27281,202,0.00740442065906675,345,0.012646163996920933
609548390,EM,dense,True,24497,165,0.00673551863493489,195,0.007960158386741233
610274029,EM,dense,True,21182,120,0.00566518742328392,147,0.006939854593522803
610274046,EM,dense,True,13835,155,0.011203469461510662,835,0.06035417419588002
611629428,EM,dense,True,26829,196,0.007305527600730553,277,0.010324648701032465
611693656,EM,dense,True,11848,95,0.008018230925050641,332,0.028021607022282242
614081151,EM,dense,True,23671,80,0.003379662878627857,111,0.004689282244096152
634379734,EM,dense,True,2365,43,0.01818181818181818,73,0.030866807610993658
636789034,EM,dense,True,6968,167,0.02396670493685419,378,0.054247990815154995
640194409,EM,dense,True,9225,50,0.005420054200542005,68,0.007371273712737127
640539567,EM,dense,True,21721,133,0.006123106670963584,154,0.007089912987431518
642694410,EM,dense,True,8168,26,0.0031831537708129284,54,0.006611165523996082
667266529,EM,dense,True,16253,48,0.0029533009290592504,71,0.004368424290900142
669325882,EM,dense,True,44166,165,0.0037359054476293983,753,0.017049313951908708
671233447,EM,dense,True,9496,70,0.007371524852569503,105,0.011057287278854255
672006007,EM,dense,True,6081,56,0.009209011675711231,100,0.0164446637066272
672283773,EM,dense,True,33983,370,0.01088779683959627,418,0.012300267780949298
673746277,EM,dense,True,28139,114,0.004051316677920324,205,0.007285262447137425
673776769,EM,dense,True,29742,122,0.004101943379732365,944,0.03173962746284715
675767414,EM,dense,True,15898,99,0.006227198389734558,143,0.008994842118505472
693927941,EM,dense,True,11188,96,0.008580622095101895,122,0.010904540579191992
696850811,EM,dense,True,5042,127,0.025188417294724316,310,0.061483538278460925
698569644,EM,dense,True,12069,125,0.01035711326539067,145,0.012014251387853177
701201945,EM,dense,True,25275,370,0.01463897131552918,429,0.016973293768545995
704699661,EM,dense,True,7528,35,0.004649309245483528,56,0.007438894792773645
705795727,EM,dense,True,5108,148,0.028974158183241974,272,0.05324980422866092
707539688,EM,dense,True,13079,27,0.0020643780105512655,61,0.004663965134949155
727652372,EM,dense,True,12646,208,0.01644788866044599,239,0.018899256681954767
735941254,EM,dense,True,12624,33,0.0026140684410646386,68,0.005386565272496832
736860990,EM,dense,True,19849,36,0.0018136933850571818,138,0.006952491309385863
764377593,EM,dense,True,9324,61,0.006542256542256542,122,0.013084513084513085
768555687,EM,dense,False,9642,34,0.0035262393694254304,83,0.008608172578303257
792326206,EM,dense,True,24723,316,0.012781620353516968,1070,0.04327953727298467
792692885,EM,dense,True,24177,160,0.006617859949538818,202,0.008355048186292758
797442049,EM,dense,True,30842,114,0.0036962583490046043,231,0.007489786654561961
823058891,EM,dense,True,21811,166,0.0076108385676952,759,0.03479895465590757
828455033,EM,dense,True,7584,61,0.00804324894514768,102,0.013449367088607595
829598814,EM,dense,True,10465,78,0.007453416149068323,115,0.01098901098901099
832016427,EM,dense,True,10933,62,0.005670904600750023,100,0.00914662032379036
857793013,EM,dense,True,26995,176,0.0065197258751620675,230,0.008520096314132248
859265651,EM,dense,True,69481,296,0.004260157453116679,343,0.004936601373037234
859507274,EM,dense,True,15678,85,0.005421609899221839,106,0.006761066462559
859839499,EM,dense,True,43921,829,0.018874797932651805,4649,0.10584913822545024
862671913,EM,dense,True,3673,196,0.05336237408113259,1008,0.2744350667029676
884916323,EM,dense,True,9187,37,0.0040274300642211824,58,0.006313268749319691
885168486,EM,dense,True,38696,407,0.01051788298532148,506,0.013076286954724002
891663788,EM,dense,True,2729,113,0.04140710883107365,476,0.17442286551850494
914778159,EM,dense,True,20615,74,0.0035896192093136064,97,0.00470531166626243
915481348,EM,dense,True,15166,143,0.009428985889489648,172,0.011341157853092443
915610561,EM,dense,True,10784,56,0.0051928783382789315,73,0.006769287833827894
922069357,EM,dense,True,7512,55,0.007321618743343983,83,0.01104898828541001
922354084,EM,dense,True,6825,72,0.01054945054945055,145,0.021245421245421246
925241334,EM,dense,True,19394,89,0.004589048159224503,123,0.006342167680725997
944720631,EM,dense,True,5496,37,0.006732168850072781,64,0.011644832605531296
945058110,EM,dense,True,5092,59,0.011586802827965436,86,0.016889238020424194
946308203,EM,dense,True,14856,498,0.033521809369951534,662,0.04456112008616048
947573616,EM,dense,True,75749,462,0.006099090417035208,534,0.007049598014495241
950880008,EM,dense,True,82331,565,0.006862542663152397,779,0.009461806609903924
951234513,EM,dense,True,22640,107,0.004726148409893993,165,0.007287985865724381
951916894,EM,dense,True,11002,26,0.002363206689692783,41,0.0037265951645155428
953410147,EM,dense,True,2310,67,0.029004329004329005,284,0.12294372294372294
953414780,EM,dense,True,23586,130,0.005511744255066565,172,0.007292461629780378
957506896,EM,dense,True,8760,60,0.00684931506849315,81,0.009246575342465754
975197713,EM,dense,True,5904,171,0.028963414634146343,567,0.09603658536585366
977338882,EM,dense,True,9476,46,0.0048543689320388345,63,0.006648374841705361
977339122,EM,dense,True,15760,207,0.013134517766497463,393,0.024936548223350254
978177557,EM,dense,True,3602,47,0.013048306496390895,67,0.018600777345918935
979627466,EM,dense,True,17646,98,0.005553666553326533,453,0.025671540292417545
981000564,EM,dense,True,20464,233,0.011385848318999218,303,0.014806489444878812
988567837,EM,dense,True,10316,176,0.017060876308646764,1028,0.09965102753005041
5HT1A-F-200016,FC,dense,True,7492,12,0.001601708489054992,25,0.0033368926855312335
Cha-F-000088,FC,dense,True,3974,21,0.005284348263714142,75,0.01887267237040765
Cha-F-000239,FC,dense,True,4554,17,0.003732981993851559,29,0.006368028107158542
Cha-F-000329,FC,dense,True,4305,12,0.0027874564459930314,26,0.006039488966318235
Cha-F-000427,FC,dense,True,2520,13,0.005158730158730159,45,0.017857142857142856
Cha-F-000461,FC,dense,True,15264,19,0.0012447589098532495,31,0.002030922431865828
Cha-F-100135,FC,dense,True,4667,13,0.002785515320334262,27,0.005785301049925006
Cha-F-200299,FC,dense,True,12544,17,0.0013552295918367347,29,0.002311862244897959
Cha-F-300267,FC,dense,True,5376,11,0.0020461309523809525,24,0.004464285714285714
Cha-F-300344,FC,dense,True,4502,14,0.003109729009329187,28,0.006219458018658374
Cha-F-400237,FC,dense,True,12730,11,0.0008641005498821681,27,0.0021209740769835036
Cha-F-400298,FC,dense,True,1338,11,0.008221225710014948,26,0.01943198804185351
Cha-F-500071,FC,dense,True,3724,12,0.00322234156820623,25,0.006713211600429645
Cha-F-500310,FC,dense,True,2746,16,0.005826656955571741,28,0.010196649672250545
Cha-F-700236,FC,dense,True,4267,11,0.002577923599718772,32,0.007499414108272791
Cha-F-800090,FC,dense,True,15563,11,0.0007068046006554006,44,0.0028272184026216026
E0585-F-600004,FC,dense,True,2191,12,0.005476951163852123,23,0.010497489730716568
GH146-M-000001,FC,dense,True,11238,15,0.0013347570742124934,40,0.003559352197899982
Gad1-F-000245,FC,dense,True,4515,11,0.0024363233665559247,37,0.008194905869324474
Gad1-F-000694,FC,dense,True,5675,13,0.0022907488986784142,141,0.024845814977973568
Gad1-F-000703,FC,dense,True,7655,62,0.008099281515349445,181,0.02364467668190725
Gad1-F-100171,FC,dense,True,2931,14,0.004776526782668032,26,0.008870692596383487
Gad1-F-100784,FC,dense,True,4176,11,0.0026340996168582377,24,0.005747126436781609
Gad1-F-200186,FC,dense,True,3869,11,0.002843111915223572,24,0.0062031532695787026
Gad1-F-200219,FC,dense,True,4176,12,0.0028735632183908046,24,0.005747126436781609
Gad1-F-200247,FC,dense,True,11579,20,0.0017272648760687452,31,0.002677260557906555
Gad1-F-200719,FC,dense,True,3110,14,0.0045016077170418,26,0.008360128617363344
Gad1-F-400220,FC,dense,True,2025,12,0.005925925925925926,23,0.011358024691358024
Gad1-F-500004,FC,dense,True,6961,12,0.00172389024565436,25,0.0035914380117799166
Gad1-F-500321,FC,dense,True,3591,11,0.003063213589529379,24,0.006683375104427736
Gad1-F-500457,FC,dense,True,847,14,0.01652892561983471,34,0.04014167650531287
Gad1-F-600059,FC,dense,True,2729,12,0.004397215097105167,33,0.012092341517039208
Gad1-F-600604,FC,dense,True,4571,12,0.0026252461168234523,23,0.005031721723911617
Gad1-F-700172,FC,dense,True,2824,13,0.004603399433427762,38,0.013456090651558074
Gad1-F-700193,FC,dense,True,1604,10,0.006234413965087282,23,0.014339152119700748
Gad1-F-700607,FC,dense,True,3138,11,0.003505417463352454,23,0.007329509241555131
Gad1-F-800371,FC,dense,True,3571,29,0.008120974516942034,53,0.014841781013721647
Gad1-F-900395,FC,dense,True,6286,15,0.0023862551702195354,30,0.004772510340439071
TH-F-000009,FC,dense,True,13672,11,0.0008045640725570509,23,0.0016822703335283792
TH-F-000010,FC,dense,True,5117,21,0.004103967168262654,78,0.015243306624975571
TH-F-000012,FC,dense,True,17749,15,0.000845118034818863,26,0.001464871260352696
TH-F-000019,FC,dense,True,8677,12,0.0013829664630632707,28,0.0032269217471476317
TH-F-000036,FC,dense,True,5304,11,0.0020739064856711916,25,0.00471342383107089
TH-F-000046,FC,dense,True,6183,12,0.0019408054342552159,24,0.0038816108685104317
TH-F-000079,FC,dense,True,18526,11,0.0005937601209111519,23,0.0012414984346324086
TH-F-000091,FC,dense,True,5947,11,0.0018496721035816377,22,0.0036993442071632755
TH-F-100005,FC,dense,True,18963,11,0.000580076992037125,23,0.0012128882560776249
TH-F-100036,FC,dense,True,5060,12,0.0023715415019762848,43,0.00849802371541502
TH-F-100050,FC,dense,True,6215,12,0.0019308125502815769,40,0.006436041834271922
TH-F-100075,FC,dense,True,4639,11,0.002371200689803837,34,0.007329165768484587
TH-F-100083,FC,dense,False,4548,11,0.002418645558487247,24,0.005277044854881266
TH-F-100095,FC,dense,True,4719,12,0.0025429116338207248,25,0.005297732570459843
TH-F-100099,FC,dense,False,4381,12,0.0027391006619493265,28,0.006391234877881762
TH-F-200004,FC,dense,True,4874,14,0.002872384078785392,26,0.005334427574887156
TH-F-200010,FC,dense,True,6935,12,0.0017303532804614275,23,0.0033165104542177363
TH-F-200026,FC,dense,True,6014,14,0.002327901563019621,26,0.004323245759893582
TH-F-200034,FC,dense,True,6088,12,0.0019710906701708277,26,0.0042706964520367935
TH-F-200037,FC,dense,True,5220,12,0.0022988505747126436,23,0.004406130268199234
TH-F-200064,FC,dense,True,5762,10,0.0017355085039916696,21,0.003644567858382506
TH-F-200081,FC,dense,False,5979,13,0.0021742766348887776,29,0.00485030941629035
TH-F-200085,FC,dense,True,6174,13,0.002105604146420473,24,0.003887269193391642
TH-F-200096,FC,dense,True,4731,11,0.0023250898330162756,23,0.004861551469034031
TH-F-200106,FC,dense,True,3889,11,0.00282849061455387,22,0.00565698122910774
TH-F-300037,FC,dense,True,6017,12,0.0019943493435266744,25,0.0041548944656805715
TH-F-300046,FC,dense,True,8003,11,0.0013744845682868924,23,0.0028739222791453207
TH-F-300062,FC,dense,True,5989,12,0.0020036734012355987,22,0.0036734012355985972
TH-F-300078,FC,dense,True,10334,11,0.001064447455002903,22,0.002128894910005806
TH-F-700015,FC,dense,True,4827,13,0.0026931841723637872,26,0.0053863683447275745
TH-M-000008,FC,dense,True,7144,12,0.0016797312430011197,25,0.0034994400895856665
TH-M-000021,FC,dense,True,7121,12,0.0016851565791321443,25,0.0035107428731919674
TH-M-000029,FC,dense,True,7375,11,0.0014915254237288136,22,0.002983050847457627
TH-M-000030,FC,dense,True,15400,13,0.0008441558441558442,30,0.001948051948051948
TH-M-000032,FC,dense,True,7957,17,0.002136483599346487,30,0.0037702651753173306
TH-M-000045,FC,dense,True,5249,13,0.0024766622213755,24,0.004572299485616308
TH-M-100016,FC,dense,True,4585,12,0.0026172300981461287,26,0.0056706652126499455
TH-M-100027,FC,dense,True,11552,12,0.001038781163434903,27,0.0023372576177285317
TH-M-100057,FC,dense,True,5749,12,0.0020873195338319706,22,0.0038267524786919464
TH-M-100063,FC,dense,True,4272,25,0.005852059925093633,36,0.008426966292134831
TH-M-200010,FC,dense,True,5396,15,0.0027798369162342477,30,0.005559673832468495
TH-M-200013,FC,dense,True,3178,11,0.003461296412838263,25,0.007866582756450597
TH-M-200034,FC,dense,True,12811,13,0.0010147529466864413,26,0.0020295058933728826
TH-M-200035,FC,dense,True,9342,14,0.00149860843502462,26,0.0027831299507600086
TH-M-200049,FC,dense,True,5748,11,0.0019137091162143354,23,0.004001391788448156
TH-M-200064,FC,dense,True,4859,12,0.002469643959662482,24,0.004939287919324964
TH-M-200095,FC,dense,True,5570,13,0.002333931777378815,25,0.004488330341113106
TH-M-300005,FC,dense,True,6108,13,0.002128356254092993,25,0.004092992796332679
TH-M-300017,FC,dense,True,13943,10,0.0007172057663343614,24,0.001721293839202467
TH-M-300063,FC,dense,True,4245,11,0.002591283863368669,22,0.005182567726737338
Trh-F-000008,FC,dense,True,8084,13,0.0016081147946561108,61,0.007545769421078674
Trh-F-100001,FC,dense,True,6503,12,0.0018453021682300476,24,0.003690604336460095
Trh-F-100038,FC,dense,True,8190,12,0.0014652014652014652,24,0.0029304029304029304
Trh-F-100052,FC,dense,True,11401,13,0.0011402508551881414,24,0.0021050785018857997
Trh-F-100066,FC,dense,True,7824,30,0.003834355828220859,43,0.0054959100204498975
Trh-F-300112,FC,dense,True,2384,12,0.0050335570469798654,23,0.00964765100671141
Trh-F-400055,FC,dense,True,2327,11,0.004727116458960034,22,0.009454232917920068
Trh-M-000172,FC,dense,True,6788,11,0.0016205067766647025,35,0.005156157925751326
Trh-M-100020,FC,dense,True,8173,12,0.0014682491129328276,24,0.0029364982258656552
Trh-M-100024,FC,dense,True,2025,12,0.005925925925925926,23,0.011358024691358024
Trh-M-100025,FC,dense,True,8129,12,0.0014761963341124369,50,0.006150818058801821
Trh-M-100037,FC,dense,True,7254,16,0.0022056796250344637,67,0.009236283429831817
Trh-M-100060,FC,dense,True,9930,11,0.001107754279959718,23,0.0023162134944612286
Trh-M-100071,FC,dense,True,7638,12,0.0015710919088766694,30,0.003927729772191673
Trh-M-200043,FC,dense,True,3266,13,0.003980404164115126,32,0.009797917942437232
Trh-M-300071,FC,dense,True,3167,12,0.003789074834227976,23,0.007262393432270287
Trh-M-300138,FC,dense,True,2423,11,0.004539826661163846,23,0.009492364836978951
Trh-M-300140,FC,dense,True,2486,12,0.004827031375703942,24,0.009654062751407884
Trh-M-400023,FC,dense,True,2300,13,0.005652173913043478,24,0.010434782608695653
Trh-M-400052,FC,dense,True,2367,12,0.005069708491761723,23,0.009716941275876637
Trh-M-400110,FC,dense,True,2385,16,0.0067085953878406705,27,0.011320754716981131
Trh-M-400131,FC,dense,True,2410,10,0.004149377593360996,21,0.008713692946058092
Trh-M-500163,FC,dense,True,1114,11,0.009874326750448833,28,0.025134649910233394
Trh-M-700039,FC,dense,True,7533,12,0.0015929908403026682,23,0.0030532324439134476
VGlut-F-000016,FC,dense,True,12047,14,0.0011621150493898896,26,0.002158213663152652
VGlut-F-000111,FC,dense,True,8446,10,0.0011839924224484964,23,0.0027231825716315414
VGlut-F-000158,FC,dense,True,5544,12,0.0021645021645021645,25,0.004509379509379509
VGlut-F-000177,FC,dense,True,4097,17,0.004149377593360996,31,0.007566512082011228
VGlut-F-000303,FC,dense,True,7950,10,0.0012578616352201257,22,0.002767295597484277
VGlut-F-000463,FC,dense,True,3816,11,0.002882599580712788,24,0.006289308176100629
VGlut-F-000556,FC,dense,True,5583,13,0.002328497223714849,23,0.0041196489342647325
VGlut-F-100002,FC,dense,True,6607,11,0.0016649008627213561,23,0.003481156349326472
VGlut-F-100003,FC,dense,True,10174,11,0.001081187340279143,84,0.008256339689404365
VGlut-F-100035,FC,dense,True,6936,12,0.0017301038062283738,23,0.00331603229527105
VGlut-F-100125,FC,dense,True,6811,11,0.0016150345030098371,24,0.0035237116429305535
VGlut-F-200036,FC,dense,True,6505,15,0.0023059185242121443,26,0.003996925441967717
VGlut-F-200062,FC,dense,True,8541,16,0.0018733169418100925,48,0.005619950825430277
VGlut-F-200143,FC,dense,True,4781,12,0.0025099351600083664,24,0.005019870320016733
VGlut-F-200251,FC,dense,True,10625,13,0.0012235294117647058,24,0.0022588235294117645
VGlut-F-200319,FC,dense,True,4465,107,0.023964165733482642,365,0.08174692049272117
VGlut-F-200392,FC,dense,True,7037,11,0.0015631661219269574,24,0.003410544266022453
VGlut-F-200459,FC,dense,True,4711,12,0.0025472298874973467,25,0.005306728932286139
VGlut-F-300438,FC,dense,True,3988,12,0.003009027081243731,23,0.005767301905717151
VGlut-F-400049,FC,dense,True,2807,12,0.004275026718916993,24,0.008550053437833986
VGlut-F-400184,FC,dense,True,3124,17,0.005441741357234315,30,0.009603072983354673
VGlut-F-400186,FC,dense,True,3693,15,0.004061738424045491,29,0.00785269428648795
VGlut-F-400334,FC,dense,True,10086,17,0.0016855046599246481,37,0.003668451318659528
VGlut-F-400757,FC,dense,True,3652,12,0.0032858707557502738,24,0.0065717415115005475
VGlut-F-400898,FC,dense,True,3646,10,0.0027427317608337905,21,0.00575973669775096
VGlut-F-500002,FC,dense,True,4356,15,0.003443526170798898,27,0.006198347107438017
VGlut-F-500335,FC,dense,True,3246,10,0.0030807147258163892,21,0.006469500924214418
VGlut-F-500876,FC,dense,True,3199,10,0.0031259768677711786,21,0.006564551422319475
VGlut-F-600204,FC,dense,True,6656,11,0.0016526442307692308,25,0.0037560096153846155
VGlut-F-700261,FC,dense,True,10300,11,0.0010679611650485437,22,0.0021359223300970874
VGlut-F-700541,FC,dense,True,3649,13,0.00356261989586188,24,0.006577144423129624
VGlut-F-800130,FC,dense,True,5138,12,0.0023355391202802647,27,0.005254963020630596
fru-F-000094,FC,dense,True,8113,43,0.005300135584863799,77,0.009490940465918895
fru-F-000131,FC,dense,True,5286,17,0.003216042376087779,126,0.02383654937570942
fru-M-000335,FC,dense,True,4792,17,0.0035475792988313858,55,0.011477462437395659
fru-M-000339,FC,dense,True,2382,18,0.007556675062972292,31,0.013014273719563391
fru-M-300299,FC,dense,True,5869,12,0.0020446413358323396,24,0.004089282671664679
npf-M-300037,FC,dense,True,8749,12,0.0013715853240370327,26,0.0029717682020802376
1016835041,EM,projection,True,8720,386,0.04426605504587156,1979,0.22694954128440367
1048172314,EM,projection,True,15688,139,0.008860275369709332,1007,0.06418918918918919
1048215779,EM,projection,True,8861,439,0.04954294097731633,2125,0.23981491930933302
1051630846,EM,projection,True,5856,92,0.015710382513661202,612,0.10450819672131148
1078693835,EM,projection,True,36393,362,0.009946967823482538,420,0.01154068090017311
1100792636,EM,projection,True,22851,138,0.006039123014310096,153,0.00669554942890902
1101133698,EM,projection,True,6178,138,0.02233732599546779,675,0.10925865976044027
1141324564,EM,projection,True,2447,36,0.014711892112791173,101,0.04127503064977524
1141337605,EM,projection,True,7196,80,0.011117287381878822,111,0.015425236242356866
1141678665,EM,projection,True,7171,71,0.009900990099009901,104,0.014502858736577882
1142011140,EM,projection,True,6956,73,0.010494537090281772,100,0.01437607820586544
1142356576,EM,projection,True,6658,134,0.020126164013217183,227,0.034094322619405225
1142365351,EM,projection,True,6258,149,0.023809523809523808,417,0.0666347075743049
1171690479,EM,projection,True,3522,48,0.013628620102214651,68,0.019307211811470756
1172372382,EM,projection,True,1656,30,0.018115942028985508,47,0.028381642512077296
1173045815,EM,projection,True,3422,86,0.025131502045587374,424,0.12390414962010521
1173745330,EM,projection,True,2909,29,0.009969061533172912,61,0.020969405293915434
1193560072,EM,projection,True,2902,22,0.007580978635423846,35,0.012060647829083391
1198006801,EM,projection,True,3071,75,0.024422012373819604,388,0.1263432106805601
1198330641,EM,projection,True,4736,381,0.08044763513513513,1134,0.23944256756756757
1204175835,EM,projection,True,6220,48,0.0077170418006430866,92,0.014790996784565916
1205090786,EM,projection,True,6982,362,0.05184760813520481,662,0.09481523918647952
1206114100,EM,projection,True,5412,65,0.012010347376201035,99,0.018292682926829267
1224258912,EM,projection,True,5214,25,0.004794783275795934,49,0.009397775220560031
1224595289,EM,projection,True,4320,27,0.00625,217,0.05023148148148148
1224945418,EM,projection,True,4623,21,0.004542504866969501,44,0.009517629245078953
1228683492,EM,projection,True,13330,78,0.005851462865716429,98,0.007351837959489872
1261129711,EM,projection,True,3466,37,0.010675129832660127,103,0.02971725331794576
1261130127,EM,projection,True,4122,67,0.016254245511887432,93,0.022561863173216887
1261423370,EM,projection,False,3779,158,0.0418100026462027,206,0.05451177560201111
1262114202,EM,projection,True,3266,69,0.02112676056338028,92,0.028169014084507043
1266871604,EM,projection,True,7341,72,0.009807928075194115,171,0.023293829178586023
1290416713,EM,projection,True,9344,69,0.007384417808219178,89,0.009524828767123288
1322474586,EM,projection,True,1295,39,0.030115830115830116,66,0.050965250965250966
1419019956,EM,projection,True,5035,52,0.010327706057596822,70,0.013902681231380337
1448929233,EM,projection,True,26981,228,0.008450391015900078,299,0.011081872428746154
1469403612,EM,projection,True,12013,196,0.016315658037126448,215,0.017897277948888703
1510648834,EM,projection,True,7370,69,0.009362279511533242,218,0.029579375848032566
1602402027,EM,projection,True,5821,48,0.008246005840920804,86,0.014774093798316441
1610224198,EM,projection,True,382,42,0.1099476439790576,75,0.19633507853403143
1639886198,EM,projection,False,29327,208,0.007092440413271047,581,0.019811095577454224
1640555311,EM,projection,False,26824,322,0.012004175365344467,421,0.015694900089472115
1641250106,EM,projection,True,254,20,0.07874015748031496,36,0.14173228346456693
1670278227,EM,projection,True,2329,42,0.018033490768570203,78,0.03349076857020181
1700644008,EM,projection,False,9172,136,0.014827736589620584,231,0.025185346707370257
1729935421,EM,projection,True,3673,29,0.007895453307922679,52,0.014157364552137218
203253253,EM,projection,True,18715,93,0.004969275981832754,111,0.0059310713331552235
266187383,EM,projection,True,4302,27,0.006276150627615063,88,0.020455602045560205
267896360,EM,projection,True,4361,82,0.01880302682870901,232,0.053198807612932816
296543992,EM,projection,False,11656,124,0.010638297872340425,175,0.01501372683596431
297166053,EM,projection,True,6779,76,0.011211093081575453,98,0.014456409499926243
299082033,EM,projection,True,8864,206,0.023240072202166066,1169,0.13188176895306858
300972942,EM,projection,True,4808,599,0.12458402662229617,2549,0.5301580698835274
326253554,EM,projection,True,49090,262,0.0053371358728865346,427,0.008698309227948666
328632707,EM,projection,True,22538,260,0.011536072411039135,329,0.014597568550891827
328943204,EM,projection,True,13418,66,0.00491876583693546,277,0.020643911164107916
329970706,EM,projection,False,14996,70,0.00466791144305148,89,0.0059349159775940255
330268940,EM,projection,False,57495,339,0.005896164883902948,404,0.0070266979737368465
331662710,EM,projection,False,31644,86,0.0027177347996460623,102,0.003223359878649981
361040812,EM,projection,True,12903,119,0.00922266139657444,295,0.022862900100751763
418969956,EM,projection,True,2853,32,0.011216263582194182,50,0.01752541184717841
421641859,EM,projection,False,34312,127,0.003701328981114479,207,0.006032874795989741
422682603,EM,projection,True,1888,30,0.015889830508474576,48,0.025423728813559324
422725634,EM,projection,True,9826,138,0.014044372074089151,1171,0.11917362100549563
423774471,EM,projection,True,7221,88,0.012186677745464617,107,0.014817892258689931
424789697,EM,projection,True,36356,359,0.009874573660468698,444,0.0122125646385741
454439022,EM,projection,True,2688,44,0.01636904761904762,67,0.02492559523809524
456156825,EM,projection,True,6230,47,0.007544141252006421,69,0.011075441412520063
457175171,EM,projection,True,9303,90,0.009674298613350531,112,0.012039127163280662
484911954,EM,projection,True,9274,128,0.013802027172740997,367,0.039572999784343324
485745069,EM,projection,True,11213,274,0.024435922589851066,303,0.027022206367609027
486544396,EM,projection,True,11086,76,0.006855493415118167,88,0.007937939743821036
517514142,EM,projection,False,21982,72,0.0032754071513056136,103,0.004685651897006642
517854468,EM,projection,True,8105,60,0.007402837754472548,76,0.009376927822331894
518899665,EM,projection,True,10177,119,0.011693033310405818,142,0.013953031345190135
519046655,EM,projection,True,25333,254,0.010026447716417322,1468,0.057948130896459164
519279166,EM,projection,True,7285,87,0.011942347288949898,231,0.03170899107755663
519591210,EM,projection,True,2808,33,0.011752136752136752,54,0.019230769230769232
549282467,EM,projection,True,16153,64,0.003962112301120535,259,0.016034173218597163
550280614,EM,projection,True,6519,35,0.005368921613744439,75,0.01150483202945237
550617370,EM,projection,True,3349,43,0.012839653627948642,60,0.017915795759928337
575768294,EM,projection,False,26047,162,0.006219526241025838,202,0.0077552117326371555
579916831,EM,projection,True,3554,41,0.011536297129994372,57,0.016038266741699492
580287695,EM,projection,True,3876,61,0.015737874097007224,87,0.02244582043343653
5812979156,EM,projection,True,6532,50,0.0076546233925290875,152,0.023270055113288425
5812980638,EM,projection,True,2531,29,0.011457921770051362,55,0.021730541288028447
5812981543,EM,projection,True,9100,40,0.004395604395604396,56,0.006153846153846154
5812982779,EM,projection,True,2955,67,0.022673434856175973,160,0.05414551607445008
5813020455,EM,projection,True,1469,48,0.03267528931245745,66,0.044928522804629
5813020585,EM,projection,True,1302,26,0.019969278033794162,43,0.03302611367127496
5813020673,EM,projection,False,9087,57,0.006272697259821723,88,0.009684164190601958
5813022201,EM,projection,True,3291,52,0.015800668489820723,74,0.022485566697052567
5813022925,EM,projection,True,6938,228,0.032862496396656095,244,0.035168636494667053
5813026366,EM,projection,True,8589,302,0.03516125276516475,392,0.045639771801140996
5813034306,EM,projection,True,3414,45,0.013181019332161687,70,0.020503807850029292
5813049380,EM,projection,False,24090,129,0.005354919053549191,161,0.0066832710668327105
5813057274,EM,projection,True,24652,95,0.0038536427064741197,113,0.004583806587700795
5813058048,EM,projection,True,26857,74,0.002755333804967048,110,0.004095766466842909
5813058316,EM,projection,True,3033,23,0.007583250906693043,98,0.03231124299373558
5813068729,EM,projection,True,4880,545,0.11168032786885246,2617,0.5362704918032787
5813077405,EM,projection,True,6504,184,0.028290282902829027,246,0.03782287822878229
5813087817,EM,projection,True,10533,39,0.00370264881800057,59,0.005601443083641887
5813089803,EM,projection,True,3401,36,0.010585122022934431,55,0.016171714201705382
5901203987,EM,projection,True,15560,337,0.021658097686375322,374,0.02403598971722365
604864392,EM,projection,True,3291,44,0.013369796414463689,256,0.07778790641142509
608922563,EM,projection,True,26745,328,0.012263974574686858,484,0.018096840530940364
609587511,EM,projection,True,2590,38,0.014671814671814672,67,0.025868725868725868
612414168,EM,projection,True,11557,143,0.012373453318335208,169,0.014623172103487065
613079053,EM,projection,True,18219,198,0.010867775399308414,227,0.012459520281025304
613719036,EM,projection,True,3156,27,0.008555133079847909,78,0.024714828897338403
636667489,EM,projection,True,3754,23,0.006126798082045818,43,0.011454448588172616
642664141,EM,projection,True,4362,46,0.01054562127464466,64,0.014672168729940394
643830129,EM,projection,True,8752,128,0.014625228519195612,312,0.0356489945155393
644417074,EM,projection,True,6296,81,0.01286531130876747,107,0.016994917407878018
673085197,EM,projection,True,9721,46,0.004732023454377122,76,0.007818125707231767
673509195,EM,projection,True,57849,391,0.006758975954640529,472,0.00815917301941261
673518025,EM,projection,True,2754,22,0.007988380537400145,47,0.017066085693536674
674807824,EM,projection,True,13641,65,0.004765046550839381,105,0.007697382889817462
676573560,EM,projection,True,3364,27,0.00802615933412604,54,0.01605231866825208
700486220,EM,projection,True,2482,102,0.0410958904109589,312,0.12570507655116842
702389193,EM,projection,True,3646,80,0.021941854086670324,148,0.0405924300603401
736174181,EM,projection,True,10854,119,0.010963700018426387,170,0.015662428597751982
737832306,EM,projection,True,12959,42,0.0032409908171926846,151,0.011652133652287984
760686202,EM,projection,True,3827,73,0.01907499346746799,94,0.024562320355369743
768555687,EM,projection,False,9642,34,0.0035262393694254304,83,0.008608172578303257
799586652,EM,projection,True,10931,63,0.005763425121214893,237,0.02168145640837984
829261936,EM,projection,True,3831,119,0.031062385800052206,185,0.04829026363873662
832357089,EM,projection,True,12639,64,0.005063691747764855,199,0.015744916528206344
860983686,EM,projection,True,8187,178,0.02174178575790888,211,0.025772566263588616
862705904,EM,projection,True,8288,68,0.008204633204633204,86,0.010376447876447877
894551935,EM,projection,True,6052,52,0.008592200925313946,75,0.012392597488433575
919763043,EM,projection,True,52430,213,0.004062559603280565,744,0.014190349036810986
922810839,EM,projection,True,2159,24,0.0111162575266327,226,0.1046780917091246
946641153,EM,projection,True,2412,61,0.02529021558872305,93,0.03855721393034826
946645313,EM,projection,True,6892,149,0.021619268717353455,208,0.030179918746372606
946990515,EM,projection,True,4504,39,0.008658969804618118,76,0.016873889875666074
948035783,EM,projection,True,8818,117,0.013268314810614652,150,0.017010660013608528
955464899,EM,projection,True,3574,40,0.01119194180190263,58,0.016228315612758813
956138930,EM,projection,True,2901,56,0.019303688383316097,105,0.03619441571871768
977343309,EM,projection,True,9420,106,0.011252653927813163,125,0.01326963906581741
981362334,EM,projection,True,6417,37,0.005765934237182484,54,0.008415147265077139
983759126,EM,projection,True,6741,76,0.011274291648123424,96,0.014241210502892745
986828383,EM,projection,True,3151,37,0.011742304030466518,54,0.0171374166931133
Cha-F-000009,FC,projection,True,3411,11,0.0032248607446496626,22,0.006449721489299325
Cha-F-400112,FC,projection,True,1969,12,0.006094464195022855,28,0.014220416455053326
Cha-F-400201,FC,projection,True,2378,13,0.0054667788057190915,25,0.010513036164844407
Cha-F-800086,FC,projection,True,1573,11,0.006993006993006993,22,0.013986013986013986
E0585-F-200015,FC,projection,True,2240,12,0.005357142857142857,28,0.0125
E0585-F-300042,FC,projection,True,2530,12,0.0047430830039525695,24,0.009486166007905139
G0239-F-000001,FC,projection,True,2300,12,0.0052173913043478265,27,0.011739130434782608
G0239-F-000003,FC,projection,True,2411,14,0.005806719203649938,41,0.017005391953546247
G0239-F-000005,FC,projection,True,2442,16,0.006552006552006552,28,0.011466011466011465
G0239-F-000007,FC,projection,True,1908,11,0.005765199161425576,23,0.012054507337526206
G0239-F-000008,FC,projection,True,2150,12,0.005581395348837209,24,0.011162790697674419
G0239-F-000009,FC,projection,True,1664,12,0.007211538461538462,24,0.014423076923076924
G0239-F-000011,FC,projection,True,1885,10,0.005305039787798408,22,0.011671087533156498
G0239-F-000012,FC,projection,True,2055,12,0.00583941605839416,24,0.01167883211678832
G0239-F-000013,FC,projection,True,2226,11,0.004941599281221923,22,0.009883198562443846
Gad1-F-001409,FC,projection,True,291,42,0.14432989690721648,127,0.436426116838488
Gad1-F-101173,FC,projection,True,771,44,0.057068741893644616,142,0.18417639429312582
Gad1-F-200227,FC,projection,True,1782,13,0.007295173961840628,25,0.014029180695847363
Gad1-F-300153,FC,projection,True,1449,19,0.013112491373360938,31,0.02139406487232574
Gad1-F-300154,FC,projection,True,1353,14,0.010347376201034738,28,0.020694752402069475
Gad1-F-300275,FC,projection,True,1265,23,0.01818181818181818,72,0.05691699604743083
Gad1-F-300309,FC,projection,True,1894,11,0.005807814149947202,23,0.012143611404435059
Gad1-F-301525,FC,projection,True,2088,18,0.008620689655172414,242,0.11590038314176246
Gad1-F-301704,FC,projection,True,3048,156,0.051181102362204724,452,0.14829396325459318
Gad1-F-400259,FC,projection,True,2681,17,0.006340917568071615,28,0.010443864229765013
Gad1-F-400718,FC,projection,True,2116,24,0.011342155009451797,35,0.0165406427221172
Gad1-F-400957,FC,projection,True,986,140,0.14198782961460446,346,0.3509127789046653
Gad1-F-402516,FC,projection,True,3901,86,0.022045629325813894,381,0.09766726480389644
Gad1-F-500136,FC,projection,True,1219,12,0.009844134536505332,38,0.031173092698933553
Gad1-F-500365,FC,projection,True,1872,13,0.006944444444444444,27,0.014423076923076924
Gad1-F-500524,FC,projection,True,1895,22,0.011609498680738786,36,0.01899736147757256
Gad1-F-500559,FC,projection,True,1857,11,0.0059235325794291865,35,0.01884760366182014
Gad1-F-502126,FC,projection,True,2035,31,0.015233415233415233,160,0.07862407862407862
Gad1-F-600109,FC,projection,True,1670,12,0.00718562874251497,99,0.0592814371257485
Gad1-F-600115,FC,projection,True,1071,11,0.01027077497665733,23,0.021475256769374416
Gad1-F-600345,FC,projection,True,1256,14,0.011146496815286623,25,0.019904458598726114
Gad1-F-601324,FC,projection,True,1122,43,0.03832442067736185,91,0.08110516934046345
Gad1-F-700131,FC,projection,True,1644,16,0.009732360097323601,30,0.01824817518248175
Gad1-F-800094,FC,projection,True,1237,32,0.025869037995149554,70,0.056588520614389654
Gad1-F-900001,FC,projection,True,1294,11,0.008500772797527048,23,0.01777434312210201
Gad1-F-900194,FC,projection,True,1451,11,0.007580978635423846,29,0.019986216402481046
TH-F-000101,FC,projection,True,4905,13,0.0026503567787971457,24,0.004892966360856269
TH-F-100083,FC,projection,False,4548,11,0.002418645558487247,24,0.005277044854881266
TH-F-100099,FC,projection,False,4381,12,0.0027391006619493265,28,0.006391234877881762
TH-F-200030,FC,projection,True,5264,14,0.0026595744680851063,25,0.004749240121580547
TH-F-200033,FC,projection,True,6070,11,0.001812191103789127,37,0.006095551894563427
TH-F-200081,FC,projection,False,5979,13,0.0021742766348887776,29,0.00485030941629035
TH-F-300020,FC,projection,True,7786,11,0.0014127921911122527,24,0.0030824556896994607
TH-F-300073,FC,projection,True,5430,11,0.0020257826887661143,21,0.0038674033149171273
TH-F-700001,FC,projection,True,2365,13,0.0054968287526427064,25,0.010570824524312896
TH-F-700004,FC,projection,True,2311,12,0.005192557334487235,23,0.0099524015577672
TH-F-700016,FC,projection,True,2269,18,0.007933010136624064,29,0.012780960775672102
TH-F-700022,FC,projection,True,1721,54,0.03137710633352702,104,0.06042998256827426
TH-M-300021,FC,projection,True,5165,11,0.0021297192642787998,24,0.004646660212971926
TH-M-500003,FC,projection,True,1344,12,0.008928571428571428,26,0.019345238095238096
TH-M-600002,FC,projection,True,1814,12,0.006615214994487321,22,0.012127894156560088
TH-M-600003,FC,projection,True,1398,13,0.009298998569384835,25,0.0178826895565093
TH-M-700002,FC,projection,True,1336,11,0.008233532934131737,23,0.01721556886227545
TH-M-700013,FC,projection,True,1795,11,0.006128133704735376,23,0.012813370473537604
TH-M-700017,FC,projection,True,1577,12,0.007609384908053266,24,0.015218769816106531
Trh-M-000099,FC,projection,True,2155,14,0.0064965197215777265,26,0.012064965197215777
Trh-M-800009,FC,projection,True,3778,13,0.003440974060349391,25,0.006617257808364214
VGlut-F-200594,FC,projection,True,5034,11,0.0021851410409217324,23,0.004568931267381803
VGlut-F-300680,FC,projection,True,815,82,0.10061349693251534,257,0.31533742331288345
VGlut-F-800070,FC,projection,True,2080,10,0.004807692307692308,24,0.011538461538461539
VT0765-F-700001,FC,projection,True,4448,29,0.006519784172661871,47,0.010566546762589928
VT16811-F-700000,FC,projection,True,2256,37,0.016400709219858155,87,0.03856382978723404
VT24618-F-700000,FC,projection,True,4043,54,0.013356418501113035,110,0.02720751916893396
VT38815-F-700000,FC,projection,True,2879,16,0.0055574852379298365,126,0.043765196248697465
VT38815-F-700001,FC,projection,True,2972,19,0.00639300134589502,40,0.013458950201884253
VT43401-F-700002,FC,projection,True,7433,76,0.010224673752186197,187,0.025158078837616036
VT50245-F-700000,FC,projection,True,1973,37,0.01875316776482514,57,0.02889001520527116
VT50245-F-700001,FC,projection,True,3054,67,0.021938441388343156,249,0.08153241650294696
VT50733-F-700000,FC,projection,True,11127,132,0.011863035858722027,589,0.05293430394535814
VT58722-F-700000,FC,projection,True,13239,35,0.00264370420726641,446,0.03368834504116625
VT58722-F-700001,FC,projection,True,3105,210,0.06763285024154589,710,0.2286634460547504
VT5948-F-700000,FC,projection,True,3459,80,0.02312807169702226,164,0.04741254697889564
VT5948-F-700001,FC,projection,True,4247,77,0.018130445020014128,356,0.08382387567694843
fru-F-200052,FC,projection,True,1258,12,0.009538950715421303,25,0.01987281399046105
fru-F-400010,FC,projection,True,1858,12,0.006458557588805167,51,0.02744886975242196
fru-F-400071,FC,projection,True,1498,12,0.00801068090787717,121,0.08077436582109479
fru-F-400141,FC,projection,True,1641,11,0.006703229737964655,72,0.043875685557586835
fru-F-400196,FC,projection,True,2032,12,0.005905511811023622,77,0.03789370078740158
fru-F-400214,FC,projection,True,2005,11,0.005486284289276808,71,0.03541147132169576
fru-F-400229,FC,projection,True,2728,11,0.004032258064516129,86,0.03152492668621701
fru-F-400338,FC,projection,True,2059,16,0.007770762506070908,28,0.013598834385624089
fru-F-400437,FC,projection,True,1865,11,0.005898123324396783,22,0.011796246648793566
fru-F-400475,FC,projection,True,1830,11,0.006010928961748634,47,0.025683060109289616
fru-F-500083,FC,projection,True,1431,12,0.008385744234800839,56,0.039133473095737246
fru-F-500115,FC,projection,True,1889,11,0.005823186871360508,22,0.011646373742721016
fru-F-500297,FC,projection,True,2034,12,0.0058997050147492625,69,0.03392330383480826
fru-F-500435,FC,projection,True,1823,11,0.006034009873834339,23,0.012616566099835436
fru-F-500584,FC,projection,True,1854,12,0.006472491909385114,53,0.028586839266450916
fru-F-600168,FC,projection,True,2124,11,0.005178907721280603,24,0.011299435028248588
fru-F-600186,FC,projection,True,1806,13,0.007198228128460687,25,0.013842746400885935
fru-F-700104,FC,projection,True,1780,11,0.006179775280898876,34,0.019101123595505618
fru-F-700114,FC,projection,True,1307,18,0.013771996939556235,30,0.022953328232593728
fru-F-700163,FC,projection,True,1670,20,0.011976047904191617,84,0.05029940119760479
fru-F-700245,FC,projection,True,1699,34,0.020011771630370805,209,0.12301353737492643
fru-F-700257,FC,projection,True,2038,73,0.035819430814524045,193,0.09470068694798822
fru-M-400031,FC,projection,True,1183,12,0.01014370245139476,56,0.047337278106508875
fru-M-400362,FC,projection,True,2599,33,0.012697191227395151,122,0.04694113120430935
fru-M-400401,FC,projection,True,2105,33,0.015676959619952493,149,0.07078384798099763
fru-M-500174,FC,projection,True,1991,13,0.0065293822199899544,28,0.014063284781516826
fru-M-500374,FC,projection,True,1951,17,0.008713480266529985,31,0.015889287544848796
fru-M-500377,FC,projection,True,3276,11,0.003357753357753358,23,0.007020757020757021
fru-M-500383,FC,projection,True,1876,12,0.006396588486140725,24,0.01279317697228145
fru-M-700067,FC,projection,True,1553,34,0.02189311010946555,79,0.050869285254346426
fru-M-700270,FC,projection,True,1966,42,0.021363173957273652,154,0.07833163784333673
