fc_id,em_id,score,label,cm_dist,moi_diff
G0239-F-000007,300972942,0,1.0,12.966691173596859,0.11489377119198312
TH-F-100099,331662710,0,1.0,33.15183192630841,0.0020991331613578056
TH-M-000021,604289581,0,0.3,20.328706539388303,0.2708263231806348
TH-M-200035,452971138,0,0.6,28.23386766673113,0.8036896182580952
TH-M-300017,947573616,0,0.2,31.639161572311668,0.23733403668539735
Trh-F-000008,1671638278,0,0.9,6.725872311506785,0.25295877396299193
VGlut-F-200319,424716408,0,0.5,5.434185189103452,0.08904312794385558
Cha-F-300344,5813053836,0,0.7,15.985962266243172,0.0467672209898085
Gad1-F-000694,1480525278,0,0.0,22.38582763605595,0.30968915545613507
Gad1-F-000703,424716408,0,0.1,19.590015188536416,0.04570118056216169
Gad1-F-100784,832016427,0,0.7,16.284666540795353,0.025873458753547067
Gad1-F-500004,294436967,0,0.7,23.274459041330402,0.07291081694176703
Gad1-F-500321,574377562,0,0.7,5.841823593215011,0.009900278426300821
Gad1-F-600604,1793403571,0,0.8,20.341357925639596,0.06524610716060425
TH-F-000036,859265651,0,0.0,18.841071305743405,0.8751533288580252
TH-F-200004,5813011298,0,0.6,13.359506637396716,0.12082368009500273
TH-F-200085,1131827390,0,0.8,13.136547475240247,0.07711051572997847
Trh-F-100001,1225290633,0,0.6,16.34955272705235,0.85645086821448
Trh-F-100066,5813062858,0,0.9,5.382720143855724,0.1568616802934831
VGlut-F-000177,5813056321,0,0.8,5.924834808538696,0.020515624128116867
VGlut-F-000463,1733677514,0,0.9,14.591564121503303,0.07318867780527238
VGlut-F-400757,1670597533,0,0.0,15.34564040065311,0.24300636454807029
Gad1-F-000694,5813057853,0,0.0,17.170777807031346,0.15096712353000732
Gad1-F-000694,1383016399,0,0.0,20.704959583357862,0.3117710656458898
Gad1-F-000703,421641859,0,0.0,40.56178803187546,0.11226102343989748
TH-M-100027,5813021583,0,0.0,49.28376992635146,0.1929413508434307
TH-M-200034,1406911688,0,0.0,22.526275972303637,0.15112430122645382
VGlut-F-400757,1640555311,0,0.0,17.12332026738465,0.17588437983490587
5-HT1B-F-500007,5813054777,0,0.7,14.765806059874498,0.08167786239111127
Gad1-F-000394,5901206553,0,0.3,20.414495011770697,0.13893607537397173
TH-F-000007,950229431,0,0.8,24.53673360335707,0.07759902660572036
TH-F-100061,792040520,0,0.8,15.586957867896169,0.01842248089078477
TH-M-000064,792040520,0,0.9,13.94649067405789,0.035860044344620125
TH-M-100005,950229431,0,0.7,37.75801138620055,0.1003844040851436
Trh-F-100092,5901206553,0,0.3,18.338992938526207,0.3773720008098989
Trh-F-400082,1671620613,0,0.4,21.84486978968194,0.07973081838557543
Trh-M-100046,891771553,0,0.0,88.94756793719431,0.3891241118247812
Trh-M-200112,2069652905,0,0.2,22.365540966040516,0.7201704154553251
VGlut-F-000475,5901206553,0,0.2,15.449406081209597,0.04310915405918547
Cha-F-000427,579576294,0,0.7,23.260765126877093,0.03268761988844982
TH-M-000030,736860990,0,0.0,67.15716163262108,0.7478913374979904
TH-M-200035,5813078062,0,0.0,24.387829001992188,0.7317861350264371
fru-M-400329,298258399,0,0.8,18.73115506860592,0.046373214710768315
fru-M-800135,360591860,0,0.8,30.274144864764672,0.0410574404389554
Cha-F-200447,667931999,0,0.7,4.82591752876718,0.031966819099802195
Cha-F-500144,1076159832,0,0.8,9.073424650722812,0.7451405966920019
Gad1-F-400249,948709216,0,0.7,12.223263571084216,0.05318921178368779
Gad1-F-700047,1230026402,0,0.8,18.171045814115278,0.20764857782463345
TH-M-700001,5813054384,0,0.7,38.697751875663066,0.08077079918759054
Trh-F-300072,947573616,0,0.6,44.02356371189975,0.21608884245611146
Trh-M-000077,5813057579,0,0.5,21.67749078218325,0.19226717666749094
Trh-M-000140,5813054384,0,0.7,20.4046911803158,0.06201045075487414
Trh-M-300128,5813049824,0,0.5,12.603053019255613,0.07416135367946562
VGlut-F-000077,550404663,0,0.7,12.30593009043895,0.22884773103189915
VGlut-F-000091,739256609,0,0.8,11.804069015301693,0.7062123600155601
VGlut-F-400014,550404663,0,0.7,12.400790386789396,0.2225987185220286
VGlut-F-700399,1255630350,0,0.7,24.6157712522675,0.036469394767024765
VGlut-F-100374,1888199872,0,0.8,15.14187634194794,0.4123141104966445
fru-M-200408,5813054384,0,0.7,44.84395245079088,0.05677199865502585
Trh-M-200022,297938585,0,0.8,52.84648583218875,1.1274971227169124
5-HT1B-F-500017,1946178096,0,0.5,21.115964483760802,0.6426169977991909
VGlut-F-500200,1130458829,0,0.8,18.805672387931384,0.07062155200533002
TH-M-200092,297183251,0,0.8,9.4468363521598,0.01938117098370396
VGlut-F-400233,975289165,0,0.8,8.375373838536786,0.24824115839487587
Cha-F-000239,5813054777,0,0.0,48.703056548987426,0.3830413458890075
VGlut-F-100118,1313849992,0,0.8,20.024322887415245,0.03244840672515308
Cha-F-800086,5812981543,0,0.9,51.21086593056596,0.0940873636873695
fru-F-200052,1228683492,0,0.0,91.67314309693454,0.34853076692201507
fru-F-400475,519591210,0,0.0,65.7378865870836,0.025012431915641214
fru-F-700114,1224258912,0,0.0,94.29793722097531,0.2347956526492865
fru-M-500174,977343309,0,0.0,70.899518626853,0.13581611712146965
fru-M-500377,5813057274,0,0.0,78.12560894551069,0.24146419598409605
Gad1-F-500524,1173045815,0,0.9,7.9333029926622824,0.17558079475005417
Gad1-F-502126,956138930,0,0.9,8.985330705362847,0.25299089805974506
Gad1-F-600109,1510648834,0,0.0,96.74966662387183,0.7278421493482288
Gad1-F-601324,5812980638,0,0.0,30.059129198803664,0.07663993667015415
Gad1-F-601324,1172372382,0,0.0,13.969843173201083,0.04426578196124692
TH-F-300073,328943204,0,0.6,51.51679309579783,0.024968773550218846
TH-F-700004,5813089803,0,0.0,92.43892133737762,0.11419759362395293
TH-F-700022,981362334,0,0.6,49.02739239014506,0.12458459460982986
TH-M-300021,5813049380,0,0.4,17.435206308050667,0.12167562010624253
TH-M-700013,644417074,0,0.7,7.926803456957545,0.12750571997841917
VT58722-F-700001,673509195,0,0.0,24.580472931172125,0.05929387079237355
VGlut-F-400898,1640922516,0,0.0,13.853194459164634,0.7459595575850696
Trh-M-500163,953410147,0,0.6,8.690703419455039,0.055740599077084674
TH-M-000029,5813021602,0,0.6,23.915839575188656,0.061846612853412884
VGlut-F-800130,1640555311,0,0.5,15.636068590763609,0.15238543902465965
fru-F-000094,298603730,0,0.7,25.286043723622257,0.10163658635894686
VGlut-F-400757,5901196806,0,0.6,10.774669901681639,0.10770970482419401
Cha-F-000239,1037293275,0,0.0,10.06665290015647,0.05170698921036469
VGlut-F-400757,5813034455,0,0.6,15.175179573931564,0.08720597013182844
VGlut-F-500002,5813021602,0,0.0,33.91373825246864,0.29208553245621155
Cha-F-400237,701201945,0,0.6,18.99496441754899,0.7506293782187453
TH-F-300037,361312808,0,0.0,29.074073655081982,0.07074533067334055
TH-F-000009,5813021112,0,0.0,8.276331491355492,0.28029581792108454
Trh-M-700039,543692985,0,0.0,12.19639323441819,0.2789822327367408
Trh-M-300071,953414780,0,0.6,12.946672935660557,0.1856681823237278
Cha-F-100135,422738252,0,0.0,20.505906725433782,0.05780576800967716
Trh-M-700039,516055524,0,0.0,23.943503615554008,0.5673487631956929
TH-M-000008,579268807,0,0.0,23.751600326835092,0.6247058187901312
TH-F-200037,422751191,0,0.0,21.932451350389965,0.2689546167366098
TH-F-100095,5813049380,0,0.0,27.20388278396876,0.09527028664763865
TH-F-200037,328611004,0,0.0,20.340682181079732,0.161920930433598
TH-M-200064,328611004,0,0.0,17.076441333580245,0.14720185879279316
Trh-F-100066,707539688,0,0.0,16.500852535405702,0.23756307722903808
VGlut-F-400334,576825965,0,0.0,29.064278389856856,0.3576837000538258
Trh-M-100025,614081151,0,0.0,7.444966027376553,0.16742111404919965
TH-M-200013,1192019859,0,0.0,58.32963967201102,0.5955461153102819
Trh-M-700039,456847100,0,0.0,35.43928881765741,0.802343752616788
VGlut-F-100003,704699661,0,0.0,67.28080229862348,0.2519826345004436
Cha-F-500071,764377593,0,0.3,28.805458778962414,0.13477908000105915
Trh-F-000008,693927941,0,0.0,59.79586492973276,0.8019478480180525
VGlut-F-400334,5812980494,0,0.0,17.143761236993427,0.2943043237080411
VGlut-F-000177,1354368623,0,0.0,21.985188101327836,0.2926324517601034
TH-M-200035,452953198,0,0.0,34.7054435656436,0.11577751599694107
TH-M-100057,925241334,0,0.0,27.188919280945264,0.0650618110822006
TH-F-200106,727652372,0,0.0,55.855054605678355,0.33556435826918335
VGlut-F-100125,329566174,0,0.0,103.02058583015948,0.2254844685309644
TH-F-200106,1134107162,0,0.0,51.65895101897824,0.8057959595838812
TH-F-200106,884916323,0,0.0,27.478717663996353,0.3034851525809665
TH-F-000012,573333835,0,0.0,76.87907800445446,0.29267716519371106
TH-M-300063,5812981000,0,0.0,97.47523132432687,0.07803879097309227
Cha-F-000009,1078693835,0,1.0,22.44359205403714,0.03049008370723069
Cha-F-800086,5812981264,0,1.0,55.94730652016385,0.08933766860695075
E0585-F-200015,457175171,0,0.8,26.55470622220612,0.1972379998214675
G0239-F-000001,300972942,0,1.0,14.012886630516874,0.10039238530008934
G0239-F-000001,5813068729,0,1.0,14.192242374517502,0.07566889632995417
G0239-F-000003,300972942,0,1.0,7.323975393466338,0.13343468948945847
G0239-F-000003,5813068729,0,1.0,8.044779757722434,0.10852529014884583
G0239-F-000005,300972942,0,1.0,9.820208531684392,0.15890861281268137
G0239-F-000005,5813068729,0,1.0,10.35320578205067,0.13400005959566932
G0239-F-000007,5813068729,0,1.0,13.456090549601154,0.09033818117575994
G0239-F-000008,300972942,0,1.0,8.38728235311167,0.08384343976737814
G0239-F-000008,5813068729,0,1.0,8.661076875411716,0.06209293540184022
G0239-F-000009,5813068729,0,1.0,20.62619045282841,0.08628183870632067
G0239-F-000009,300972942,0,1.0,20.1841640303166,0.11099452623184063
G0239-F-000012,300972942,0,1.0,12.061280526917464,0.07966884105165678
G0239-F-000012,5813068729,0,1.0,12.557826532282176,0.05645929566789025
G0239-F-000013,300972942,0,1.0,12.396975072603487,0.1099830221769542
G0239-F-000013,5813068729,0,1.0,12.980255479317762,0.08548963784053003
Gad1-F-300154,517854468,0,0.8,9.699282464656198,0.0867243993197631
Gad1-F-300154,423774471,0,0.8,11.51975269551098,0.07993269414577965
Gad1-F-400259,457175171,0,1.0,28.76420179201029,0.2011857652272242
Gad1-F-500365,768555687,0,0.8,4.500918249022476,0.11375827075380418
Gad1-F-500365,5812982924,0,1.0,2.5175790217223035,0.14336230237500736
Gad1-F-500365,672352543,0,1.0,5.229816394828359,0.06255946851347968
Gad1-F-500365,673085197,0,1.0,9.526667163444165,0.10030519843088055
Gad1-F-500365,706840303,0,1.0,7.502157870157964,0.1390741393771324
Gad1-F-700131,673085197,0,0.8,10.952899142531582,0.11842756792318333
Gad1-F-700131,706840303,0,1.0,6.609281344454458,0.1271834380572499
Gad1-F-700131,5812982924,0,1.0,2.1569985451057683,0.12159022106719014
Gad1-F-700131,768555687,0,1.0,3.001630132940103,0.14013487899869576
Gad1-F-700131,672352543,0,1.0,5.732458649465827,0.04185190723115115
TH-F-000101,331662710,0,1.0,21.359190941713102,0.06502567293095948
TH-F-100083,331662710,0,1.0,8.75142141195113,0.05539753534264063
TH-F-200033,517514142,0,0.9,17.666450337377327,0.1510123111085502
TH-F-200081,331662710,0,1.0,24.58995201784231,0.06387224832453918
TH-M-300021,517514142,0,0.8,21.831858285107725,0.118429994644879
5HT1A-F-200016,1191315642,0,0.8,8.105830249189674,0.06494233977732725
Cha-F-400298,1167304403,0,0.7,6.232990494654116,0.27517918516653284
Cha-F-400298,1261000309,0,0.7,6.177042911179535,0.2716317253244637
Gad1-F-700172,5813039309,0,0.0,4.509092375071368,0.22394389508727955
TH-F-200037,331662710,0,1.0,13.772705453102217,0.05076794576989525
TH-F-200096,331662710,0,1.0,31.950895756090652,0.06067827604362742
TH-F-200106,5813041180,0,0.8,19.15146165209482,0.07528824319873094
TH-M-000008,1131827390,0,0.3,18.475419519248355,0.08637993042906648
TH-M-000021,550404663,0,0.2,33.22185014635249,0.709210259279232
TH-M-000032,859265651,0,0.8,11.06032212263068,0.7337837978208779
TH-M-000032,5813027592,0,0.7,16.17529515623406,0.12291791948540147
TH-M-200035,294436967,0,0.8,21.938118409865844,0.8449772772158355
TH-M-300017,5813054384,0,0.8,34.31620901808691,0.08024982340281439
Trh-F-100052,361312808,0,0.5,38.65557418881535,0.1151477008125124
Trh-M-100024,329289084,0,0.8,26.195955074340034,0.012526180528539795
Trh-M-700039,5813021583,0,0.4,48.327165487719846,0.6891490967639023
Trh-M-700039,981000564,0,0.3,59.28298505355541,0.13554234198082155
VGlut-F-200143,328870472,0,0.8,14.044763669878057,0.07189926812240449
VGlut-F-200143,298612190,0,0.4,27.5651720157969,0.10460856523613235
VGlut-F-200251,548712377,0,0.8,6.056021156175754,0.07093131513766583
VGlut-F-200251,5813020996,0,0.8,21.2469915302956,0.09764093573705819
VGlut-F-200392,857793013,0,0.3,20.516310888391093,0.14748726909064097
VGlut-F-400186,1762359683,0,0.0,13.611458753682895,0.2130499850880259
VGlut-F-400186,1916800213,0,0.0,17.895823421340484,0.1420696861730877
VGlut-F-700541,1762359683,0,0.0,19.971425789770947,0.1624467034769639
VGlut-F-700541,1888199872,0,0.7,18.58884429710038,0.16271300883115822
Cha-F-000088,1640887603,0,0.7,14.938203321695855,0.6942958199320184
Cha-F-000088,5813047691,0,0.7,14.34757435255477,0.6793853236567517
Cha-F-000239,1640572741,0,0.0,47.889686877873785,0.8966809866834154
Cha-F-000239,5813054726,0,0.0,48.1601149129783,0.6215468888726865
Cha-F-000329,640539567,0,0.7,33.32890896416783,0.3884127086626767
Cha-F-000329,1043705078,0,0.7,23.47040392499681,0.38289945151561544
Cha-F-000427,573670049,0,0.7,18.913405488009186,0.012635600337356197
Cha-F-000427,573333284,0,0.7,16.950700871575208,0.03909746146417323
Cha-F-000461,487144598,0,0.3,41.06391349133521,0.27074914395086014
Cha-F-100135,393063351,0,0.7,5.738153473667877,0.01871865546264014
Cha-F-200299,5813027276,0,0.6,10.171411115191137,0.5500637661583433
Cha-F-200299,1321564092,0,0.5,27.027539648415768,0.6253478418920435
Cha-F-300267,328611004,0,0.7,11.031291450510611,0.07249611064837894
Cha-F-300344,5812978978,0,0.7,14.159587499455625,0.14677375511669444
Cha-F-300344,859507274,0,0.7,18.1349301473426,0.13670365357910064
Cha-F-400237,5813098368,0,0.3,22.38955893654298,0.13280469891708002
Cha-F-400237,5813027276,0,0.4,15.115390139275291,0.3019166022362262
Cha-F-500071,1105169664,0,0.8,24.933080961935485,0.2841198636590818
Cha-F-500071,1012954687,0,0.5,22.783054061316566,0.1673412045667563
Cha-F-500310,5813009312,0,0.1,12.154563063900168,0.08869657648749922
Cha-F-700236,360259229,0,0.0,32.27542613602208,0.8764091856150125
Cha-F-800090,296139882,0,0.6,7.334062847675218,0.05085234287947943
Cha-F-800090,297251714,0,0.6,8.612361427786192,0.03512204079086204
E0585-F-600004,5813010510,0,0.5,17.841798296546692,0.08664342518171311
GH146-M-000001,610274029,0,0.8,28.48541525130414,0.09871445056465067
Gad1-F-000245,953414780,0,0.0,30.276291486445597,0.20547186822667352
Gad1-F-000694,5813033371,0,0.3,21.188174434209934,0.5551018208492597
Gad1-F-000703,5813068669,0,0.2,64.42278872678803,0.02110640704256067
Gad1-F-100171,1224595608,0,0.7,29.174503289396224,0.017677632984596785
Gad1-F-200186,1916800213,0,0.2,20.510038714696595,0.024266587106133924
Gad1-F-200186,1762359683,0,0.0,24.482507964812648,0.1280457109615088
Gad1-F-200219,5901197108,0,0.7,12.330411943536733,0.32240486824352366
Gad1-F-200247,543692985,0,0.6,25.290810391478082,0.08629920791193618
Gad1-F-200719,5813039309,0,0.0,9.329920439282743,0.2982929294182502
Gad1-F-200719,1640555311,0,0.0,13.051250443461395,0.41336796028252926
Gad1-F-400220,550638250,0,0.7,6.925026289009028,0.12276681974506118
Gad1-F-500457,1261423370,0,0.7,5.05584939893509,0.08069413158993782
Gad1-F-600059,328546871,0,1.0,13.29285123468326,0.06341325245775323
Gad1-F-700193,634379734,0,0.8,73.19751368538351,0.009767588656864836
Gad1-F-700607,977338882,0,0.7,15.787840279939081,0.04730570679387316
Gad1-F-700607,915610561,0,0.7,14.633569099103964,0.06912261128437723
Gad1-F-700607,1008378609,0,0.7,11.531867837348639,0.07169939588126784
Gad1-F-800371,5813082723,0,0.6,13.13683907477488,0.8071565177850188
Gad1-F-900395,5813049380,0,0.8,4.462519646826367,0.02071443342690988
TH-F-000009,5813054384,0,0.9,31.08282233656397,0.03926117385337086
TH-F-000009,1378251040,0,0.6,32.30564154522297,0.16152864025024088
TH-F-000010,5812980529,0,0.7,15.493842183814486,0.04744427255993754
TH-F-000010,360591860,0,0.6,10.305737752092348,0.010161365009666218
TH-F-000010,5901203505,0,0.7,7.262772505009831,0.06100911573339538
TH-F-000012,487144598,0,0.0,37.325051786102044,0.24122675829485105
TH-F-000019,859265651,0,0.7,3.720020282042559,0.17062472379889584
TH-F-000019,5813027592,0,0.5,14.383077285457194,0.6533036490589745
TH-F-000046,604289581,0,0.0,22.18193333057623,0.20371814502044058
TH-F-000046,550404663,0,0.1,30.02225040497032,0.6800693951359799
TH-F-000079,1378251040,0,0.1,33.90179070526821,0.2693472648083283
TH-F-000091,331662710,0,1.0,2.5983872471588514,0.04759275587442213
TH-F-100005,1378251040,0,0.0,36.090955867281224,0.1780100045626033
TH-F-100005,5813054384,0,0.8,25.41591031617417,0.0736282036001822
TH-F-100036,360591860,0,0.7,12.8171945245442,0.010396514252517836
TH-F-100036,5901203505,0,0.6,7.750486394907884,0.05713332256036324
TH-F-100050,1131827390,0,0.8,22.062732892821913,0.5329377405914235
TH-F-100075,859265651,0,0.0,19.719704455110712,0.8869115403248107
TH-F-100095,331662710,0,1.0,42.54450700002925,0.05325045664859293
TH-F-200004,859265651,0,0.0,22.32805208237223,0.8827179789533304
TH-F-200010,331662710,0,1.0,13.614881927971751,0.03541350735566664
TH-F-200026,5813009595,0,0.9,8.23073670559587,0.024314560844214992
TH-F-200034,331662710,0,1.0,35.43025721013794,0.026782786211735285
TH-F-200064,331662710,0,1.0,24.82205513141727,0.02677060765699549
TH-F-300037,331662710,0,1.0,22.883107939543073,0.01351541346198824
TH-F-300046,1131827390,0,0.8,13.547115865693144,0.5406557432318324
TH-F-300062,5813060068,0,0.8,10.842099939838558,0.8149904993792536
TH-F-300078,5813071348,0,0.9,23.19604322835492,0.10447695404109184
TH-F-700015,1224941044,0,0.9,34.57771659841636,0.169921044536206
TH-M-000029,859265651,0,0.8,11.714784777151143,0.6995980110850563
TH-M-000029,510049477,0,0.6,19.853584167044247,0.0541217961743619
TH-M-000030,792692885,0,0.1,22.65580118776981,0.38805451335837887
TH-M-000045,331662710,0,1.0,22.496143423700055,0.023362451517592538
TH-M-100016,331662710,0,1.0,33.13684667448337,0.03588348266388904
TH-M-100027,947573616,0,0.2,31.11956189056625,0.23021962638128476
TH-M-100027,5813054384,0,0.7,30.715424033852212,0.04491142037102591
TH-M-100057,1198330286,0,0.8,21.482195366907206,0.07200180521016822
TH-M-100063,1198330286,0,0.8,18.284824257289557,0.0548035130544715
TH-M-200010,422738252,0,0.9,13.168300815872978,0.09217597044723992
TH-M-200013,5813062871,0,0.9,20.88173887326414,0.7171624148060682
TH-M-200034,5813054384,0,0.8,29.057067428213774,0.047839296328207395
TH-M-200034,947573616,0,0.2,32.37974665938034,0.2317736006148376
TH-M-200049,331662710,0,1.0,19.728802017020836,0.012647876305235398
TH-M-200064,331662710,0,1.0,28.08890126403707,0.04474004890309488
TH-M-200095,422738252,0,0.9,16.959686188486568,0.07030834590377892
TH-M-300005,1131827390,0,0.9,27.443743553454148,0.5169132678635887
TH-M-300063,5813009595,0,0.8,19.305254380626906,0.048893106343741465
Trh-F-100038,1671638278,0,0.9,9.15248587558502,0.7017367398997953
Trh-F-300112,957506896,0,0.9,12.860869516231826,0.04076911169340728
Trh-F-400055,957506896,0,0.9,10.614895700773697,0.04197315751063576
Trh-M-000172,1671638278,0,0.9,15.882777541099149,0.2941306368622445
Trh-M-100020,361312808,0,0.8,40.170990709469734,0.12508235269395107
Trh-M-100025,1225290633,0,0.6,9.749126243548865,0.848841821508758
Trh-M-100025,5813062858,0,0.8,8.978920727221148,0.05351532198790543
Trh-M-100037,1671638278,0,0.9,25.38720173203565,0.7492036977830632
Trh-M-100060,297230760,0,0.8,22.82631469185478,0.1282849708736849
Trh-M-100060,361312808,0,0.9,28.32885085372248,0.05619393495019954
Trh-M-100071,673746277,0,0.2,26.278053499085317,0.22116126052483912
Trh-M-100071,1225290633,0,0.6,7.508831334409721,0.8345936011461652
Trh-M-200043,5813054716,0,0.4,8.192463390329976,0.21314658964710284
Trh-M-300071,977339122,0,0.7,9.969326539268996,0.6575358187405788
Trh-M-300138,922069357,0,0.9,13.228614144203748,0.054222842146032305
Trh-M-300138,832016427,0,0.9,8.701405703794356,0.06833814059853657
Trh-M-300138,957506896,0,0.9,14.548746435181652,0.03892030260850476
Trh-M-300140,5813053851,0,0.9,12.698383853958076,0.695478724941576
Trh-M-300140,957506896,0,0.9,14.388460456449309,0.725441427175317
Trh-M-400023,5813053851,0,0.9,16.83084367151962,0.010970673266680534
Trh-M-400052,957506896,0,0.9,14.85009879385621,0.10498381452003397
Trh-M-400052,5813053851,0,0.9,10.280295719524574,0.05581220699520897
Trh-M-400110,5813053851,0,0.9,8.513328613807781,0.1684222791435871
Trh-M-400110,5813065004,0,0.7,11.061823331560953,0.684864955119908
Trh-M-400131,832016427,0,0.9,12.705492454725636,0.034316263299262094
Trh-M-500163,922354084,0,0.9,15.289834602863468,0.07310353040345345
Trh-M-500163,829598814,0,0.9,16.810892580064277,0.03494212315886598
VGlut-F-000016,5813027276,0,0.8,28.387616131575445,0.48846192675628386
VGlut-F-000016,950880008,0,0.8,9.602271287706925,0.6037348370099138
VGlut-F-000111,5812987694,0,0.4,32.04216567013165,0.32182075832753176
VGlut-F-000111,5813021583,0,0.5,23.39580149336315,0.386711401859404
VGlut-F-000158,298254384,0,0.7,9.090496883455753,0.16574180745525124
VGlut-F-000158,5813020785,0,0.6,30.74863682237375,0.23445301308181116
VGlut-F-000303,5813011119,0,0.8,8.466314694258193,0.05586122525678235
VGlut-F-000556,885168486,0,0.8,14.602671168629994,0.07928131318613162
VGlut-F-100002,914778159,0,0.7,54.02732356915652,0.12989366922912565
VGlut-F-100003,1671638278,0,0.9,27.807842097756154,0.7379232616266261
VGlut-F-100035,575768294,0,0.8,5.461118912668026,0.033116623134161964
VGlut-F-100125,1107081827,0,0.8,36.72277839840997,0.8134790278509307
VGlut-F-200036,797442049,0,0.7,8.2490652257169,0.28441075871438964
VGlut-F-200036,5813059915,0,0.3,48.91683732402218,0.15338830433079753
VGlut-F-200062,297251714,0,0.6,17.200407293519955,0.016775984846064233
VGlut-F-200062,296139882,0,0.6,8.307478599111434,0.02795933660295707
VGlut-F-200459,5813011119,0,0.8,5.337693019301839,0.019617682587728
VGlut-F-300438,329566197,0,0.9,15.517707215004755,0.04341244375460298
VGlut-F-400049,297917475,0,0.8,6.453466811904985,0.013085904532652577
VGlut-F-400184,1762359683,0,0.0,11.83425446136791,0.41000659719517113
VGlut-F-400184,1667251683,0,0.5,12.899664978892696,0.40514610040855437
VGlut-F-400334,447599745,0,0.8,13.00392787684308,0.07731562278275493
VGlut-F-400757,5813039309,0,0.0,14.396921498446464,0.15104912746011084
VGlut-F-400898,1762359683,0,0.0,14.473718997079935,0.17105876818025106
VGlut-F-400898,1916800213,0,0.0,18.43262542419867,0.08888530149924653
VGlut-F-500002,5813011298,0,0.7,9.477742587549082,0.1464503617166807
VGlut-F-500335,1762359683,0,0.0,20.760640109154913,0.22287272147384546
VGlut-F-500335,5813039309,0,0.0,19.886003500697083,0.06794849270230828
VGlut-F-500876,1640555311,0,0.0,9.977789108499268,0.2389857106112708
VGlut-F-500876,1639886198,0,0.0,10.488253670057258,0.07213243187142454
VGlut-F-600204,5813061218,0,0.9,6.976709663618221,0.09957225858897498
VGlut-F-700261,5813047489,0,0.7,21.216147863029878,0.12227951532873979
VGlut-F-700261,5813057579,0,0.4,33.51254321204893,0.3036524949427117
VGlut-F-800130,1671620613,0,0.6,30.51931373604411,0.19949042695434255
VGlut-F-800130,1762359683,0,0.7,17.087595982665253,0.1743662344317879
fru-F-000094,422751191,0,0.7,28.79577849637352,0.16442868200318742
fru-F-000131,360591860,0,0.7,6.755514937081022,0.015445364489496818
fru-F-000131,298258611,0,0.8,14.752613867392412,0.021201981506256434
fru-F-000131,5812980529,0,0.8,12.705169826458302,0.05387296954794834
fru-M-000335,673776769,0,0.7,32.181061915527685,0.011057385548263314
fru-M-000339,329289084,0,0.8,13.119946331963394,0.031638615269110076
fru-M-000339,452029745,0,0.8,7.843786647379876,0.04728120347218014
fru-M-300299,579268807,0,0.8,12.56100191748316,0.21901050103768366
npf-M-300037,5813069630,0,0.9,9.898429236046628,0.06698963990932809
Cha-F-000088,1670597533,0,0.6,10.825788609100389,0.6175503215892247
Cha-F-000239,1672320134,0,0.0,48.45465171412813,0.9087440666186917
Cha-F-000239,5813069085,0,0.0,46.8686913029447,0.36656791308505454
Cha-F-000239,1704347707,0,0.0,51.94194395914979,0.90210473318733
Cha-F-200299,950880008,0,0.3,27.696851388829334,0.6419897765677319
Cha-F-200299,5813023322,0,0.3,28.579403946220754,0.029866987809469767
Cha-F-200299,5813098368,0,0.3,15.354367745557736,0.6622238124663695
Cha-F-300344,5813047970,0,0.7,23.989070020577408,0.09798691827697774
Cha-F-300344,951916894,0,0.7,5.331578532857103,0.10047425649381032
Cha-F-400237,1321564092,0,0.5,25.375776654183053,0.16824175766006427
Cha-F-400237,950880008,0,0.5,25.652513328351358,0.15712630037049952
Cha-F-400237,951234513,0,0.0,7.473251961717766,0.45261182672136824
Cha-F-800090,361312808,0,0.0,15.058508665619032,0.24657267093008836
Cha-F-800090,487144598,0,0.0,43.348318676890344,0.2654710797075188
Cha-F-800090,329897255,0,0.0,49.684128533408995,0.26087614728538244
Gad1-F-000694,5813070613,0,0.0,23.748891907799504,0.27018444589555035
Gad1-F-000703,360259229,0,0.0,30.647828927402067,0.10271714628410805
Gad1-F-200186,1702306037,0,0.0,29.189806980057693,0.6795498103564276
Gad1-F-200186,5813039309,0,0.0,24.138239044409406,0.09222067816755848
Gad1-F-200186,5813034455,0,0.6,30.11130340812709,0.06142436224858844
TH-F-000009,1406911688,0,0.5,24.30709028875711,0.16807646662068734
TH-F-000010,298258611,0,0.6,20.092648426682285,0.015756295256947283
TH-F-000019,675767414,0,0.0,10.772644217242178,0.5054764731580024
TH-F-000019,510049477,0,0.0,11.558476728440155,0.7223534674399221
TH-M-000029,675767414,0,0.0,7.414479955077025,0.2535087062614613
TH-M-000032,675767414,0,0.0,6.903178019583463,0.3150557718653322
TH-M-000032,611629428,0,0.3,10.515186899383705,0.7226113062799123
TH-M-100027,5813057579,0,0.0,39.434677936131095,0.06446679992794305
TH-M-100027,797442049,0,0.0,38.1879452893963,0.23285633589086246
TH-M-200034,5813021112,0,0.4,9.777748560639827,0.2702814317977385
TH-M-200034,797442049,0,0.0,39.42723332640431,0.23439214986681858
TH-M-200035,387870860,0,0.0,24.26771366917018,0.1369406386549548
TH-M-300017,5813021112,0,0.2,8.293865887669794,0.2715674290894149
TH-M-300017,1406911688,0,0.3,27.155662728937386,0.15087325839492963
Trh-M-100025,673746277,0,0.0,23.249564014681372,0.22008970210169157
Trh-M-100060,297251714,0,0.2,14.069299777501993,0.2531580409049213
Trh-M-100071,5813062858,0,0.7,12.084145661805055,0.032542161937409594
Trh-M-500163,5813033196,0,0.7,13.538334924192355,0.0543830312186382
Trh-M-700039,797442049,0,0.2,56.74383200729114,0.6916620023647435
VGlut-F-000016,5813098368,0,0.5,24.89312056320593,0.6263930129372809
VGlut-F-000016,1321564092,0,0.7,9.887311442944739,0.5758028566446854
VGlut-F-000016,857793013,0,0.0,36.99441917409725,0.7922808551865893
VGlut-F-000111,5813057579,0,0.0,20.83220697923401,0.23403528052153724
VGlut-F-000158,328870472,0,0.0,19.90561788604982,0.25805924396590396
VGlut-F-000158,298612190,0,0.0,6.488109165892677,0.22489708528595267
VGlut-F-000158,5813078542,0,0.0,11.955890922669274,0.052266798407355625
VGlut-F-200036,947573616,0,0.0,12.668851797294439,0.28310313302944484
VGlut-F-200062,329225149,0,0.0,52.37746910231491,0.2428122324907549
VGlut-F-200062,361312808,0,0.0,15.023553579601641,0.22443168873671093
VGlut-F-200062,329897255,0,0.0,51.840963486922945,0.24981623124628358
VGlut-F-200143,298254384,0,0.0,25.005076082816483,0.17855620797235094
VGlut-F-200143,5813020785,0,0.0,8.131234314101743,0.13621670606828998
VGlut-F-400184,1704347707,0,0.0,14.251779355454737,0.7930192035798166
VGlut-F-400186,5813034455,0,0.6,13.439960520357472,0.1270735902002664
VGlut-F-400757,1888199872,0,0.7,14.53618294079194,0.026459041046896715
VGlut-F-400757,1762359683,0,0.0,15.312244835111706,0.08736568596515218
VGlut-F-400898,1702306037,0,0.0,16.18752209043762,0.7224713389815012
VGlut-F-400898,5813034455,0,0.7,12.113786559487394,0.08303213568137371
VGlut-F-500876,5813039309,0,0.0,11.361536892447461,0.03184952509720442
VGlut-F-700261,5813021112,0,0.0,25.490732937743243,0.08102622334488414
VGlut-F-700541,5813039309,0,0.0,19.60124677115251,0.03250461394318918
VGlut-F-700541,1702306037,0,0.0,22.258210303150296,0.715090033425577
VGlut-F-800130,1640887603,0,0.0,24.61863921754512,0.16965261864460868
VGlut-F-800130,1578826464,0,0.0,24.633073854211286,0.08026865264236102
VGlut-F-800130,1640922754,0,0.0,20.32718211847115,0.19049305348418222
Trh-M-800009,1016835041,0,1.0,20.51477566450987,0.015467514904269548
Trh-M-000163,1048215779,0,1.0,24.23986709638426,0.024833750008924963
Trh-M-800009,1048215779,0,1.0,19.685411328852183,0.027284339661675792
fru-M-100018,1048215779,0,1.0,17.615753857694607,0.034233553727430054
Gad1-F-700282,547552266,0,0.7,14.829763935053794,0.2867350138720891
fru-M-100214,5813022234,0,0.9,87.35397335964481,0.0933966661892137
Trh-F-400040,613719036,0,0.9,5.162204110952695,0.10610591183337964
5-HT1B-F-500007,5813018460,0,0.3,18.49121843609485,0.5134154653081077
Cha-F-100152,1671620613,0,0.4,22.340296608688245,0.07877627623979522
Cha-F-100152,5813018460,0,0.3,13.79881510460184,0.5395510875496137
Cha-F-100358,1671620613,0,0.4,29.478833947423414,0.09324430259667954
Cha-F-100358,1578826464,0,0.5,23.523101510018964,0.2185950282306743
Cha-F-300304,5813056598,0,0.5,8.430234671577287,0.654473957804539
Cha-F-300304,5813054725,0,0.5,11.681320460758837,0.11278295629024139
Cha-F-300425,1671620613,0,0.4,26.650547186147236,0.05152227036275326
GH146-M-000001,610274046,0,0.9,28.872646560500243,0.09391368549225983
Gad1-F-000429,5813034493,0,0.7,23.196024169696983,0.7557857782264374
Gad1-F-000429,1730327790,0,0.7,21.59608078300841,0.6031596075788979
Gad1-F-100409,1640572741,0,0.6,10.00967899474408,0.5796445352059839
Gad1-F-100409,5901218894,0,0.6,10.737913141642709,0.24258619858795255
Gad1-F-200461,5901196806,0,0.2,6.863576408990779,0.03878733219841407
Gad1-F-200461,2069652905,0,0.4,11.4097521276162,0.7588696812707907
Gad1-F-400473,1669924220,0,0.8,12.18259459512621,0.1178832487981303
Gad1-F-400473,5901206553,0,0.3,15.809321888121469,0.19262620273977699
Gad1-F-500348,5813027235,0,0.1,88.06600325342252,0.05384756803824181
Gad1-F-600662,5813018460,0,0.3,4.631064254664129,0.5260448135774272
Gad1-F-600662,1671620613,0,0.4,17.01670725788727,0.07730914879157258
Gad1-F-700086,1888199872,0,0.1,32.3419712749151,0.4728877661425857
Gad1-F-700086,5813034455,0,0.1,35.176651854534256,0.41548807955649053
TH-F-000003,792040520,0,0.7,27.620496187065605,0.0226673171180658
TH-F-000007,792040520,0,0.8,16.371788073858184,0.04490110774267761
TH-F-000086,792040520,0,0.8,22.47370909135086,0.06889805974279678
TH-F-000086,950229431,0,0.8,30.906534470176968,0.10308073130232087
TH-F-100020,792040520,0,0.8,17.001132749790585,0.07769610836879923
TH-F-100020,950229431,0,0.8,24.79232188772005,0.10898846457352149
TH-F-100103,792040520,0,0.8,22.802856430666786,0.029173504457885045
TH-F-300046,1289359184,0,0.9,12.33823418368451,0.5057202220134951
TH-M-000064,950229431,0,0.8,21.894647244023826,0.02940209678899971
TH-M-100000,792040520,0,0.8,26.99163076371314,0.007933160659802268
TH-M-100000,950229431,0,0.8,33.780859226046005,0.03718716490238232
TH-M-100005,792040520,0,0.7,29.359191727310506,0.06570927443765487
TH-M-100083,792040520,0,0.8,24.289379925092728,0.02483774701092211
TH-M-100083,950229431,0,0.7,32.71597337767192,0.0446284328473514
TH-M-200011,792040520,0,0.7,37.89647266985585,0.05075444042012372
TH-M-200052,792040520,0,0.7,33.461673256544984,0.04147603717463486
TH-M-300030,792040520,0,0.8,24.843790947310325,0.037912451916971436
TH-M-300030,950229431,0,0.8,32.41332644442551,0.07235795780699293
Trh-F-100080,2069652905,0,0.2,9.143896441397542,0.7366314759459114
Trh-F-100080,5901206553,0,0.3,20.860412212691635,0.06213657293894492
Trh-F-100088,1640922516,0,0.8,12.922358196515297,0.6294896042348632
Trh-F-100088,5813034493,0,0.7,13.776968389772916,0.6617721344387856
Trh-F-100092,5813018460,0,0.3,15.865256727907315,0.7655493763149239
Trh-F-200060,5813018460,0,0.3,17.738892821226813,0.5456075090973442
Trh-F-200060,1669924220,0,0.3,14.417534660922776,0.12872687278586803
Trh-F-200123,2069652905,0,0.3,15.36608219268554,0.7258557082346068
Trh-F-200123,1671620613,0,0.4,16.686982900883038,0.03480702275039152
Trh-F-300102,5901206553,0,0.3,13.37172637032019,0.6157605614043967
Trh-F-300102,5813018460,0,0.3,14.800447048954105,0.10003669913351894
Trh-F-300133,1671620613,0,0.4,17.607425695950607,0.08718286352155599
Trh-F-300133,1702310266,0,0.4,14.904473487318125,0.377742238880082
Trh-F-400082,5813018460,0,0.3,14.479486727149283,0.5507540995827899
Trh-F-500108,5901206553,0,0.3,10.628703034336848,0.5783019667393035
Trh-F-500108,5813018460,0,0.3,10.173612095408847,0.06201418172287435
Trh-F-500186,2069652905,0,0.2,12.531886913466975,0.6933572965976735
Trh-F-500186,1671620613,0,0.4,23.690272137688613,0.10922222721987898
Trh-F-700065,5813018460,0,0.3,15.085895944707527,0.10848466435802265
Trh-M-000132,487187476,0,0.9,45.91649856456179,0.355707052895275
Trh-M-000182,5812980746,0,0.9,31.69766464435146,0.06343292157689774
Trh-M-100002,519046655,0,0.9,23.521805842595658,0.12012466478322643
Trh-M-100004,5901206553,0,0.3,18.55734227349463,0.3735324984337822
Trh-M-100004,1920590638,0,0.2,12.32729448227297,0.2620398623958327
Trh-M-200107,519046655,0,0.8,29.197675308325987,0.17582565959499677
Trh-M-200112,1671620613,0,0.6,31.154922358868596,0.041437093814270465
Trh-M-300134,988567837,0,0.8,15.751229730438109,0.6589973985808592
Trh-M-300138,5813053851,0,0.8,7.8250145744086606,0.03284460554107017
Trh-M-400002,519046655,0,0.8,23.793257202978932,0.17639487365347206
Trh-M-400131,957506896,0,0.8,18.099743408036684,0.06767656392804261
VGlut-F-000067,1289359184,0,0.8,23.48558530853786,0.29992483687053423
VGlut-F-000200,792040520,0,0.8,30.569870307207683,0.08587311253608874
VGlut-F-000261,5813018460,0,0.2,11.604309427287145,0.04899962959372101
VGlut-F-000261,1667251683,0,0.2,10.402587001676556,0.5780118320016555
VGlut-F-000297,544038123,0,0.9,23.296490754606182,0.16653080507062598
VGlut-F-000440,5813054725,0,0.5,18.458533677200865,0.6063991354618488
VGlut-F-000440,1642623277,0,0.5,17.79285281001049,0.6064479651146233
VGlut-F-000475,1671620613,0,0.3,20.245327308394618,0.02340717002108327
VGlut-F-000524,5901206553,0,0.3,16.470280185091816,0.09211523232754142
VGlut-F-000524,2069652905,0,0.2,9.662077488493301,0.7592905100626212
VGlut-F-100132,792040520,0,0.8,34.56198324002703,0.06853028813365182
VGlut-F-100223,1640922516,0,0.5,10.047776586555358,0.6040991339005335
VGlut-F-100223,5813034493,0,0.6,10.751711583460777,0.6399178636525233
VGlut-F-200333,5813060726,0,0.7,8.47736202679868,0.033637705693423225
Cha-F-000074,356818551,0,0.6,13.886684524187366,0.06422865377307621
Cha-F-300344,1074704960,0,0.8,11.19786547366106,0.08141223665813874
Cha-F-300350,603482385,0,0.9,26.332798018251175,0.09348761180277124
E0585-F-000005,1012954687,0,0.0,93.15645319782794,0.08509144604291059
Gad1-F-000703,5813055865,0,0.7,13.716592600007736,0.04990457892648771
Gad1-F-200247,5813047489,0,0.3,98.59613514274784,0.7086464524535242
Gad1-F-500004,5813078062,0,0.4,24.263404628692527,0.24851850855681573
VGlut-F-800130,5901206553,0,0.2,21.630396666670492,0.1796249775695993
fru-M-300418,792040520,0,0.7,38.7034163093189,0.08906383521433166
fru-M-300418,950229431,0,0.7,46.81855658873028,0.12545030037240737
fru-M-500333,792040520,0,0.7,19.44133626158758,0.0389277677483511
fru-M-500333,950229431,0,0.7,27.468775380501892,0.07369600539884918
fru-M-700238,792040520,0,0.7,35.845910844646326,0.03498972694893481
fru-M-700238,950229431,0,0.7,44.032958512729365,0.07005430531375054
fru-M-800154,792040520,0,0.7,31.513686056244197,0.03357766486112692
fru-M-800154,950229431,0,0.7,39.72830045565209,0.06475442768253549
Cha-F-000139,580300616,0,0.8,6.985275176100816,0.13800243250985003
Cha-F-000139,609310926,0,0.8,9.144943976887395,0.1732483978754794
Cha-F-000305,734677385,0,0.3,70.40896252351236,0.907773389055927
Cha-F-000305,1135441187,0,0.3,26.980859209355188,0.16709909171212814
TH-F-000012,328533761,0,1.0,5.774692803413684,0.011185256224197025
TH-F-000012,736860990,0,0.0,76.31689534372352,0.8290524064957137
TH-F-100075,5813011298,0,0.7,10.427179967209554,0.10805601560488551
TH-F-200124,915960391,0,0.9,34.976268458582176,0.126544769931362
TH-M-000030,328533761,0,1.0,20.27449137695098,0.1450531340862358
Trh-M-700039,792692885,0,0.0,45.52485471165879,0.651536337935803
VGlut-F-000111,5813068559,0,0.2,9.56112926021365,0.25685104835799344
VGlut-F-200036,5813027276,0,0.1,52.43808301745809,0.42514461117557967
fru-F-400081,731736853,0,0.9,21.05144447304129,0.06413044904467885
fru-M-300255,267214250,0,0.9,27.684060138986773,0.06442841907002576
fru-M-800062,731736853,0,0.9,11.980945760339479,0.2729209605669725
Cha-F-200451,703106626,0,0.9,12.967156235658662,0.032196098969956156
Cha-F-600151,1324373969,0,0.6,31.565695689744746,0.2376801501361621
Cha-F-600151,1474084639,0,0.7,12.564051073902915,0.10147875255068893
Gad1-F-000080,1167982211,0,0.7,12.277868111939773,0.4250773385993345
Gad1-F-000169,1198006801,0,0.7,21.383686555336553,0.42524434755398627
Gad1-F-000169,1416900410,0,0.7,18.370527971709468,0.16696882088951653
Gad1-F-100604,1817712927,0,0.6,14.999077161357711,0.14491735489727864
Gad1-F-100604,800212579,0,0.6,10.565831218170954,0.15243272817481954
Gad1-F-300369,1008378609,0,0.8,13.932751775582755,0.02864505604017153
Gad1-F-400172,861237679,0,0.6,23.313720695643514,0.040047420434377014
Gad1-F-400303,860905614,0,0.8,27.54384837440478,0.01987927746761848
Gad1-F-600135,1230026228,0,0.8,16.080749268883242,0.22447986026134606
Gad1-F-700047,1167982211,0,0.8,19.98173022572748,0.4172817877140847
Gad1-F-700113,5813033535,0,0.7,12.711897121865784,0.10173331251960922
Gad1-F-900080,667931999,0,0.7,29.30930121509359,0.026337540274458473
TH-M-700001,947573616,0,0.6,36.11869817715652,0.2557014620169799
Trh-F-000011,329289084,0,0.8,7.530264483094051,0.08881723398365442
Trh-F-000011,5813019588,0,0.8,6.8353437062420825,0.05205810551458817
Trh-F-200007,947685488,0,0.9,11.958546644852177,0.019106954571286052
Trh-F-200053,946308203,0,0.8,7.411354840367688,0.14888314830104402
Trh-F-200053,5813055834,0,0.8,6.044054352750513,0.044895765541354216
Trh-F-300042,326530038,0,0.9,6.849181059464729,0.049826131666432766
Trh-F-300066,575845494,0,0.7,15.870796861405656,0.00848785042211739
Trh-F-300072,5813054384,0,0.7,7.014465147288712,0.006910870537491838
Trh-F-300137,1070426862,0,0.8,4.188271685994035,0.03180373438179686
Trh-M-000023,5813054384,0,0.7,21.49131816737982,0.12009432485330426
Trh-M-000023,5813021112,0,0.5,20.7727032260238,0.16406559129657158
Trh-M-000077,5813054384,0,0.7,10.504990825166875,0.13770828521841183
Trh-M-000093,5813055834,0,0.7,13.839132357925555,0.016024991539012223
Trh-M-000119,5813054384,0,0.7,31.227055792207235,0.10238815245767739
Trh-M-000119,947573616,0,0.6,32.366764915958456,0.20534383938393433
Trh-M-000140,1406911688,0,0.4,11.584586768194319,0.20190008064403858
Trh-M-100022,548712377,0,0.8,16.843430430234076,0.06421540948238698
Trh-M-100022,330640044,0,0.3,37.68359280081577,0.07732066095319494
Trh-M-100080,329289084,0,0.7,15.71071996176006,0.04358833739315889
Trh-M-100080,452029745,0,0.7,11.028661516586563,0.0529967129922547
Trh-M-200041,297251714,0,0.6,30.475002663232665,0.07058136811772749
Trh-M-200041,296139882,0,0.6,19.485768807411475,0.09179882657539276
Trh-M-200071,5813061495,0,0.2,18.601844806562784,0.06672074824065612
Trh-M-300085,362507326,0,0.4,18.583461572077304,0.3392338752590949
Trh-M-300128,5813061495,0,0.5,12.957593010664683,0.05688254936605481
Trh-M-400037,5813049824,0,0.2,11.232738890311962,0.05113308878931134
VGlut-F-000077,424918786,0,0.3,22.042737573275588,0.5102806366571303
VGlut-F-000132,925008763,0,0.7,45.40056538843791,0.12051859375969534
VGlut-F-000132,708290604,0,0.7,47.7431819228122,0.11381300995480205
VGlut-F-000410,1313849992,0,0.7,19.278939969069455,0.03343194346785218
VGlut-F-000419,5813052909,0,0.7,23.20556774323998,0.15325545555373946
VGlut-F-100237,5901232053,0,0.2,39.645131177780904,0.06450814918061767
VGlut-F-200048,799868224,0,0.8,28.57919392698849,0.08421623581537266
VGlut-F-200478,1230026228,0,0.6,17.2300213477818,0.45089291371161855
VGlut-F-200478,1167645523,0,0.6,16.100728053393922,0.2739508387536405
VGlut-F-200594,5813058048,0,0.8,6.9082399510848855,0.07090853422475801
VGlut-F-400014,5813011443,0,0.2,53.06430768298741,0.22617966953980045
VGlut-F-400502,5813056054,0,0.6,10.709277885235027,0.16379055582300756
VGlut-F-400502,486194398,0,0.6,7.491002154064285,0.14732423661323105
VGlut-F-500430,485249150,0,0.5,98.75859772018973,0.16824084203495915
VGlut-F-900076,859265651,0,0.2,26.34599939864948,0.5455724679518631
VGlut-F-900076,388975834,0,0.2,46.67050278278348,0.385132961261605
fru-F-100022,298258399,0,0.7,8.12882939593872,0.07292139442996827
fru-F-100059,949986251,0,0.7,19.67155726305607,0.02143676044524278
fru-F-100059,1293468282,0,0.7,10.2984778912502,0.04692308676858269
fru-F-200173,1292713151,0,0.7,51.43660016087134,0.022454149559728753
fru-F-300172,5901193671,0,0.8,19.635383971388706,0.38808691523754396
fru-F-500250,550750102,0,0.7,79.11540150681691,0.8033072409333105
fru-M-000087,925008763,0,0.7,36.371249081030065,0.13505634426414978
fru-M-000174,550326974,0,0.6,13.469694359475914,0.013676768333690756
fru-M-000202,267551639,0,0.7,12.256164908869055,0.08422098447962142
fru-M-400120,267214250,0,0.9,21.06453117763722,0.0479091015842677
VGlut-F-100374,5813034455,0,0.8,15.827158339403521,0.3422191416808065
TH-M-300032,5813020735,0,0.8,7.743371595882996,0.03858843798671968
VGlut-F-400641,1312061760,0,0.8,29.074356665229086,0.46143270538585585
TH-F-100111,792040520,0,0.9,13.703796989046344,0.07531881908926519
fru-M-300332,673776769,0,0.3,29.420453776010184,0.11515451542913999
Gad1-F-600594,1667251683,0,0.4,16.452339421931793,0.4087053682646539
fru-M-500322,5813021602,0,0.1,11.308775026759937,0.6416199472439036
fru-M-100277,390331583,0,0.7,14.763587592484543,0.054531156706976835
Trh-M-200100,1888199872,0,0.1,20.701371350250195,0.42537506570670747
Trh-M-200100,5813034455,0,0.1,22.832052140992616,0.34445176883246875
fru-M-200408,1378251040,0,0.6,21.07968810341087,0.16259626011953396
5HT1A-F-300000,1351065769,0,0.9,9.433891201107276,0.10647936212857019
fru-M-200273,550326974,0,0.6,14.726212243640378,0.22906570864781678
fru-M-200357,1325133618,0,0.8,16.094047423141614,0.01794880395462126
VGlut-F-500164,550404663,0,0.8,8.762861469312758,0.06577658198117
VGlut-F-500164,674882250,0,0.4,24.13986273282821,0.7822346029700582
VGlut-F-000232,5813054384,0,0.9,23.784377094879463,0.01529453249893151
Gad1-F-700255,1012112513,0,0.9,14.866382874729547,0.1704469506623371
Gad1-F-700255,946658448,0,0.9,15.245601018475238,0.14552151286651283
fru-M-000339,5813019588,0,0.8,16.74383323858102,0.010911184212003884
Gad1-F-600304,5813054622,0,0.7,18.282391232896074,0.24671485212623215
Gad1-F-600304,5813054777,0,0.7,18.60915047858479,0.2430003638524519
Gad1-F-800572,5813013574,0,0.8,17.518540706595925,0.0705321952226447
Gad1-F-800572,1044701474,0,0.7,9.879515666956603,0.09869337696222286
VGlut-F-200250,5813020996,0,0.9,30.74368109077743,0.0878041941387109
VGlut-F-400320,5813039309,0,0.0,24.656688865685286,0.07459233975435549
VGlut-F-400320,1671257931,0,0.0,32.111045755397136,0.28138481161484746
Gad1-F-700282,518930199,0,0.7,18.591009656962445,0.22082522346637715
TH-F-000028,5813054384,0,0.9,32.947709298786954,0.10865171114671138
TH-F-000028,5813021112,0,0.7,9.207750959968017,0.28276466835024106
VGlut-F-500428,1639886198,0,0.0,24.795652785964474,0.1802034557329543
5HT1A-F-400024,1313849992,0,0.9,22.00278114141225,0.07320458055272813
VGlut-F-600323,1130458829,0,0.9,15.486264135089714,0.14927169055328646
VGlut-F-600323,1005624122,0,0.9,17.333444100092848,0.12496071494216777
fru-M-200271,925008763,0,0.8,46.63528610614942,0.12641427941502723
Trh-F-100069,823058891,0,0.4,84.6121273523372,0.10567109151070311
Trh-F-100069,5813054384,0,0.9,15.714243485537004,0.01588343918002253
fru-M-700205,361005850,0,0.0,15.663637152124325,0.29832412284516685
TH-F-100113,5813054384,0,0.9,23.22277659940774,0.057359438036192145
TH-F-100113,797442049,0,0.1,37.21223219975239,0.24506908203514052
VGlut-F-600091,1130458829,0,0.8,20.346270756843193,0.10935326318732028
TH-F-000000,5813054622,0,0.2,72.21388041016635,0.16912290256175364
TH-F-000000,5813054777,0,0.2,72.9234790311506,0.17494577588205745
Gad1-F-600218,5813054077,0,0.8,25.713731346807254,0.11978312232788049
Gad1-F-600218,1105459542,0,0.7,22.89438525865562,0.09626523770180806
VGlut-F-500523,975289165,0,0.8,18.366989569653647,0.0626710627034815
VGlut-F-500523,944249308,0,0.8,23.786965422387194,0.11580459726004444
Trh-M-200022,388975834,0,0.2,45.80144007915527,0.28751198947345696
Trh-F-100023,823058891,0,0.0,96.75579537373739,0.13640619903915216
Trh-F-100023,5813054384,0,0.8,1.621742005305631,0.048091983290968705
5HT1A-F-700024,975289165,0,0.8,14.293137886216257,0.06760697416562741
5HT1A-F-700024,1130458829,0,0.8,17.55751321781208,0.05207285812669238
fru-M-800110,550326974,0,0.8,17.682245386782718,0.06680047175673713
fru-M-300325,5813021602,0,0.3,14.082644083649882,0.6146408586322836
fru-M-300325,361005850,0,0.3,18.75682922699497,0.6221736661776586
Gad1-F-000162,543256347,0,0.6,11.90882629954851,0.11191990008475466
fru-M-900070,5813019588,0,0.8,18.826223886732677,0.004173382003789781
fru-M-900070,946641212,0,0.8,4.912180846563156,0.01944253017532774
Trh-F-200112,203253253,0,0.9,13.566092959258333,0.1246207056180443
VGlut-F-600711,5813034455,0,0.6,11.833098574643317,0.36380595498108464
VGlut-F-600711,1667251683,0,0.5,10.40336099822923,0.3656539536768805
Gad1-F-100112,5813056917,0,0.8,29.543912386819574,0.06854604433402188
VGlut-F-300246,5813054384,0,0.9,22.38489296314641,0.05495640062057955
VGlut-F-300246,947573616,0,0.3,27.456564662154264,0.2414724155221518
5-HT1B-F-500017,5813054622,0,0.6,16.077122929563256,0.6403131159047364
fru-M-100291,298258399,0,0.8,9.913264669430747,0.007614778451672453
TH-M-000047,5813060068,0,0.6,21.204737606024473,0.049929746945322484
TH-F-100109,5813054384,0,0.9,19.078871921905517,0.07605362735758732
TH-F-100109,797442049,0,0.3,39.263660767614056,0.2651142846668855
VGlut-F-500200,944249308,0,0.8,19.10702089310457,0.0512711029962873
TH-M-200092,5813081818,0,0.8,14.694291842821531,0.009153277424836626
fru-M-000376,5813019588,0,0.7,28.008978107089735,0.015714646823505617
fru-M-000376,5813055834,0,0.7,13.319848280793895,0.041568063411689705
VGlut-F-700170,1702651358,0,0.0,22.474337596006553,0.17794081985323337
VGlut-F-700170,1640922754,0,0.0,24.34467327093939,0.12314243119796378
Gad1-F-200472,1888199872,0,0.5,22.051368066952342,0.2636722390565488
Gad1-F-200472,1702306037,0,0.0,25.445474263096145,0.7890857688088818
TH-F-200090,1224941044,0,0.9,16.83276045224985,0.04929574692741356
TH-F-200090,1224595273,0,0.9,20.271029950326437,0.6555365762223366
VGlut-F-400233,1130458829,0,0.8,11.902926758586805,0.3200068678710838
Gad1-F-600267,911574041,0,0.8,8.44652463539792,0.011511076416939086
TH-F-200114,5813054384,0,0.8,20.84392547990477,0.18678316198202638
TH-F-200114,1352676969,0,0.3,18.912339031970337,0.35241368480155855
fru-M-800105,550326974,0,0.6,16.946771126586736,0.02821337786422575
VGlut-F-500239,5813055632,0,0.8,20.850331657273692,0.05111446059984789
Gad1-F-700167,5901196806,0,0.8,14.434317714220722,0.03785266503346519
Gad1-F-700167,2135408892,0,0.0,15.490959142315022,0.10028060322596871
VGlut-F-300554,1702651358,0,0.0,19.32745975523541,0.06719816710795314
VGlut-F-300554,5813039309,0,0.0,17.423887733576787,0.15679070396502615
TH-M-200070,1035601661,0,0.9,24.160158693801,0.23569521842873678
fru-M-200345,731736853,0,0.9,36.52875945088365,0.03660927414384811
Trh-F-200030,1888199872,0,0.0,8.368253611980258,0.5903871000969401
Trh-F-200030,5813034455,0,0.0,10.864077060613088,0.6663871116610436
Cha-F-000009,1048215779,0,0.9,10.665956259087245,0.04895359276038651
Cha-F-400112,1224258912,0,0.0,88.75721678051592,0.252682682692211
Cha-F-400112,5813022925,0,0.0,87.76366317325055,0.09482263547742945
Cha-F-400201,1639886198,0,0.0,98.80228277316692,0.05707835874513951
Cha-F-400201,1640555311,0,0.0,94.48838442336718,0.1970692783056935
Cha-F-800086,579916831,0,0.0,50.786150554399654,0.3156115729585549
E0585-F-200015,518899665,0,0.4,36.4967022083012,0.11924435184626167
E0585-F-300042,457175171,0,0.8,28.438746070640192,0.20552791965857856
E0585-F-300042,642664141,0,1.0,19.239202711104216,0.32505328397644073
fru-F-200052,456156825,0,0.0,47.072937194808794,0.1812836917709201
fru-F-400010,862705904,0,0.9,7.881470968591052,0.07202028422886056
fru-F-400010,1173745330,0,0.9,12.090409482753536,0.14078094262128207
fru-F-400071,1205090786,0,0.6,14.088102270469026,0.11175478154587204
fru-F-400071,1173745330,0,0.8,11.722116110362697,0.22846827047474166
fru-F-400141,862705904,0,0.7,13.901511317006937,0.2431134246361914
fru-F-400141,1142356576,0,0.9,10.407634523943694,0.1120739290671892
fru-F-400196,1100792636,0,0.0,85.72063421375357,0.25029129348537016
fru-F-400196,1141324564,0,0.8,5.857975651305586,0.08253278286015112
fru-F-400214,983759126,0,0.8,17.34221144934125,0.20334222668181634
fru-F-400214,1173045815,0,0.8,10.797504679614466,0.2837314363595399
fru-F-400229,5813087817,0,0.5,18.554363672713446,0.2448915256209992
fru-F-400229,1700644008,0,0.0,82.99759851895094,0.2892777574002591
fru-F-400338,1141678665,0,0.8,14.401280713797927,0.3028959342723048
fru-F-400338,1205090786,0,0.8,17.91677178866382,0.2685781669158231
fru-F-400437,1173745330,0,0.8,8.687236807119023,0.02129195058380968
fru-F-400437,1141678665,0,0.8,7.83131857426408,0.2686794465302032
fru-F-400475,5901203987,0,0.0,89.93580526373835,0.19956821270332248
fru-F-500083,1261130127,0,0.0,99.55894454191254,0.8497224849198305
fru-F-500083,1261129711,0,0.0,95.73583708025681,0.8786208788065237
fru-F-500115,1206114100,0,0.8,18.986008870777837,0.2562180287990052
fru-F-500115,1173745330,0,0.8,9.733545630873644,0.057435771107706826
fru-F-500297,1051630846,0,0.9,14.010928133759007,0.030599736358903857
fru-F-500297,948035783,0,0.0,81.9436452200267,0.13834503849048507
fru-F-500435,1142011140,0,0.6,11.209948790877087,0.0828613842141568
fru-F-500435,1510648834,0,0.0,85.70551606854062,0.07783616635209609
fru-F-500584,862705904,0,0.8,13.974529849333429,0.09093682318702216
fru-F-500584,1205090786,0,0.8,7.9369559781678545,0.17431607587044323
fru-F-600168,1101133698,0,0.0,87.45445742781283,0.25639092582237827
fru-F-600168,977343309,0,0.0,73.95263975607062,0.06096948840580615
fru-F-600186,609587511,0,0.0,56.75036460058524,0.09226144499688964
fru-F-600186,550280614,0,0.0,58.81127001266299,0.05322540243169458
fru-F-700104,1142365351,0,0.8,6.315753870138928,0.3093395849538559
fru-F-700104,1173745330,0,0.8,10.63750620666182,0.10574545633485363
fru-F-700114,1224945418,0,0.0,95.2933516980598,0.23238474355088812
fru-F-700163,1142356576,0,0.8,12.087986646551698,0.03623935208465147
fru-F-700163,862705904,0,0.8,16.109779912600235,0.3268697843932815
fru-F-700245,1204175835,0,0.9,2.9390402004926703,0.0732276796946976
fru-F-700245,1100792636,0,0.0,94.71326916195177,0.2185590905599703
fru-F-700257,1141337605,0,0.4,8.258069411944401,0.11157127463250935
fru-F-700257,1224258912,0,0.0,98.3230067235209,0.07179765739215466
fru-M-400031,1290416713,0,0.0,92.71151054238074,0.2943251533974518
fru-M-400031,1198006801,0,0.0,71.51901532210833,0.4361567217876902
fru-M-400362,955464899,0,0.6,25.060822547941527,0.0545556288534902
fru-M-400362,1469403612,0,0.5,84.49951441456845,0.2702830866972906
fru-M-400401,955464899,0,0.7,25.79718141727113,0.01849561090063973
fru-M-400401,829261936,0,0.6,34.271883025347336,0.08160760915514527
fru-M-500174,266187383,0,0.0,91.78154250529393,0.11672763933416005
fru-M-500374,737832306,0,0.0,86.30107431155554,0.11472074133222385
fru-M-500374,1224258912,0,0.0,96.17356363834276,0.28000389515476926
fru-M-500377,1100792636,0,0.0,78.28109476076757,0.2150674835767783
fru-M-500383,5813034306,0,0.5,91.84462540076188,0.0743694743962715
fru-M-500383,1205090786,0,0.7,17.329609329687255,0.18584460701210817
fru-M-700067,1228683492,0,0.0,77.26450171856958,0.21054620397479942
fru-M-700067,550617370,0,0.0,73.08004530058157,0.2494663311169078
fru-M-700270,1204175835,0,0.9,9.660563897369697,0.1410642681868644
fru-M-700270,1510648834,0,0.3,81.00317447574733,0.3226022046985729
G0239-F-000008,267896360,0,0.0,26.278479178427236,0.22020567748102207
G0239-F-000011,676573560,0,0.0,50.74606194103741,0.3475369909559067
G0239-F-000011,636667489,0,0.0,81.14738266553069,0.05758143459539259
Gad1-F-001409,1610224198,0,0.0,88.78780207616241,0.031099622654593533
Gad1-F-001409,1641250106,0,0.0,87.3558215847058,0.021285897108867094
Gad1-F-101173,5813020585,0,0.0,4.694838095600717,0.02311972711117564
Gad1-F-101173,5813020455,0,0.0,1.029198745882721,0.024187810265113383
Gad1-F-200227,5813022201,0,0.8,6.270704566392166,0.11662124649606578
Gad1-F-200227,860983686,0,0.8,9.90583396070469,0.08040815573529055
Gad1-F-300153,1224258912,0,0.0,96.3895077587722,0.045917264303130985
Gad1-F-300153,1224945418,0,0.0,97.35266678133969,0.040268290783909255
Gad1-F-300275,702389193,0,0.0,95.27933929051613,0.1680892061565927
Gad1-F-300309,955464899,0,0.8,6.667611335404236,0.24607447433827842
Gad1-F-300309,862705904,0,0.8,11.671724795267302,0.23258267656627937
Gad1-F-301525,422682603,0,0.7,30.300571318526483,0.05433627293790357
Gad1-F-301525,1419019956,0,0.7,39.21883186851204,0.08400998912297532
Gad1-F-301704,424789697,0,0.0,69.08467844300517,0.07599109023119328
Gad1-F-301704,760686202,0,0.0,75.95462807824124,0.06937742473550702
Gad1-F-400259,518899665,0,0.0,38.78897159495031,0.12885755849361374
Gad1-F-400259,296543992,0,0.0,81.64653320690729,0.1410816106053568
Gad1-F-400718,1266871604,0,0.7,8.134356371751236,0.05184253573083621
Gad1-F-400718,673518025,0,0.0,96.56746072706973,0.2563067608367249
Gad1-F-400957,1262114202,0,0.6,4.749393720945604,0.03747929822820396
Gad1-F-400957,1261423370,0,0.6,11.576876132624395,0.06750463329384919
Gad1-F-402516,829261936,0,0.9,19.636084047368705,0.09931882915558629
Gad1-F-402516,862705904,0,0.9,5.786127333545751,0.07761434018790754
Gad1-F-500136,946641153,0,0.0,78.79198126384782,0.18409211587053834
Gad1-F-500136,1290416713,0,0.0,71.54340588289796,0.23245762889076896
Gad1-F-500365,613719036,0,0.8,8.766056790914277,0.10299586985329132
Gad1-F-500524,1141337605,0,0.9,3.5749911230432145,0.17992943189575022
Gad1-F-500559,5813022201,0,0.7,9.218669874021,0.14641462992875612
Gad1-F-500559,1171690479,0,0.9,20.10876538035702,0.11933144757596947
Gad1-F-502126,1142365351,0,0.9,10.310326419315029,0.27995056768584076
Gad1-F-600109,1670278227,0,0.0,96.54643120909867,0.045524821992115376
Gad1-F-600115,946641153,0,0.0,76.91901937510691,0.07249234013046894
Gad1-F-600345,922810839,0,0.0,94.54362112887414,0.333762900084237
Gad1-F-600345,5813077405,0,0.0,66.65101552171595,1.071038088159916
Gad1-F-700131,613719036,0,0.8,7.187753104581391,0.013342157359591066
Gad1-F-800094,1198330641,0,0.0,80.1305253122314,0.3827007779927527
Gad1-F-800094,1290416713,0,0.0,94.55398920806392,0.14643748243527466
Gad1-F-900001,1290416713,0,0.0,89.24268261764855,0.18500119154573091
Gad1-F-900001,5813026366,0,0.0,99.31177107841775,0.20824088083312242
Gad1-F-900194,1448929233,0,0.0,98.65771303209694,0.1820981115524482
Gad1-F-900194,1193560072,0,0.0,95.57773406668727,0.2084062215601929
TH-F-000101,421641859,0,0.0,99.44404587434403,0.10141697287633238
TH-F-100083,329970706,0,0.0,27.574811395159323,0.06860155763570652
TH-F-100099,329970706,0,0.4,46.55037271002488,0.015185494528360658
TH-F-200030,328943204,0,0.4,49.550100665257,0.1038079649308006
TH-F-200030,203253253,0,0.4,34.3299595457536,0.12199010733005844
TH-F-200033,608922563,0,0.0,28.55638222721797,0.10393284478017398
TH-F-200081,330268940,0,0.0,85.0305706362363,0.17307066884769562
TH-F-300020,484911954,0,0.0,58.63660744682147,0.1567328966186672
TH-F-300020,1048172314,0,0.0,96.11379904627489,0.10485722930823997
TH-F-300073,361040812,0,0.0,34.696657475830996,0.3077422454967087
TH-F-700001,418969956,0,0.0,89.96244454394784,0.18982500946062006
TH-F-700001,297166053,0,0.0,67.5827916009411,0.060349094665294645
TH-F-700004,643830129,0,0.0,81.84807152662806,0.09620347234303968
TH-F-700016,5812982779,0,0.7,10.011542256445518,0.007101601273243738
TH-F-700016,5813089803,0,0.0,99.78699266400979,0.1133027192840784
TH-F-700022,946645313,0,0.0,63.19527803939911,0.05374250404193069
TH-M-500003,580287695,0,0.0,79.09682835698688,0.10893165344556278
TH-M-500003,456156825,0,0.0,66.73936478401909,0.13810819230094706
TH-M-600002,1224258912,0,0.0,84.19628531874287,0.31786690798637685
TH-M-600002,1193560072,0,0.0,77.54958824741415,0.08359479453765385
TH-M-600003,1224595289,0,0.0,73.99651111543596,0.30399598245725384
TH-M-600003,1224258912,0,0.0,78.3076192012095,0.252012096691908
TH-M-700002,1224595289,0,0.0,68.35825752558762,0.18113454117098998
TH-M-700002,1224945418,0,0.0,74.28723134900551,0.22323232508566093
TH-M-700013,5812979156,0,0.6,6.096644634860523,0.09294359908006322
TH-M-700017,604864392,0,0.0,77.65348268515885,0.26464183470471514
TH-M-700017,454439022,0,0.0,86.082421775988,0.05979327551572801
Trh-M-000099,1602402027,0,0.5,63.206574890702726,0.013486955026294184
Trh-M-000099,986828383,0,0.6,25.469982854584615,0.176774697589408
VGlut-F-200594,328632707,0,0.0,82.9788433526777,0.14026970985712275
VGlut-F-300680,5813020585,0,0.6,21.078579606302736,0.06276615420601184
VGlut-F-300680,1322474586,0,0.6,14.68043303161757,0.052532740792267246
VGlut-F-800070,894551935,0,0.7,17.450623444585748,0.0857778960436097
VGlut-F-800070,832357089,0,0.0,11.47178538264193,0.21450714670746857
VT0765-F-700001,613079053,0,0.3,95.5234914986575,0.07684294767566693
VT0765-F-700001,486544396,0,0.0,88.76373917472495,0.12740150524986324
VT16811-F-700000,1078693835,0,0.0,36.81075435918217,0.11601841653212012
VT16811-F-700000,1729935421,0,0.0,86.42729241390548,0.09259528226740017
VT24618-F-700000,5813058048,0,0.0,53.16532286892446,0.17335566580511738
VT24618-F-700000,299082033,0,0.0,38.17721326763213,0.11045226013601664
VT38815-F-700000,799586652,0,0.0,13.870079599893979,0.21138713400000134
VT38815-F-700000,1640555311,0,0.0,84.6923924087467,0.44411911339039195
VT38815-F-700001,799586652,0,0.0,9.140858599390226,0.12656737839278606
VT38815-F-700001,485745069,0,0.0,97.72954387420246,0.008170130102546832
VT43401-F-700002,575768294,0,0.0,33.72574330485037,0.26609565930222406
VT43401-F-700002,5813020673,0,0.0,32.538840807230294,0.15210902422236883
VT50245-F-700000,5813058316,0,0.0,37.33575821650531,0.19241566258156834
VT50245-F-700000,700486220,0,0.0,45.60705512131359,0.32937075700961826
VT50245-F-700001,612414168,0,0.0,50.455872820442174,0.7558587742092042
VT50245-F-700001,674807824,0,0.0,44.86080882339714,0.11286440288143797
VT50733-F-700000,919763043,0,0.0,58.91726196616056,0.13761376741235673
VT50733-F-700000,519046655,0,0.0,42.33145159685619,0.1556060139092548
VT58722-F-700000,549282467,0,0.6,40.86376312873834,0.2581362408906809
VT58722-F-700000,326253554,0,0.4,70.08806027639137,0.3763732533033335
VT58722-F-700001,946990515,0,0.0,49.93271263783124,0.1766865588384677
VT5948-F-700000,422725634,0,0.8,21.745683673880535,0.05378925913778523
VT5948-F-700000,519279166,0,0.0,48.969722945002204,0.25833421085240305
VT5948-F-700001,422725634,0,0.6,22.397063993215067,0.029077356597551434
VT5948-F-700001,736174181,0,0.0,38.02529600844557,0.22334568719738498
Cha-F-000088,1640909284,0,0.6,12.690038009200135,0.13478496474112306
Cha-F-400237,1135441187,0,0.5,16.063660805054845,0.051750974168491594
Trh-M-200043,1671620613,0,0.0,24.990068200302648,0.15147773605241074
Trh-F-100001,5813062858,0,0.7,5.536712053701303,0.13542807216733818
Cha-F-000088,1699974843,0,0.6,12.559827864962712,0.12871022159546083
Cha-F-000088,1704347707,0,0.6,14.77798119114382,0.1136643630717619
VGlut-F-400757,1640922516,0,0.0,15.234781514200918,0.6492640007983982
VGlut-F-200392,792326206,0,0.6,6.889876442864893,0.0515793535759052
Cha-F-000088,5813055277,0,0.6,13.104144420139681,0.11179445447389859
Cha-F-000088,5813056598,0,0.6,10.051864694006666,0.7053132751091805
Cha-F-200299,1135441187,0,0.6,5.812957214005066,0.7399257746084659
VGlut-F-500876,1640922516,0,0.0,13.622770674282949,0.7266026204623611
VGlut-F-500876,1667251683,0,0.0,12.267549290186201,0.1513845301545044
Trh-M-100024,5813049824,0,0.7,14.504408873800244,0.03437048843215269
Trh-M-500163,862671913,0,0.6,14.535558881536453,0.1015458979041468
VGlut-F-400186,1640922516,0,0.0,14.421063716305145,0.7792997875838786
VGlut-F-500335,1640922516,0,0.0,19.85601841915897,0.7854644508009074
Trh-M-100024,5813020684,0,0.4,17.943161100807373,0.016786005566106786
VGlut-F-700541,1640922516,0,0.0,20.309104434367956,0.7388144032252326
TH-F-200026,330640044,0,0.0,15.714054454091091,0.03714185351497873
Trh-M-300140,1008024276,0,0.6,15.269884299778976,0.6725378774590027
Trh-M-400023,953414780,0,0.6,10.836646351536624,0.2124574083830298
Trh-M-100024,5813055834,0,0.7,14.639803723164666,0.009057587655499872
VGlut-F-500876,1669924220,0,0.0,9.535139798440786,0.07329766761896526
Trh-M-100024,946308203,0,0.7,16.190150949936697,0.11306404588192098
TH-F-100036,5812980529,0,0.7,8.664875854794962,0.04367250155824605
Trh-M-500163,768555687,0,0.6,16.08712766913277,0.10960899826800002
VGlut-F-800130,1671257931,0,0.6,15.698803771095623,0.11602704466020736
VGlut-F-200319,5813055865,0,0.6,5.5308063938800265,0.08638837879144201
VGlut-F-800130,2135408892,0,0.5,15.021614932058467,0.26793520705160867
VGlut-F-800130,5813132949,0,0.5,15.990931648687061,0.5202306522193298
Trh-M-400110,953414780,0,0.6,6.418529941526338,0.051119290274166444
Trh-M-500163,672006007,0,0.6,17.900358090485437,0.03476300107481046
TH-F-000019,5813021602,0,0.7,14.254424633845986,0.6773916267729171
Trh-F-400055,1070426862,0,0.7,9.629722985299152,0.04865606102514816
TH-F-300062,1262360335,0,0.5,39.428089379477065,0.08344309385056754
Trh-M-500163,891663788,0,0.6,10.612815702516356,0.0017392549849176825
VGlut-F-000463,1037293275,0,0.7,15.777697933904264,0.09003602561394773
Trh-M-400110,1008024276,0,0.6,19.38471434142295,0.17547148222312503
Trh-F-300112,953414780,0,0.6,7.886325053652964,0.25287110459563994
Trh-F-400055,1008024276,0,0.7,15.540172014532748,0.06716916147061855
Trh-F-300112,922069357,0,0.7,9.674514377794216,0.04909914609755004
Trh-F-300112,1008024276,0,0.7,17.450362859849267,0.042545981992693785
Trh-M-400023,988567837,0,0.6,14.946096045907705,0.6787286574148129
TH-M-100063,1449247522,0,0.6,14.094321269948669,0.0310976429237649
VGlut-F-400898,1668944259,0,0.5,5.753878225226147,0.05521915134343085
Trh-M-400052,1008024276,0,0.6,16.653568016276544,0.07992288824559421
Trh-F-400055,953414780,0,0.6,5.959606051923935,0.22759064148050578
Trh-F-300112,5813053851,0,0.7,9.86767580780957,0.042609214271036026
Trh-M-400131,1008024276,0,0.6,22.20223961739049,0.03743927085862641
Trh-M-400110,957506896,0,0.6,14.963699008831975,0.21801428552062618
Cha-F-000239,1733677514,0,0.0,14.261866607775794,0.039202098499421904
TH-F-000036,5813011298,0,0.3,10.613478681740775,0.10720608220160424
VGlut-F-000177,672283773,0,0.0,6.483522117251003,0.1144714925949839
Trh-M-400110,1070426862,0,0.6,12.791791158550962,0.13892561026168165
VGlut-F-400049,297251714,0,0.0,16.17544664070582,0.2700867333621058
VGlut-F-400186,1700644008,0,0.6,10.709049477098736,0.06304359152868395
TH-M-300005,1289359184,0,0.6,25.976197725822864,0.48548705485875165
VGlut-F-500876,5813034455,0,0.6,13.649351107585408,0.059611752229606234
TH-F-100050,1289359184,0,0.7,21.135230393639596,0.4998608853373221
VGlut-F-500876,5901196806,0,0.6,11.068897834548688,0.036507532050310675
TH-M-000032,5813021602,0,0.7,24.05592838753496,0.2450728818404146
TH-F-300062,1666561406,0,0.5,28.124082453704453,0.8634711355937623
VGlut-F-400757,1730651751,0,0.6,8.65271545289272,0.10409311850209768
Trh-F-400055,922069357,0,0.7,9.65565763087598,0.07458696541297434
VGlut-F-400898,1700644008,0,0.6,8.556274876992221,0.023447134046878412
TH-F-300062,1168915489,0,0.5,29.69631339747075,0.9730474530185517
Trh-M-300138,1008024276,0,0.6,19.224882325319065,0.041784983641012616
Trh-M-400023,957506896,0,0.6,23.975795532677363,0.059139067374978746
TH-M-100057,1449247522,0,0.6,18.173997538068207,0.03973855502530835
VGlut-F-700541,1700644008,0,0.6,10.227406815455794,0.016423123886942514
TH-F-200026,329970706,0,0.0,13.370311265390406,0.06899817803565636
VGlut-F-300438,5813019526,0,0.6,26.801658536634648,0.06632698487409043
Cha-F-000239,1794055377,0,0.7,17.2818871183499,0.10040879193953449
VGlut-F-200392,5813027276,0,0.0,17.746125622852567,0.5194746474825204
VGlut-F-400186,1730651751,0,0.5,9.04962431350732,0.09665478569517931
VGlut-F-400186,1888199872,0,0.5,13.74394841234129,0.2222125857320226
Cha-F-000239,1316245799,0,0.0,24.339688669440743,0.12444944821984551
Trh-M-400131,953414780,0,0.6,9.818031451835488,0.20694736434822458
TH-F-200106,1225640135,0,0.7,23.779737175432427,0.04588468062972017
TH-F-100036,359931311,0,0.7,9.558352714316404,0.027394398483581026
VGlut-F-200392,1135441187,0,0.0,28.007528602204246,0.22758356993452922
Trh-M-300138,953414780,0,0.6,4.46323996364428,0.2451282682561694
VGlut-F-700541,5901196806,0,0.6,14.05661070939929,0.05086177706314646
VGlut-F-400184,1730651751,0,0.6,7.638171922832353,0.34775635575045666
Trh-M-400023,1051980223,0,0.5,7.76886604284345,0.6529735124876691
Trh-M-300071,1008024276,0,0.7,11.737264902555998,0.039713008747663876
VGlut-F-500335,5813034455,0,0.5,17.616428278248343,0.1390825448676962
TH-M-200013,1035601661,0,0.6,30.72556022238175,0.7951929277937387
Trh-M-300138,1070426862,0,0.5,12.70673958769082,0.05612886315630655
VGlut-F-400898,5901196806,0,0.6,8.28036585333086,0.05949394532059533
VGlut-F-700541,1668944259,0,0.6,12.598352408606539,0.05411075344549691
VGlut-F-700541,5813034455,0,0.6,17.45518705805313,0.07440987541741238
VGlut-F-100002,1978573010,0,0.6,38.8640114142279,0.11759764699720533
VGlut-F-300438,297580589,0,0.0,30.34677151086604,0.0465637747160018
Trh-M-400052,953414780,0,0.5,16.373166644296308,0.16407400053743895
Trh-M-400052,1070426862,0,0.6,14.442064112840594,0.03350379729364807
Trh-M-400052,922069357,0,0.6,14.72302508908708,0.134858541664248
VGlut-F-600204,5813064410,0,0.0,17.438191666799177,0.13872819807027686
Trh-M-400131,1070426862,0,0.6,15.532929085267822,0.017946637889052618
TH-F-200004,484126552,0,0.0,17.7789741190476,0.05099880051825159
Trh-M-300140,922069357,0,0.6,15.893423144240046,0.7332549789246957
Trh-M-300140,1070426862,0,0.6,13.530430808703105,0.6734598392563295
VGlut-F-400184,1700644008,0,0.6,13.308452853875,0.32299400641026815
VGlut-F-200319,360259229,0,0.0,14.95259229751675,0.1438879079341324
fru-F-000094,328611004,0,0.0,3.7495057190310197,0.11805782004654072
Cha-F-000239,610274029,0,0.0,43.11849646297943,0.07293915556686907
VGlut-F-500335,1888199872,0,0.5,17.76885175444543,0.23717113469864098
VGlut-F-000158,296543992,0,0.0,20.641908128497626,0.05633917187970477
VGlut-F-400184,1888199872,0,0.6,12.766029406683089,0.44794113538091984
VGlut-F-400184,5901196806,0,0.6,8.878119149905931,0.3414219565053567
VGlut-F-500335,5901196806,0,0.5,14.446996032664272,0.11352552891297715
TH-F-000019,361005850,0,0.4,18.162461476488993,0.6873120588924977
VGlut-F-400184,5813034455,0,0.6,13.733476431575562,0.35847905242717254
TH-M-000029,361005850,0,0.3,25.890243647781382,0.015085252950523268
VGlut-F-500335,1730651751,0,0.6,12.123023088659853,0.11141039543372115
Cha-F-400237,5813021533,0,0.0,17.096688822668252,0.1580205475716839
TH-M-000032,542376096,0,0.0,17.454673955990476,0.7355624156748013
Trh-M-400131,988567837,0,0.6,4.884957685003567,0.6734915407245783
TH-M-200010,548712377,0,0.5,25.051679221230412,0.035990358215273466
TH-M-000032,296139882,0,0.0,39.15681036536265,0.25496684688199717
TH-F-200026,5813049380,0,0.0,29.796270111787365,0.07392537120936986
TH-F-200004,5813021602,0,0.0,37.72222303068329,0.2566615073780465
TH-M-300063,329970706,0,0.6,19.610490366550266,0.033507876196610734
TH-F-000036,510987433,0,0.3,12.768101599038715,0.08804671681481428
TH-M-200095,422751191,0,0.6,26.762501470684498,0.04081843458651196
Cha-F-500071,609548390,0,0.6,22.791689981164815,0.9752536290909153
TH-M-200010,5813083780,0,0.0,30.548690108872247,0.11068164121257763
fru-F-000094,422738252,0,0.0,40.55725772612541,0.1672668257566421
TH-M-000032,361005850,0,0.0,24.91299150996504,0.19558579495273565
TH-M-100016,361312808,0,0.0,29.628381699033863,0.084130903808811
TH-F-100075,5813021602,0,0.4,34.95050066866193,0.26796536117237235
VGlut-F-200036,979627466,0,0.0,20.725210375001012,0.22168530010967039
VGlut-F-000463,5813024692,0,0.0,33.77521285874549,0.09963906390048435
TH-M-200095,393766777,0,0.0,28.146719614507614,0.27632976790473346
VGlut-F-000158,297917475,0,0.0,51.606268246578274,0.30081552514299703
TH-M-200010,5813020996,0,0.0,38.83299052337362,0.05517378117278116
Gad1-F-600059,359598627,0,0.8,20.581865869102714,0.043166901352222585
TH-F-200064,361312808,0,0.0,30.33204158528568,0.0789111838946269
Gad1-F-600059,1110972158,0,0.8,22.492051392100485,0.058691854669978255
TH-F-200081,361312808,0,0.0,27.668512401864945,0.11883762691124357
fru-F-000094,548712377,0,0.0,58.46195317850739,0.08986556892092601
Cha-F-000329,454002974,0,0.3,41.46971826596041,0.04432209183511804
TH-M-300063,5813049380,0,0.0,30.007375362869855,0.11172755752429316
Cha-F-200299,5812987694,0,0.6,4.453545182905188,0.7212018513945849
TH-F-000036,486880919,0,0.3,11.892852443325,0.1438851134281353
VGlut-F-000463,610274046,0,0.0,47.68613379132667,0.09700004500203986
TH-M-200095,548712377,0,0.0,31.859188451636218,0.09679274309882831
VGlut-F-100002,5813055298,0,0.0,34.01660679405083,0.20591823282896826
VGlut-F-200319,5813068669,0,0.0,48.5767924440243,0.06365109204255848
Gad1-F-600059,298595394,0,0.8,11.409056684490272,0.10249928181699454
TH-M-200010,735941254,0,0.0,37.37786942808498,0.11754457085271357
VGlut-F-400049,327499164,0,0.0,82.94260822796696,0.17960787208052248
TH-F-200034,361312808,0,0.0,16.18303433358806,0.07249221632953595
TH-M-200095,579575594,0,0.0,22.713163228527478,0.16070478257173917
TH-M-200049,361312808,0,0.0,44.0306933454323,0.053979134230085775
VGlut-F-600204,1005857944,0,0.0,8.787316595476849,0.8141740269376219
VGlut-F-200036,5813021583,0,0.0,14.827358050028279,0.05832765101598113
VGlut-F-000463,610274029,0,0.0,47.08239973583728,0.1020173909833823
VGlut-F-600204,5813068748,0,0.0,19.97632012342293,0.3570422303589375
VGlut-F-400049,330268940,0,0.0,66.92426870885659,0.12028645520380368
VGlut-F-200319,421646999,0,0.0,19.157771104293754,0.33137482647821603
TH-M-200064,361312808,0,0.0,34.29144745797832,0.09118365984936924
Gad1-F-600059,455431209,0,0.8,19.634449294977212,0.02477038800618828
VGlut-F-000158,361273559,0,0.0,15.353804280605425,0.22267563569102602
Trh-M-300071,957506896,0,0.7,9.236362518689473,0.09521437003372554
Trh-M-300071,1070426862,0,0.6,7.866620778959491,0.017195606564382834
VGlut-F-600204,669325882,0,0.0,79.9626737381538,0.032092536544036265
TH-F-100075,510987433,0,0.4,12.98589116257308,0.07374496436187522
TH-F-200004,510987433,0,0.4,14.730037192852485,0.08086833561600236
TH-F-100075,329225149,0,0.0,55.50050323735516,0.08380401585123598
TH-F-000036,326817334,0,0.3,11.777133899276796,0.11438579161086525
TH-F-100095,361312808,0,0.0,12.506487318713722,0.06941382630143299
TH-F-100075,297251714,0,0.0,32.83305634250523,0.2022168473071818
VGlut-F-500002,297251714,0,0.0,32.59401327586124,0.21690738403363283
Cha-F-000329,579510789,0,0.6,43.128669707870834,0.3367042006179398
TH-M-300063,331662710,0,0.0,26.33663204560902,0.04319051644974447
VGlut-F-500002,296139882,0,0.0,21.795358521131963,0.20496795961774922
TH-F-200004,361005850,0,0.0,33.692854447985596,0.2174602132601668
VGlut-F-000158,298214577,0,0.0,18.8915780192251,0.24661473152248425
TH-M-000045,361312808,0,0.0,40.868973019898256,0.06393771988935824
TH-F-200026,331662710,0,0.3,16.45671148352459,0.06711765343600862
VGlut-F-300438,358890923,0,0.0,5.779934234069279,0.08156803537982248
TH-M-000029,5813055949,0,0.3,36.27581650621057,0.07021380331524078
TH-F-000010,359931311,0,0.7,5.696390337749981,0.031163462379490896
Cha-F-200299,5813059915,0,0.4,8.784749307978291,0.7891450920637072
VGlut-F-200036,5813056261,0,0.0,18.56711416011318,0.22828173597319218
VGlut-F-000016,5813033371,0,0.3,13.372441984549106,0.2925931233620098
VGlut-F-200392,950880008,0,0.0,29.8859694230693,0.3733025565516729
TH-F-200106,5813055913,0,0.0,34.163373032866495,0.22936016197808476
TH-F-300062,5813082239,0,0.5,17.62375805055994,0.1935610357591893
TH-F-100095,328611004,0,0.0,13.728637843821657,0.1051896315567872
VGlut-F-300438,390280026,0,0.0,16.664817969419097,0.08156887928937849
Trh-M-300071,5813062858,0,0.6,15.978292802160643,0.7615550721933481
TH-M-200013,1107561814,0,0.0,65.6073438543602,0.9086303942592346
TH-F-200081,328611004,0,0.0,7.799065400881134,0.1841221421337505
TH-M-000029,487143497,0,0.0,7.426981904051475,0.292276952366188
VGlut-F-000111,484359937,0,0.6,22.45000566462296,0.24348207912832082
Cha-F-300267,329646990,0,0.3,18.065878821355625,0.18420279553156335
VGlut-F-500002,329225149,0,0.0,56.45675144212512,0.1272383550435495
TH-F-300037,328611004,0,0.0,11.359614794889959,0.1522123235845297
Cha-F-100135,424793122,0,0.0,26.718057050319704,0.20336467248521561
TH-F-200034,328611004,0,0.0,4.770677351764933,0.14277027454867117
VGlut-F-100002,5813126031,0,0.0,51.88556355215242,0.2366036932747015
VGlut-F-100002,2095549849,0,0.0,26.496966231752126,0.19950135764488572
TH-M-300005,579268807,0,0.0,11.228903294791463,0.08654055460584051
VGlut-F-000111,5813032849,0,0.7,26.193030448015875,1.0141563593307055
TH-F-200037,330640044,0,0.0,38.70601623746784,0.0849734952099529
VGlut-F-400049,360255138,0,0.0,49.44314416220326,0.2246089040197907
VGlut-F-000303,5813056909,0,0.0,17.8795687975834,0.2381541677909193
TH-F-100083,5813049380,0,0.0,19.241815443334016,0.1650046281567417
TH-F-200037,517514142,0,0.0,29.249728619854878,0.17881503021040382
VGlut-F-200036,823058891,0,0.0,51.681933715999286,0.27646293728895954
TH-F-100099,328611004,0,0.0,3.597692629346456,0.1429173792177842
VGlut-F-000111,671233447,0,0.6,17.204185199579225,0.326552514022425
TH-M-100016,328611004,0,0.0,14.94833305890781,0.14795144936869342
VGlut-F-000111,1043705078,0,0.6,12.56010969244252,0.2887603240223445
TH-F-300078,576825965,0,0.2,38.52231276775415,0.3466173812389619
Cha-F-100135,735941254,0,0.3,41.992271161239486,0.07464160001129329
VGlut-F-400049,329225149,0,0.0,55.193193388280044,0.2197057734855812
TH-M-300063,5813020673,0,0.0,53.53384211895962,0.10995305552149792
TH-F-000019,514842241,0,0.0,29.80146019425665,0.6562751521941137
TH-M-000045,328611004,0,0.0,22.158547981901084,0.13803025794514687
Cha-F-100135,5813020996,0,0.0,43.81071781105567,0.1285104828523171
VGlut-F-000303,575768294,0,0.0,18.67771267152538,0.06264688377697596
Cha-F-000329,609548390,0,0.6,36.90576709996192,0.7077770825277191
TH-F-200081,5813049380,0,0.4,10.651891217847513,0.17429953511255541
TH-M-000008,5813055913,0,0.0,21.811707704506606,0.06670557937563161
TH-F-200096,5813049380,0,0.0,17.274829204649894,0.16167115116921082
TH-M-200013,5813048837,0,0.0,54.341226878055004,0.7119016223204788
TH-F-300037,393063351,0,0.0,43.309288957826524,0.2893971727135606
TH-F-000019,487143497,0,0.0,16.150952267944128,0.935613198410789
TH-F-200064,328611004,0,0.0,13.080770222753307,0.15508029157441952
TH-F-000009,797442049,0,0.0,38.348637507051116,0.24199200772215596
VGlut-F-200392,5812987694,0,0.0,25.751913021264027,0.24963931982474732
Trh-M-100071,707539688,0,0.0,7.17834855542577,0.11960297439338967
TH-F-000036,602368546,0,0.0,13.18517447537614,0.15788744728529022
VGlut-F-700261,1228265278,0,0.0,22.840644519895907,0.3252772903398823
TH-F-200034,393063351,0,0.0,50.54783821683346,0.2824651867718241
TH-F-000009,1014344148,0,0.0,41.87227281070999,0.37868897689397074
Trh-M-200043,2040301572,0,0.0,26.98325384543645,0.05484065014273787
TH-F-000009,5813063093,0,0.0,41.70283941764351,0.18207354960658587
VGlut-F-000303,329897255,0,0.0,23.297438572079514,0.2653954616077082
VGlut-F-100035,5813068707,0,0.5,14.261390335954832,0.028196028631875245
VGlut-F-100035,488231898,0,0.0,18.56594373764185,0.05655815041526073
TH-M-200064,298258399,0,0.0,23.157734743194492,0.13929003057013598
Trh-F-100001,707539688,0,0.0,17.983765212996243,0.21420951532792798
VGlut-F-200062,5813021602,0,0.0,40.89543392102767,0.08389657440109217
TH-M-200035,543692985,0,0.0,39.73572281583852,0.06026823872038253
VGlut-F-200062,487143497,0,0.0,45.04628292495596,0.2092321551866541
Trh-F-100001,922069357,0,0.0,9.854099092274904,0.8677168348417685
TH-F-200064,5813049380,0,0.4,18.27138301463364,0.14719391118666567
Trh-M-100071,614081151,0,0.0,4.574337678735278,0.14629376129490868
Cha-F-300267,298258399,0,0.0,28.15759453812776,0.069029118511785
Trh-M-700039,1043117106,0,0.0,32.80790926496126,0.6727255708498422
Trh-M-100071,922069357,0,0.0,2.7447393393906827,0.813375363675182
TH-F-200064,5813055800,0,0.0,23.922949731112528,0.07270597710161208
Trh-F-100038,704699661,0,0.0,57.65634986472262,0.24750747429928144
VGlut-F-100035,5813011119,0,0.0,16.24130132230618,0.06370625397036438
TH-F-300078,736860990,0,0.0,22.194713621274087,0.9366281870519936
Trh-F-100066,614081151,0,0.0,14.429073221744721,0.2626789415529397
TH-F-200096,5813020673,0,0.6,33.56019452450662,0.10820926633737704
VGlut-F-200062,417221397,0,0.0,40.08526309648217,0.7594918313496112
Trh-M-100020,328611004,0,0.0,25.92243186104316,0.19650622366694087
TH-F-100095,329970706,0,0.0,51.99679760047906,0.058610846757745846
TH-M-300005,423101189,0,0.0,57.335098587143854,0.6584511612197438
VGlut-F-100035,636789034,0,0.0,17.312850107805343,0.16245994930491756
Trh-F-100066,5813057861,0,0.0,31.585970989968835,0.25156959560343
TH-F-200096,5813055800,0,0.0,18.69092258623996,0.1011578325995707
TH-F-000091,298258399,0,0.0,24.244424601076403,0.16626527569701977
VGlut-F-000177,1042656011,0,0.0,35.12606556744396,0.09603541755309254
Trh-M-100025,705795727,0,0.0,27.707341756623894,0.25545633217988284
TH-F-100050,5813041180,0,0.0,12.881112460933272,0.730994762849193
Trh-M-100037,704699661,0,0.0,72.16089369681472,0.18471498406954617
TH-F-000012,579912201,0,0.0,57.79652692051772,0.24082872458879592
Trh-F-100066,5813009620,0,0.0,53.25296694546744,0.2649659190188474
Trh-F-100001,614081151,0,0.0,15.778557517060225,0.23903307784365638
Trh-M-100025,5813057861,0,0.0,35.108019328133324,0.15832933844474215
fru-F-000131,297925608,0,0.0,70.08123596391738,0.22374443055524437
Trh-F-000008,704699661,0,0.0,59.200246193505414,0.8264192633968689
Trh-M-100037,1727979406,0,0.0,54.79440874286131,0.2869321869647757
VGlut-F-100125,1135837629,0,0.0,30.71628094090753,0.13857602282766626
VGlut-F-400334,736860990,0,0.0,26.29555029425343,0.7409671796652592
TH-F-200096,387568523,0,0.0,17.00895929037846,0.10891371933101855
Trh-F-100038,693927941,0,0.0,58.177241140507306,0.20886145702254014
Trh-M-100025,5813060787,0,0.0,13.157356462769986,0.14423490656026755
VGlut-F-000303,698569644,0,0.0,38.11661568034678,0.22853883603347136
Trh-F-100001,642694410,0,0.0,18.542064814460524,0.19503321193333847
VGlut-F-000177,1479156699,0,0.0,20.716319813614952,0.38020832432518226
TH-F-000010,331774819,0,0.0,111.1296391586904,0.06930231705282243
TH-F-000010,543821838,0,0.0,57.41992036129635,0.15988169709895533
VGlut-F-700261,1352684733,0,0.0,49.16387483762835,0.14104760730602406
TH-M-300005,1036637638,0,0.0,40.68160992954027,0.456029993428885
VGlut-F-100125,640194409,0,0.6,34.48029422753429,0.8477151214343417
TH-F-100050,1160073701,0,0.0,16.935481201456444,0.570686739594292
Trh-M-700039,329897255,0,0.0,50.152684458425355,0.7440842880194433
TH-M-000008,581746661,0,0.0,45.08737473669794,0.17081054596076903
VGlut-F-400334,5813011660,0,0.0,30.247965787388146,0.3327400745343363
TH-F-200081,387568523,0,0.0,19.594600856785302,0.11271517100647638
TH-F-100083,298258399,0,0.0,17.764222532105062,0.1647891745952293
VGlut-F-200251,424793122,0,0.0,33.85972461815409,0.4025791902823705
TH-F-300078,447599745,0,0.0,35.500446071788325,0.3937867989248601
TH-F-100050,975197713,0,0.0,12.32455869101231,0.6227968411505564
Cha-F-500071,828455033,0,0.7,30.73188289017653,0.14779463692828476
Gad1-F-500004,5813021943,0,0.0,85.78115559334078,0.25367587717270285
TH-M-200035,5813021943,0,0.0,87.06923118783342,0.9513077551612095
VGlut-F-100003,693927941,0,0.0,65.59202832804088,0.2097353375866589
Trh-M-100037,693927941,0,0.0,71.34640396409942,0.14315669144016524
TH-F-300078,667266529,0,0.0,27.2447946575782,0.38152793400605023
TH-F-100036,331774819,0,0.0,104.14338455681165,0.07322059730918937
VGlut-F-000177,515049524,0,0.0,27.31440603380876,0.11501200260701279
Trh-F-000008,1727979406,0,0.0,42.92145139376145,0.9651921367063779
VGlut-F-700261,5813040277,0,0.0,21.801353770494035,0.19864051954948259
Trh-M-100037,5812982656,0,0.0,68.42796209890865,0.37648428712931825
TH-M-100063,1572390197,0,0.0,61.85855938537638,1.029683528083884
VGlut-F-700261,859839499,0,0.0,47.49920112307259,0.2712037628027545
VGlut-F-100003,5812982656,0,0.0,71.32584275081558,0.42313526209112706
TH-M-100057,1572390197,0,0.0,54.983225045179296,1.0279589560694675
TH-M-000008,611693656,0,0.0,29.417861116633848,0.651720765241992
fru-F-000131,328265389,0,0.0,65.31160165273742,0.35858874290600085
Trh-F-100038,5812982656,0,0.0,53.822476521440414,0.44956037333079457
TH-M-100057,5813069496,0,0.0,68.12368742466487,0.0670681762818182
Cha-F-300267,328601956,0,0.0,61.65686309391788,0.2831403510181028
Gad1-F-500004,5813057153,0,0.0,45.25733918424771,0.34067823250855217
Trh-F-000008,5812982656,0,0.0,57.91566648916242,1.048866611092412
Cha-F-500071,1013346945,0,0.3,15.72626941637518,0.05678798097348159
Cha-F-000329,5813078595,0,0.0,64.16592182590763,0.2760989483026785
Gad1-F-500004,452953198,0,0.0,32.08083665929527,0.7481632368969745
TH-M-200035,696850811,0,0.0,39.46119317006871,0.10116892228662126
TH-M-000008,520617773,0,0.0,48.912824858735924,0.7388457434248504
Trh-F-100038,549597974,0,0.0,95.97165557412805,0.09387689708187684
TH-F-300037,267551639,0,0.0,31.674983152014686,0.18759721721724146
TH-M-100057,1048250312,0,0.0,28.401937457175247,0.07100121723498311
TH-M-200049,267551639,0,0.0,8.787905246861097,0.17581762868207398
fru-F-000131,543821838,0,0.0,54.70399257097541,0.1527741830673623
TH-F-200034,327937328,0,0.0,25.598578387278884,0.20038395407846613
fru-F-000131,391496898,0,0.0,107.73598999237397,0.02581656867164665
Gad1-F-500004,544046671,0,0.0,79.64425150165458,0.1716371465839781
TH-F-200034,267551639,0,0.0,37.49930213893522,0.17815627688124974
TH-M-000045,267551639,0,0.0,10.929647402940361,0.17397241948934722
fru-F-000131,361704572,0,0.0,45.01286054329599,0.30313243709093624
VGlut-F-100003,549597974,0,0.0,104.60398513571555,0.10975177246199407
TH-F-000012,667266529,0,0.0,85.07189159190789,0.24748518015794765
VGlut-F-200251,514850616,0,0.0,48.464269573300605,0.16073018831024802
VGlut-F-000556,915481348,0,0.0,40.14554474150433,0.2811715548645119
VGlut-F-100125,5813020347,0,0.0,93.26244892713709,0.24329159326985403
VGlut-F-200251,5813011133,0,0.0,16.504015449068245,0.208360345382435
VGlut-F-100125,488922181,0,0.0,98.05156780232328,0.39213891635417014
TH-M-100063,1443135486,0,0.0,58.5868442322053,0.3077705610643121
VGlut-F-000556,978177557,0,0.0,89.83714799412942,0.32071506819515294
VGlut-F-000556,945058110,0,0.0,93.45075439473118,0.2084565953505707
VGlut-F-000556,944720631,0,0.0,106.43661473605471,0.17095894504616305
Cha-F-000329,451982486,0,0.0,49.601136525306586,0.3005319653579906
fru-M-300299,548993536,0,0.0,62.54310841187491,0.707316329268715
TH-M-100063,1449618949,0,0.0,66.11711900751769,0.9166580607593149
TH-M-000030,1630051981,0,0.0,73.11798661631177,0.3530106356805361
