panel,feature,n_dense,n_projection,dense_median,dense_iqr_lo,dense_iqr_hi,projection_median,projection_iqr_lo,projection_iqr_hi,dense_mean,dense_sd,projection_mean,projection_sd,mannwhitney_p,cliffs_delta,auc,auc_signed,cut_youden,cut_threshold,cut_direction,cut_sensitivity,cut_specificity,cut_balanced_acc,cut_accuracy
morphology_EM,hull_volume_um3,335,129,1208816.1946678923,697988.2885946474,2006682.7504441105,413241.5313209157,263564.0068615887,572039.0471519049,1469135.4009729172,1054086.662892273,536750.9910276947,615789.2664798534,6.16527310784882e-32,0.7044081916001388,0.8522040958000694,0.8522040958000694,0.5823672335994448,577505.2994839617,>=,0.8149253731343283,0.7674418604651163,0.7911836167997224,0.8017241379310345
morphology_EM,hull_area_um2,335,129,70545.27614901037,48907.22840598868,94769.44253222345,33685.789105806056,25818.38384354572,44488.35181040095,74698.50649248683,34468.19601325031,38341.19305543281,21880.1599167165,1.7511938398519826e-29,0.6752516487330789,0.8376258243665394,0.8376258243665394,0.5626749971074858,45080.80105268996,>=,0.8029850746268656,0.7596899224806202,0.7813374985537429,0.790948275862069
morphology_EM,n_voxels,335,129,3653.0,2341.5,5482.5,1278.0,1082.0,2022.0,4483.665671641791,3064.7963274267436,1980.4263565891472,1798.53898942653,1.056029817269047e-27,0.6532916811292375,0.8266458405646188,0.8266458405646188,0.5854448686798566,1678.5,>=,0.8955223880597015,0.689922480620155,0.7927224343399283,0.8383620689655172
morphology_EM,occupied_volume_um3,335,129,29224.0,18732.0,43860.0,10224.0,8656.0,16176.0,35869.32537313433,24518.37061941395,15843.410852713178,14388.31191541224,1.056029817269047e-27,0.6532916811292375,0.8266458405646188,0.8266458405646188,0.5854448686798566,13428.0,>=,0.8955223880597015,0.689922480620155,0.7927224343399283,0.8383620689655172
morphology_EM,cable_length_um,335,129,6584.169943565132,4027.402547820987,9976.474883193368,2318.125343835483,1876.3538693936132,3786.934630409428,8185.848227822119,5770.096623259088,3712.1206362431826,3686.160168827724,1.6685531995939233e-26,0.6380886266342705,0.8190443133171352,0.8190443133171352,0.5776929306953604,3002.3741361447082,>=,0.8955223880597015,0.6821705426356589,0.7888464653476802,0.8362068965517241
morphology_EM,n_nodes,335,129,15355.0,9053.5,24828.0,6081.0,3339.0,9454.0,19492.647761194028,14951.322240652156,8627.170542635658,9133.679131143594,4.945558995459038e-24,0.6055536272127733,0.8027768136063866,0.8027768136063866,0.4833275483049866,8789.5,>=,0.7701492537313432,0.7131782945736433,0.7416637741524933,0.7543103448275862
morphology_EM,n_branch_points,335,129,1021.0,556.0,2033.0,433.0,175.0,698.0,1422.1373134328358,1295.9119505135288,658.0387596899225,931.5383060687573,1.9918624707242074e-18,0.5245169501330555,0.7622584750665278,0.7622584750665278,0.43961587411778336,790.0,>=,0.6179104477611941,0.8217054263565892,0.7198079370588917,0.6745689655172413
morphology_EM,n_tips,335,129,1053.0,573.0,2060.5,449.0,180.0,736.0,1449.5373134328358,1319.697462702955,673.6201550387597,950.0283728805687,2.34763642265807e-18,0.5234062246905009,0.7617031123452505,0.7617031123452505,0.4426009487446487,799.0,>=,0.6208955223880597,0.8217054263565892,0.7213004743723244,0.6767241379310345
morphology_EM,span_um,335,129,257.7559899163174,209.85608046475866,297.5868149825178,186.53067127059447,152.10388901025848,224.0223042368233,250.76662688793107,66.10733922417943,192.10890158436143,50.07733847668988,9.811438771003096e-18,0.5136410968413745,0.7568205484206872,0.7568205484206872,0.4438967950942958,220.41965160746426,>=,0.7074626865671642,0.7364341085271318,0.7219483975471479,0.7155172413793104
morphology_EM,cable_per_rg,335,129,108.1866632390137,61.62262036791071,185.7563277490665,51.77125509592025,38.922104766156416,80.91616882391435,141.91063009319825,118.9280760906232,73.73021789637521,68.39894828737629,4.39468392449629e-16,0.48675228508619695,0.7433761425430985,0.7433761425430985,0.396667823672336,84.65130539910423,>=,0.6059701492537314,0.7906976744186046,0.698333911836168,0.6573275862068966
morphology_EM,cable_per_span,335,129,25.98164071631615,15.91755775120959,42.83585551549818,13.728254221454833,10.166612491268468,20.44334368240437,37.0553402204556,35.67624479824513,19.014550069243114,19.653251865257314,4.565927537388384e-16,0.4864746037255583,0.7432373018627791,0.7432373018627791,0.39724632650699987,22.37807750131912,>=,0.591044776119403,0.8062015503875969,0.6986231632534999,0.6508620689655172
morphology_EM,radius_gyration_um,335,129,64.81834504418974,50.20821934576904,74.78103362340377,46.63246794577852,40.33842112881495,57.01873228571294,64.06176040134281,17.916516170976525,50.06324966066836,13.574718087070005,9.761690430792841e-15,0.4637047321531875,0.7318523660765938,0.7318523660765938,0.4086081221797988,59.30471699120186,>=,0.6179104477611941,0.7906976744186046,0.7043040610898994,0.665948275862069
morphology_EM,arbor_separation,335,129,2.245557197899541,1.7681855068934769,2.8774106377136714,2.8826944042334017,2.1779774819777,3.6442220060038175,2.434881033881316,0.86152279479291,2.978565700841174,1.0296683414127166,3.43787558274255e-08,-0.33046395927340044,0.6652319796367002,0.3347680203632998,0.27379382158972576,2.410098728654753,<=,0.5761194029850746,0.6976744186046512,0.6368969107948629,0.6099137931034483
morphology_EM,flatness,335,129,0.3533747639583496,0.27920287058369353,0.4449994333289786,0.2996930313819784,0.2304074124656469,0.3703285323333465,0.3595256706886183,0.12002434392324979,0.30446861205684167,0.10560232851473363,1.5029797344966746e-05,0.25923869026958224,0.6296193451347911,0.6296193451347911,0.21730880481314374,0.299735476898021,>=,0.7134328358208956,0.5038759689922481,0.6086544024065719,0.6551724137931034
morphology_EM,elongation,335,129,0.5902845537144992,0.449405101172876,0.7281492931069259,0.4988518746350462,0.407496244885052,0.6228518564929795,0.5934091853245782,0.18393746483749537,0.5140707933084925,0.166800782735945,0.00013568267879148898,0.22855489991900968,0.6142774499595048,0.6142774499595048,0.20643295152146246,0.5301146567472541,>=,0.5940298507462687,0.6124031007751938,0.6032164757607312,0.5991379310344828
morphology_EM,fill_ratio,335,129,0.0232955056408806,0.01399938911446355,0.03984570595076915,0.0313397143303787,0.0225432816553826,0.0425101614431074,0.035449242946985114,0.034209470644836766,0.037648935554939575,0.02624492000517278,0.00021957760667275813,-0.2213351845424043,0.6106675922712022,0.38933240772879785,0.24567858382506058,0.023311633710129648,<=,0.5014925373134328,0.7441860465116279,0.6228392919125303,0.5689655172413793
morphology_EM,cable_per_hull_um2,335,129,0.0053024819518936,0.00305824535269765,0.00927257671467095,0.0068477540219964,0.0049672818079755,0.0102051557930038,0.008289349642706674,0.008658026548904945,0.008699545384071077,0.006716542355642032,0.0006203171157502111,-0.20499826449149605,0.602499132245748,0.397500867754252,0.2396621543445563,0.00483607681832965,<=,0.45671641791044776,0.7829457364341086,0.6198310771722781,0.5474137931034483
morphology_EM,overdraw_2d_mean,335,129,1.8279252980320024,1.6313314806261845,2.19464370644107,1.6737554847185525,1.5564589218623794,2.0311412244005336,1.9815267861049595,0.5515696836067833,1.8740870284850244,0.6477943651643653,0.0011977023288331072,0.19402985074626855,0.5970149253731343,0.5970149253731343,0.19516371630220997,1.6953544752304293,>=,0.6447761194029851,0.5503875968992248,0.597581858151105,0.6185344827586207
morphology_EM,arbor_centroid_dist_um,335,129,103.50834297435898,74.96048088118832,133.88777436670355,89.3008655439921,67.46862921159207,118.95430532826934,107.2748394641322,42.711272385151226,92.43541032053291,31.793723589332135,0.0022817758736564967,0.1827374754136295,0.5913687377068148,0.5913687377068148,0.16966331135022572,132.9976200697353,>=,0.2626865671641791,0.9069767441860466,0.5848316556751129,0.4418103448275862
morphology_EM,overdraw_2d_max,335,129,2.0694499922131238,1.8421399633564348,2.5535846796443624,1.907491437683613,1.6828177702756475,2.3711219432961617,2.276003078210054,0.695740445421431,2.175725464967575,0.8431661109427242,0.0025999349875021676,0.1803771838482009,0.5901885919241004,0.5901885919241004,0.2096031470554207,1.8409141469650745,>=,0.7522388059701492,0.45736434108527135,0.6048015735277104,0.6702586206896551
morphology_EM,revisit_r16um,335,129,2.181813230744048,1.6873590571722064,3.012805392425003,1.8323768255797008,1.5673557414079655,2.569442536009007,2.571069727883736,1.3708740992963953,2.2602198105562956,1.2353917072554736,0.007675151078488134,0.15968992248062008,0.57984496124031,0.57984496124031,0.1707508966793938,1.8170704486077525,>=,0.6746268656716418,0.49612403100775193,0.5853754483396969,0.625
morphology_EM,arbor_balance,335,129,0.5110432794431915,0.28802264338221306,0.7772648328157113,0.3640726067987065,0.1763951410676016,0.7398166744161558,0.5231738187655655,0.28479844913023517,0.45636226788196416,0.3011469503547866,0.0210715183337516,0.13816961703112352,0.5690848085155618,0.5690848085155618,0.16723359944463745,0.31220933431124054,>=,0.7253731343283583,0.4418604651162791,0.5836167997223187,0.646551724137931
morphology_EM,bridge_fraction,335,129,0.3373273036881662,0.26668411802326175,0.3809964611341561,0.3443105959183088,0.306191002359735,0.377506280249661,0.3181636957997852,0.08883377975479742,0.3365470816699908,0.07139049897737727,0.10763937504149768,-0.09637857225500401,0.548189286127502,0.451810713872498,0.15554784218442674,0.3151621549732603,<=,0.42686567164179107,0.7286821705426356,0.5777739210922134,0.5107758620689655
morphology_EM,branch_per_100um,335,129,16.30754324300907,10.596001092840034,20.919669595586036,12.788472915722515,9.06674025475487,21.97315477102217,16.258616408742355,6.649053534686147,15.673601505904022,8.18079632788338,0.11907568748196551,0.09337035751475176,0.5466851787573759,0.5466851787573759,0.18167303019784797,9.53785709222677,>=,0.8328358208955224,0.34883720930232553,0.590836515098924,0.6982758620689655
morphology_EM,cable_per_occupied_um2,335,129,0.2227687573332393,0.21444502313787434,0.23237631737851755,0.2203507127456022,0.2136114594805326,0.2285499608284347,0.22585673320290095,0.017439908619503543,0.22615574744936942,0.026353328249210082,0.13605031617146948,0.08929769755871808,0.544648848779359,0.544648848779359,0.12810366770797166,0.22546847120950214,>=,0.41492537313432837,0.7131782945736433,0.5640518338539858,0.4978448275862069
morphology_EM,revisit_r8um,335,129,1.3517434596712947,1.1422393270632778,1.7508655376721787,1.2790753315812042,1.1344850558779735,1.6577405261428724,1.5063489193530128,0.5414933368840021,1.4908397694711557,0.7281133347180274,0.20476019134931045,0.07596899224806197,0.537984496124031,0.537984496124031,0.12053685063056818,1.3002078323408859,>=,0.5701492537313433,0.5503875968992248,0.5602684253152841,0.5646551724137931
morphology_EM,local_density_r5,335,129,62.0,43.0,85.0,56.0,35.0,85.0,68.78805970149254,38.42715919228534,75.20930232558139,81.42386919872267,0.24011825866741898,0.07036908480851567,0.5351845424042578,0.5351845424042578,0.13752169385629998,38.5,>=,0.8119402985074626,0.32558139534883723,0.56876084692815,0.6767241379310345
morphology_EM,local_density_r10,335,129,224.0,147.0,360.5,222.0,124.0,332.0,286.7761194029851,220.29939962676667,322.1860465116279,490.84480772697293,0.2973746200277432,0.06243202591692709,0.5312160129584635,0.5312160129584635,0.10477843341432358,120.5,>=,0.8567164179104477,0.24806201550387597,0.5523892167071618,0.6875
morphology_EM,revisit_r4um,335,129,0.9974043368655716,0.9149228476842318,1.1204718076929212,0.9894591276186516,0.9151739551889144,1.112730448479943,1.0437508450062611,0.19545520205128805,1.0588223711495,0.32446405718406923,0.4756841532042635,0.042739789424968144,0.5213698947124841,0.5213698947124841,0.07323845886844849,0.8604862578509811,>=,0.9104477611940298,0.16279069767441856,0.5366192294342242,0.7025862068965517
