neuron_id,group,n_pairs,source,n_groups,exclusive,swc
1005857944,dense,1,EM,1,True,True
1008024276,dense,8,EM,1,True,True
1008378609,dense,1,EM,1,True,True
1012954687,dense,1,EM,1,True,True
1013346945,dense,1,EM,1,True,True
1014344148,dense,1,EM,1,True,True
1035601661,dense,1,EM,1,True,True
1036637638,dense,1,EM,1,True,True
1037293275,dense,2,EM,1,True,True
1042656011,dense,1,EM,1,True,True
1043117106,dense,1,EM,1,True,True
1043705078,dense,2,EM,1,True,True
1048250312,dense,1,EM,1,True,True
1051980223,dense,1,EM,1,True,True
1070426862,dense,7,EM,1,True,True
1105169664,dense,1,EM,1,True,True
1107081827,dense,1,EM,1,True,True
1107561814,dense,1,EM,1,True,True
1110972158,dense,1,EM,1,True,True
1131827390,dense,5,EM,1,True,True
1134107162,dense,1,EM,1,True,True
1135441187,dense,3,EM,1,True,True
1135837629,dense,1,EM,1,True,True
1160073701,dense,1,EM,1,True,True
1167304403,dense,1,EM,1,True,True
1168915489,dense,1,EM,1,True,True
1191315642,dense,1,EM,1,True,True
1192019859,dense,1,EM,1,True,True
1198330286,dense,2,EM,1,True,True
1224595608,dense,1,EM,1,True,True
1224941044,dense,1,EM,1,True,True
1225290633,dense,3,EM,1,True,True
1225640135,dense,1,EM,1,True,True
1228265278,dense,1,EM,1,True,True
1261000309,dense,1,EM,1,True,True
1261423370,dense,1,EM,2,False,True
1262360335,dense,1,EM,1,True,True
1289359184,dense,2,EM,1,True,True
1316245799,dense,1,EM,1,True,True
1321564092,dense,3,EM,1,True,True
1352684733,dense,1,EM,1,True,True
1354368623,dense,1,EM,1,True,True
1378251040,dense,3,EM,1,True,True
1383016399,dense,1,EM,1,True,True
1406911688,dense,3,EM,1,True,True
1443135486,dense,1,EM,1,True,True
1449247522,dense,2,EM,1,True,True
1449618949,dense,1,EM,1,True,True
1479156699,dense,1,EM,1,True,True
1480525278,dense,1,EM,1,True,True
1572390197,dense,2,EM,1,True,True
1578826464,dense,1,EM,1,True,True
1630051981,dense,1,EM,1,True,True
1639886198,dense,1,EM,2,False,True
1640555311,dense,4,EM,2,False,True
1640572741,dense,1,EM,1,True,True
1640887603,dense,2,EM,1,True,True
1640909284,dense,1,EM,1,True,True
1640922516,dense,6,EM,1,True,True
1640922754,dense,1,EM,1,True,True
1666561406,dense,1,EM,1,True,True
1667251683,dense,2,EM,1,True,True
1668944259,dense,2,EM,1,True,True
1669924220,dense,1,EM,1,True,True
1670597533,dense,2,EM,1,True,True
1671257931,dense,1,EM,1,True,True
1671620613,dense,2,EM,1,True,True
1671638278,dense,5,EM,1,True,True
1672320134,dense,1,EM,1,True,True
1699974843,dense,1,EM,1,True,True
1700644008,dense,4,EM,2,False,True
1702306037,dense,3,EM,1,True,True
1704347707,dense,3,EM,1,True,True
1727979406,dense,2,EM,1,True,True
1730651751,dense,4,EM,1,True,True
1733677514,dense,2,EM,1,True,True
1762359683,dense,8,EM,1,True,True
1793403571,dense,1,EM,1,True,True
1794055377,dense,1,EM,1,True,True
1888199872,dense,5,EM,1,True,True
1916800213,dense,3,EM,1,True,True
1978573010,dense,1,EM,1,True,True
2040301572,dense,1,EM,1,True,True
2095549849,dense,1,EM,1,True,True
2135408892,dense,1,EM,1,True,True
267551639,dense,4,EM,1,True,True
294436967,dense,2,EM,1,True,True
296139882,dense,4,EM,1,True,True
296543992,dense,1,EM,2,False,True
297230760,dense,1,EM,1,True,True
297251714,dense,6,EM,1,True,True
297580589,dense,1,EM,1,True,True
297917475,dense,2,EM,1,True,True
297925608,dense,1,EM,1,True,True
298214577,dense,1,EM,1,True,True
298254384,dense,2,EM,1,True,True
298258399,dense,4,EM,1,True,True
298258611,dense,2,EM,1,True,True
298595394,dense,1,EM,1,True,True
298603730,dense,1,EM,1,True,True
298612190,dense,2,EM,1,True,True
326817334,dense,1,EM,1,True,True
327499164,dense,1,EM,1,True,True
327937328,dense,1,EM,1,True,True
328265389,dense,1,EM,1,True,True
328533761,dense,2,EM,1,True,True
328546871,dense,1,EM,1,True,True
328601956,dense,1,EM,1,True,True
328611004,dense,13,EM,1,True,True
328870472,dense,2,EM,1,True,True
329225149,dense,4,EM,1,True,True
329289084,dense,2,EM,1,True,True
329566174,dense,1,EM,1,True,True
329566197,dense,1,EM,1,True,True
329646990,dense,1,EM,1,True,True
329897255,dense,4,EM,1,True,True
329970706,dense,4,EM,2,False,True
330268940,dense,1,EM,2,False,True
330640044,dense,2,EM,1,True,True
331662710,dense,17,EM,2,False,True
331774819,dense,2,EM,1,True,True
358890923,dense,1,EM,1,True,True
359598627,dense,1,EM,1,True,True
359931311,dense,2,EM,1,True,True
360255138,dense,1,EM,1,True,True
360259229,dense,3,EM,1,True,True
360591860,dense,3,EM,1,True,True
361005850,dense,4,EM,1,True,True
361273559,dense,1,EM,1,True,True
361312808,dense,14,EM,1,True,True
361704572,dense,1,EM,1,True,True
387568523,dense,2,EM,1,True,True
387870860,dense,1,EM,1,True,True
390280026,dense,1,EM,1,True,True
391496898,dense,1,EM,1,True,True
393063351,dense,3,EM,1,True,True
393766777,dense,1,EM,1,True,True
417221397,dense,1,EM,1,True,True
421641859,dense,1,EM,2,False,True
421646999,dense,1,EM,1,True,True
422738252,dense,4,EM,1,True,True
422751191,dense,3,EM,1,True,True
423101189,dense,1,EM,1,True,True
424716408,dense,2,EM,1,True,True
424793122,dense,2,EM,1,True,True
447599745,dense,2,EM,1,True,True
451982486,dense,1,EM,1,True,True
452029745,dense,1,EM,1,True,True
452953198,dense,2,EM,1,True,True
452971138,dense,1,EM,1,True,True
454002974,dense,1,EM,1,True,True
455431209,dense,1,EM,1,True,True
456847100,dense,1,EM,1,True,True
484126552,dense,1,EM,1,True,True
484359937,dense,1,EM,1,True,True
486880919,dense,1,EM,1,True,True
487143497,dense,3,EM,1,True,True
487144598,dense,3,EM,1,True,True
488231898,dense,1,EM,1,True,True
488922181,dense,1,EM,1,True,True
510049477,dense,2,EM,1,True,True
510987433,dense,3,EM,1,True,True
514842241,dense,1,EM,1,True,True
514850616,dense,1,EM,1,True,True
515049524,dense,1,EM,1,True,True
516055524,dense,1,EM,1,True,True
517514142,dense,1,EM,2,False,True
520617773,dense,1,EM,1,True,True
542376096,dense,1,EM,1,True,True
543692985,dense,3,EM,1,True,True
543821838,dense,2,EM,1,True,True
544046671,dense,1,EM,1,True,True
548712377,dense,4,EM,1,True,True
548993536,dense,1,EM,1,True,True
549597974,dense,2,EM,1,True,True
550404663,dense,2,EM,1,True,True
550638250,dense,1,EM,1,True,True
573333284,dense,1,EM,1,True,True
573333835,dense,1,EM,1,True,True
573670049,dense,1,EM,1,True,True
574377562,dense,1,EM,1,True,True
575768294,dense,2,EM,2,False,True
576825965,dense,2,EM,1,True,True
579268807,dense,3,EM,1,True,True
579510789,dense,1,EM,1,True,True
579575594,dense,1,EM,1,True,True
579912201,dense,1,EM,1,True,True
5812978978,dense,1,EM,1,True,True
5812980494,dense,1,EM,1,True,True
5812980529,dense,3,EM,1,True,True
5812981000,dense,1,EM,1,True,True
5812982656,dense,4,EM,1,True,True
5812987694,dense,3,EM,1,True,True
5813009312,dense,1,EM,1,True,True
5813009595,dense,2,EM,1,True,True
5813009620,dense,1,EM,1,True,True
5813010510,dense,1,EM,1,True,True
5813011119,dense,3,EM,1,True,True
5813011133,dense,1,EM,1,True,True
5813011298,dense,4,EM,1,True,True
5813011660,dense,1,EM,1,True,True
5813019526,dense,1,EM,1,True,True
5813020347,dense,1,EM,1,True,True
5813020673,dense,2,EM,2,False,True
5813020684,dense,1,EM,1,True,True
5813020785,dense,2,EM,1,True,True
5813020996,dense,3,EM,1,True,True
5813021112,dense,4,EM,1,True,True
5813021533,dense,1,EM,1,True,True
5813021583,dense,4,EM,1,True,True
5813021602,dense,7,EM,1,True,True
5813021943,dense,2,EM,1,True,True
5813023322,dense,1,EM,1,True,True
5813024692,dense,1,EM,1,True,True
5813027276,dense,4,EM,1,True,True
5813027592,dense,2,EM,1,True,True
5813032849,dense,1,EM,1,True,True
5813033196,dense,1,EM,1,True,True
5813033371,dense,2,EM,1,True,True
5813034455,dense,8,EM,1,True,True
5813039309,dense,7,EM,1,True,True
5813040277,dense,1,EM,1,True,True
5813041180,dense,2,EM,1,True,True
5813047489,dense,1,EM,1,True,True
5813047691,dense,1,EM,1,True,True
5813047970,dense,1,EM,1,True,True
5813048837,dense,1,EM,1,True,True
5813049380,dense,8,EM,2,False,True
5813049824,dense,1,EM,1,True,True
5813053836,dense,1,EM,1,True,True
5813053851,dense,5,EM,1,True,True
5813054384,dense,5,EM,1,True,True
5813054716,dense,1,EM,1,True,True
5813054726,dense,1,EM,1,True,True
5813055277,dense,1,EM,1,True,True
5813055298,dense,1,EM,1,True,True
5813055800,dense,2,EM,1,True,True
5813055834,dense,1,EM,1,True,True
5813055865,dense,1,EM,1,True,True
5813055913,dense,2,EM,1,True,True
5813055949,dense,1,EM,1,True,True
5813056261,dense,1,EM,1,True,True
5813056321,dense,1,EM,1,True,True
5813056598,dense,1,EM,1,True,True
5813056909,dense,1,EM,1,True,True
5813057153,dense,1,EM,1,True,True
5813057579,dense,3,EM,1,True,True
5813057853,dense,1,EM,1,True,True
5813057861,dense,2,EM,1,True,True
5813059915,dense,2,EM,1,True,True
5813060068,dense,1,EM,1,True,True
5813060787,dense,1,EM,1,True,True
5813061218,dense,1,EM,1,True,True
5813062858,dense,5,EM,1,True,True
5813062871,dense,1,EM,1,True,True
5813063093,dense,1,EM,1,True,True
5813064410,dense,1,EM,1,True,True
5813065004,dense,1,EM,1,True,True
5813068669,dense,2,EM,1,True,True
5813068707,dense,1,EM,1,True,True
5813068748,dense,1,EM,1,True,True
5813069085,dense,1,EM,1,True,True
5813069496,dense,1,EM,1,True,True
5813069630,dense,1,EM,1,True,True
5813070613,dense,1,EM,1,True,True
5813071348,dense,1,EM,1,True,True
5813078542,dense,1,EM,1,True,True
5813078595,dense,1,EM,1,True,True
5813082239,dense,1,EM,1,True,True
5813082723,dense,1,EM,1,True,True
5813083780,dense,1,EM,1,True,True
5813098368,dense,3,EM,1,True,True
5813126031,dense,1,EM,1,True,True
5813132949,dense,1,EM,1,True,True
581746661,dense,1,EM,1,True,True
5901196806,dense,6,EM,1,True,True
5901197108,dense,1,EM,1,True,True
5901203505,dense,2,EM,1,True,True
602368546,dense,1,EM,1,True,True
604289581,dense,2,EM,1,True,True
609548390,dense,2,EM,1,True,True
610274029,dense,3,EM,1,True,True
610274046,dense,1,EM,1,True,True
611629428,dense,1,EM,1,True,True
611693656,dense,1,EM,1,True,True
614081151,dense,4,EM,1,True,True
634379734,dense,1,EM,1,True,True
636789034,dense,1,EM,1,True,True
640194409,dense,1,EM,1,True,True
640539567,dense,1,EM,1,True,True
642694410,dense,1,EM,1,True,True
667266529,dense,2,EM,1,True,True
669325882,dense,1,EM,1,True,True
671233447,dense,1,EM,1,True,True
672006007,dense,1,EM,1,True,True
672283773,dense,1,EM,1,True,True
673746277,dense,2,EM,1,True,True
673776769,dense,1,EM,1,True,True
675767414,dense,3,EM,1,True,True
693927941,dense,4,EM,1,True,True
696850811,dense,1,EM,1,True,True
698569644,dense,1,EM,1,True,True
701201945,dense,1,EM,1,True,True
704699661,dense,4,EM,1,True,True
705795727,dense,1,EM,1,True,True
707539688,dense,3,EM,1,True,True
727652372,dense,1,EM,1,True,True
735941254,dense,2,EM,1,True,True
736860990,dense,2,EM,1,True,True
764377593,dense,1,EM,1,True,True
768555687,dense,1,EM,2,False,True
792326206,dense,1,EM,1,True,True
792692885,dense,1,EM,1,True,True
797442049,dense,5,EM,1,True,True
823058891,dense,1,EM,1,True,True
828455033,dense,1,EM,1,True,True
829598814,dense,1,EM,1,True,True
832016427,dense,3,EM,1,True,True
857793013,dense,2,EM,1,True,True
859265651,dense,6,EM,1,True,True
859507274,dense,1,EM,1,True,True
859839499,dense,1,EM,1,True,True
862671913,dense,1,EM,1,True,True
884916323,dense,1,EM,1,True,True
885168486,dense,1,EM,1,True,True
891663788,dense,1,EM,1,True,True
914778159,dense,1,EM,1,True,True
915481348,dense,1,EM,1,True,True
915610561,dense,1,EM,1,True,True
922069357,dense,7,EM,1,True,True
922354084,dense,1,EM,1,True,True
925241334,dense,1,EM,1,True,True
944720631,dense,1,EM,1,True,True
945058110,dense,1,EM,1,True,True
946308203,dense,1,EM,1,True,True
947573616,dense,4,EM,1,True,True
950880008,dense,4,EM,1,True,True
951234513,dense,1,EM,1,True,True
951916894,dense,1,EM,1,True,True
953410147,dense,1,EM,1,True,True
953414780,dense,9,EM,1,True,True
957506896,dense,9,EM,1,True,True
975197713,dense,1,EM,1,True,True
977338882,dense,1,EM,1,True,True
977339122,dense,1,EM,1,True,True
978177557,dense,1,EM,1,True,True
979627466,dense,1,EM,1,True,True
981000564,dense,1,EM,1,True,True
988567837,dense,2,EM,1,True,True
5HT1A-F-200016,dense,1,FC,1,True,True
Cha-F-000088,dense,8,FC,1,True,True
Cha-F-000239,dense,10,FC,1,True,True
Cha-F-000329,dense,7,FC,1,True,True
Cha-F-000427,dense,2,FC,1,True,True
Cha-F-000461,dense,1,FC,1,True,True
Cha-F-100135,dense,5,FC,1,True,True
Cha-F-200299,dense,8,FC,1,True,True
Cha-F-300267,dense,4,FC,1,True,True
Cha-F-300344,dense,5,FC,1,True,True
Cha-F-400237,dense,8,FC,1,True,True
Cha-F-400298,dense,2,FC,1,True,True
Cha-F-500071,dense,6,FC,1,True,True
Cha-F-500310,dense,1,FC,1,True,True
Cha-F-700236,dense,1,FC,1,True,True
Cha-F-800090,dense,5,FC,1,True,True
E0585-F-600004,dense,1,FC,1,True,True
GH146-M-000001,dense,1,FC,1,True,True
Gad1-F-000245,dense,1,FC,1,True,True
Gad1-F-000694,dense,5,FC,1,True,True
Gad1-F-000703,dense,4,FC,1,True,True
Gad1-F-100171,dense,1,FC,1,True,True
Gad1-F-100784,dense,1,FC,1,True,True
Gad1-F-200186,dense,5,FC,1,True,True
Gad1-F-200219,dense,1,FC,1,True,True
Gad1-F-200247,dense,1,FC,1,True,True
Gad1-F-200719,dense,2,FC,1,True,True
Gad1-F-400220,dense,1,FC,1,True,True
Gad1-F-500004,dense,5,FC,1,True,True
Gad1-F-500321,dense,1,FC,1,True,True
Gad1-F-500457,dense,1,FC,1,True,True
Gad1-F-600059,dense,5,FC,1,True,True
Gad1-F-600604,dense,1,FC,1,True,True
Gad1-F-700172,dense,1,FC,1,True,True
Gad1-F-700193,dense,1,FC,1,True,True
Gad1-F-700607,dense,3,FC,1,True,True
Gad1-F-800371,dense,1,FC,1,True,True
Gad1-F-900395,dense,1,FC,1,True,True
TH-F-000009,dense,7,FC,1,True,True
TH-F-000010,dense,7,FC,1,True,True
TH-F-000012,dense,5,FC,1,True,True
TH-F-000019,dense,8,FC,1,True,True
TH-F-000036,dense,6,FC,1,True,True
TH-F-000046,dense,2,FC,1,True,True
TH-F-000079,dense,1,FC,1,True,True
TH-F-000091,dense,2,FC,1,True,True
TH-F-100005,dense,2,FC,1,True,True
TH-F-100036,dense,5,FC,1,True,True
TH-F-100050,dense,5,FC,1,True,True
TH-F-100075,dense,6,FC,1,True,True
TH-F-100083,dense,4,FC,2,False,True
TH-F-100095,dense,5,FC,1,True,True
TH-F-100099,dense,2,FC,2,False,True
TH-F-200004,dense,6,FC,1,True,True
TH-F-200010,dense,1,FC,1,True,True
TH-F-200026,dense,5,FC,1,True,True
TH-F-200034,dense,6,FC,1,True,True
TH-F-200037,dense,5,FC,1,True,True
TH-F-200064,dense,5,FC,1,True,True
TH-F-200081,dense,5,FC,2,False,True
TH-F-200085,dense,1,FC,1,True,True
TH-F-200096,dense,5,FC,1,True,True
TH-F-200106,dense,6,FC,1,True,True
TH-F-300037,dense,5,FC,1,True,True
TH-F-300046,dense,1,FC,1,True,True
TH-F-300062,dense,5,FC,1,True,True
TH-F-300078,dense,5,FC,1,True,True
TH-F-700015,dense,1,FC,1,True,True
TH-M-000008,dense,6,FC,1,True,True
TH-M-000021,dense,2,FC,1,True,True
TH-M-000029,dense,7,FC,1,True,True
TH-M-000030,dense,3,FC,1,True,True
TH-M-000032,dense,8,FC,1,True,True
TH-M-000045,dense,4,FC,1,True,True
TH-M-100016,dense,3,FC,1,True,True
TH-M-100027,dense,5,FC,1,True,True
TH-M-100057,dense,6,FC,1,True,True
TH-M-100063,dense,5,FC,1,True,True
TH-M-200010,dense,5,FC,1,True,True
TH-M-200013,dense,5,FC,1,True,True
TH-M-200034,dense,5,FC,1,True,True
TH-M-200035,dense,7,FC,1,True,True
TH-M-200049,dense,3,FC,1,True,True
TH-M-200064,dense,4,FC,1,True,True
TH-M-200095,dense,5,FC,1,True,True
TH-M-300005,dense,5,FC,1,True,True
TH-M-300017,dense,4,FC,1,True,True
TH-M-300063,dense,6,FC,1,True,True
Trh-F-000008,dense,5,FC,1,True,True
Trh-F-100001,dense,6,FC,1,True,True
Trh-F-100038,dense,5,FC,1,True,True
Trh-F-100052,dense,1,FC,1,True,True
Trh-F-100066,dense,5,FC,1,True,True
Trh-F-300112,dense,5,FC,1,True,True
Trh-F-400055,dense,5,FC,1,True,True
Trh-M-000172,dense,1,FC,1,True,True
Trh-M-100020,dense,2,FC,1,True,True
Trh-M-100024,dense,5,FC,1,True,True
Trh-M-100025,dense,7,FC,1,True,True
Trh-M-100037,dense,5,FC,1,True,True
Trh-M-100060,dense,3,FC,1,True,True
Trh-M-100071,dense,6,FC,1,True,True
Trh-M-200043,dense,3,FC,1,True,True
Trh-M-300071,dense,6,FC,1,True,True
Trh-M-300138,dense,6,FC,1,True,True
Trh-M-300140,dense,5,FC,1,True,True
Trh-M-400023,dense,5,FC,1,True,True
Trh-M-400052,dense,6,FC,1,True,True
Trh-M-400110,dense,6,FC,1,True,True
Trh-M-400131,dense,6,FC,1,True,True
Trh-M-500163,dense,8,FC,1,True,True
Trh-M-700039,dense,8,FC,1,True,True
VGlut-F-000016,dense,6,FC,1,True,True
VGlut-F-000111,dense,7,FC,1,True,True
VGlut-F-000158,dense,9,FC,1,True,True
VGlut-F-000177,dense,6,FC,1,True,True
VGlut-F-000303,dense,5,FC,1,True,True
VGlut-F-000463,dense,5,FC,1,True,True
VGlut-F-000556,dense,5,FC,1,True,True
VGlut-F-100002,dense,5,FC,1,True,True
VGlut-F-100003,dense,5,FC,1,True,True
VGlut-F-100035,dense,5,FC,1,True,True
VGlut-F-100125,dense,6,FC,1,True,True
VGlut-F-200036,dense,7,FC,1,True,True
VGlut-F-200062,dense,8,FC,1,True,True
VGlut-F-200143,dense,4,FC,1,True,True
VGlut-F-200251,dense,5,FC,1,True,True
VGlut-F-200319,dense,5,FC,1,True,True
VGlut-F-200392,dense,6,FC,1,True,True
VGlut-F-200459,dense,1,FC,1,True,True
VGlut-F-300438,dense,5,FC,1,True,True
VGlut-F-400049,dense,6,FC,1,True,True
VGlut-F-400184,dense,8,FC,1,True,True
VGlut-F-400186,dense,7,FC,1,True,True
VGlut-F-400334,dense,5,FC,1,True,True
VGlut-F-400757,dense,9,FC,1,True,True
VGlut-F-400898,dense,8,FC,1,True,True
VGlut-F-500002,dense,5,FC,1,True,True
VGlut-F-500335,dense,7,FC,1,True,True
VGlut-F-500876,dense,8,FC,1,True,True
VGlut-F-600204,dense,5,FC,1,True,True
VGlut-F-700261,dense,7,FC,1,True,True
VGlut-F-700541,dense,9,FC,1,True,True
VGlut-F-800130,dense,9,FC,1,True,True
fru-F-000094,dense,5,FC,1,True,True
fru-F-000131,dense,8,FC,1,True,True
fru-M-000335,dense,1,FC,1,True,True
fru-M-000339,dense,2,FC,1,True,True
fru-M-300299,dense,2,FC,1,True,True
npf-M-300037,dense,1,FC,1,True,True
1016835041,projection,1,EM,1,True,True
1048172314,projection,1,EM,1,True,True
1048215779,projection,2,EM,1,True,True
1051630846,projection,1,EM,1,True,True
1078693835,projection,2,EM,1,True,True
1100792636,projection,3,EM,1,True,True
1101133698,projection,1,EM,1,True,True
1141324564,projection,1,EM,1,True,True
1141337605,projection,2,EM,1,True,True
1141678665,projection,2,EM,1,True,True
1142011140,projection,1,EM,1,True,True
1142356576,projection,2,EM,1,True,True
1142365351,projection,2,EM,1,True,True
1171690479,projection,1,EM,1,True,True
1172372382,projection,1,EM,1,True,True
1173045815,projection,2,EM,1,True,True
1173745330,projection,5,EM,1,True,True
1193560072,projection,2,EM,1,True,True
1198006801,projection,1,EM,1,True,True
1198330641,projection,1,EM,1,True,True
1204175835,projection,2,EM,1,True,True
1205090786,projection,4,EM,1,True,True
1206114100,projection,1,EM,1,True,True
1224258912,projection,7,EM,1,True,True
1224595289,projection,2,EM,1,True,True
1224945418,projection,3,EM,1,True,True
1228683492,projection,2,EM,1,True,True
1261129711,projection,1,EM,1,True,True
1261130127,projection,1,EM,1,True,True
1261423370,projection,1,EM,2,False,True
1262114202,projection,1,EM,1,True,True
1266871604,projection,1,EM,1,True,True
1290416713,projection,4,EM,1,True,True
1322474586,projection,1,EM,1,True,True
1419019956,projection,1,EM,1,True,True
1448929233,projection,1,EM,1,True,True
1469403612,projection,1,EM,1,True,True
1510648834,projection,3,EM,1,True,True
1602402027,projection,1,EM,1,True,True
1610224198,projection,1,EM,1,True,True
1639886198,projection,1,EM,2,False,True
1640555311,projection,2,EM,2,False,True
1641250106,projection,1,EM,1,True,True
1670278227,projection,1,EM,1,True,True
1700644008,projection,1,EM,2,False,True
1729935421,projection,1,EM,1,True,True
203253253,projection,1,EM,1,True,True
266187383,projection,1,EM,1,True,True
267896360,projection,1,EM,1,True,True
296543992,projection,1,EM,2,False,True
297166053,projection,1,EM,1,True,True
299082033,projection,1,EM,1,True,True
300972942,projection,8,EM,1,True,True
326253554,projection,1,EM,1,True,True
328632707,projection,1,EM,1,True,True
328943204,projection,2,EM,1,True,True
329970706,projection,2,EM,2,False,True
330268940,projection,1,EM,2,False,True
331662710,projection,4,EM,2,False,True
361040812,projection,1,EM,1,True,True
418969956,projection,1,EM,1,True,True
421641859,projection,1,EM,2,False,True
422682603,projection,1,EM,1,True,True
422725634,projection,2,EM,1,True,True
423774471,projection,1,EM,1,True,True
424789697,projection,1,EM,1,True,True
454439022,projection,1,EM,1,True,True
456156825,projection,2,EM,1,True,True
457175171,projection,2,EM,1,True,True
484911954,projection,1,EM,1,True,True
485745069,projection,1,EM,1,True,True
486544396,projection,1,EM,1,True,True
517514142,projection,2,EM,2,False,True
517854468,projection,1,EM,1,True,True
518899665,projection,2,EM,1,True,True
519046655,projection,1,EM,1,True,True
519279166,projection,1,EM,1,True,True
519591210,projection,1,EM,1,True,True
549282467,projection,1,EM,1,True,True
550280614,projection,1,EM,1,True,True
550617370,projection,1,EM,1,True,True
575768294,projection,1,EM,2,False,True
579916831,projection,1,EM,1,True,True
580287695,projection,1,EM,1,True,True
5812979156,projection,1,EM,1,True,True
5812980638,projection,1,EM,1,True,True
5812981543,projection,1,EM,1,True,True
5812982779,projection,1,EM,1,True,True
5813020455,projection,1,EM,1,True,True
5813020585,projection,2,EM,1,True,True
5813020673,projection,1,EM,2,False,True
5813022201,projection,2,EM,1,True,True
5813022925,projection,1,EM,1,True,True
5813026366,projection,1,EM,1,True,True
5813034306,projection,1,EM,1,True,True
5813049380,projection,1,EM,2,False,True
5813057274,projection,1,EM,1,True,True
5813058048,projection,2,EM,1,True,True
5813058316,projection,1,EM,1,True,True
5813068729,projection,7,EM,1,True,True
5813077405,projection,1,EM,1,True,True
5813087817,projection,1,EM,1,True,True
5813089803,projection,2,EM,1,True,True
5901203987,projection,1,EM,1,True,True
604864392,projection,1,EM,1,True,True
608922563,projection,1,EM,1,True,True
609587511,projection,1,EM,1,True,True
612414168,projection,1,EM,1,True,True
613079053,projection,1,EM,1,True,True
613719036,projection,2,EM,1,True,True
636667489,projection,1,EM,1,True,True
642664141,projection,1,EM,1,True,True
643830129,projection,1,EM,1,True,True
644417074,projection,1,EM,1,True,True
673085197,projection,1,EM,1,True,True
673509195,projection,1,EM,1,True,True
673518025,projection,1,EM,1,True,True
674807824,projection,1,EM,1,True,True
676573560,projection,1,EM,1,True,True
700486220,projection,1,EM,1,True,True
702389193,projection,1,EM,1,True,True
736174181,projection,1,EM,1,True,True
737832306,projection,1,EM,1,True,True
760686202,projection,1,EM,1,True,True
768555687,projection,1,EM,2,False,True
799586652,projection,2,EM,1,True,True
829261936,projection,2,EM,1,True,True
832357089,projection,1,EM,1,True,True
860983686,projection,1,EM,1,True,True
862705904,projection,6,EM,1,True,True
894551935,projection,1,EM,1,True,True
919763043,projection,1,EM,1,True,True
922810839,projection,1,EM,1,True,True
946641153,projection,2,EM,1,True,True
946645313,projection,1,EM,1,True,True
946990515,projection,1,EM,1,True,True
948035783,projection,1,EM,1,True,True
955464899,projection,3,EM,1,True,True
956138930,projection,1,EM,1,True,True
977343309,projection,2,EM,1,True,True
981362334,projection,1,EM,1,True,True
983759126,projection,1,EM,1,True,True
986828383,projection,1,EM,1,True,True
Cha-F-000009,projection,2,FC,1,True,True
Cha-F-400112,projection,2,FC,1,True,True
Cha-F-400201,projection,2,FC,1,True,True
Cha-F-800086,projection,2,FC,1,True,True
E0585-F-200015,projection,2,FC,1,True,True
E0585-F-300042,projection,2,FC,1,True,True
G0239-F-000001,projection,2,FC,1,True,True
G0239-F-000003,projection,2,FC,1,True,True
G0239-F-000005,projection,2,FC,1,True,True
G0239-F-000007,projection,2,FC,1,True,True
G0239-F-000008,projection,2,FC,1,True,True
G0239-F-000009,projection,2,FC,1,True,True
G0239-F-000011,projection,2,FC,1,True,True
G0239-F-000012,projection,2,FC,1,True,True
G0239-F-000013,projection,2,FC,1,True,True
Gad1-F-001409,projection,2,FC,1,True,True
Gad1-F-101173,projection,2,FC,1,True,True
Gad1-F-200227,projection,2,FC,1,True,True
Gad1-F-300153,projection,2,FC,1,True,True
Gad1-F-300154,projection,2,FC,1,True,True
Gad1-F-300275,projection,1,FC,1,True,True
Gad1-F-300309,projection,2,FC,1,True,True
Gad1-F-301525,projection,2,FC,1,True,True
Gad1-F-301704,projection,2,FC,1,True,True
Gad1-F-400259,projection,2,FC,1,True,True
Gad1-F-400718,projection,2,FC,1,True,True
Gad1-F-400957,projection,2,FC,1,True,True
Gad1-F-402516,projection,2,FC,1,True,True
Gad1-F-500136,projection,2,FC,1,True,True
Gad1-F-500365,projection,2,FC,1,True,True
Gad1-F-500524,projection,2,FC,1,True,True
Gad1-F-500559,projection,2,FC,1,True,True
Gad1-F-502126,projection,2,FC,1,True,True
Gad1-F-600109,projection,2,FC,1,True,True
Gad1-F-600115,projection,1,FC,1,True,True
Gad1-F-600345,projection,2,FC,1,True,True
Gad1-F-601324,projection,2,FC,1,True,True
Gad1-F-700131,projection,2,FC,1,True,True
Gad1-F-800094,projection,2,FC,1,True,True
Gad1-F-900001,projection,2,FC,1,True,True
Gad1-F-900194,projection,2,FC,1,True,True
TH-F-000101,projection,2,FC,1,True,True
TH-F-100083,projection,2,FC,2,False,True
TH-F-100099,projection,2,FC,2,False,True
TH-F-200030,projection,2,FC,1,True,True
TH-F-200033,projection,2,FC,1,True,True
TH-F-200081,projection,2,FC,2,False,True
TH-F-300020,projection,2,FC,1,True,True
TH-F-300073,projection,2,FC,1,True,True
TH-F-700001,projection,2,FC,1,True,True
TH-F-700004,projection,2,FC,1,True,True
TH-F-700016,projection,2,FC,1,True,True
TH-F-700022,projection,2,FC,1,True,True
TH-M-300021,projection,2,FC,1,True,True
TH-M-500003,projection,2,FC,1,True,True
TH-M-600002,projection,2,FC,1,True,True
TH-M-600003,projection,2,FC,1,True,True
TH-M-700002,projection,2,FC,1,True,True
TH-M-700013,projection,2,FC,1,True,True
TH-M-700017,projection,2,FC,1,True,True
Trh-M-000099,projection,2,FC,1,True,True
Trh-M-800009,projection,2,FC,1,True,True
VGlut-F-200594,projection,2,FC,1,True,True
VGlut-F-300680,projection,2,FC,1,True,True
VGlut-F-800070,projection,2,FC,1,True,True
VT0765-F-700001,projection,2,FC,1,True,True
VT16811-F-700000,projection,2,FC,1,True,True
VT24618-F-700000,projection,2,FC,1,True,True
VT38815-F-700000,projection,2,FC,1,True,True
VT38815-F-700001,projection,2,FC,1,True,True
VT43401-F-700002,projection,2,FC,1,True,True
VT50245-F-700000,projection,2,FC,1,True,True
VT50245-F-700001,projection,2,FC,1,True,True
VT50733-F-700000,projection,2,FC,1,True,True
VT58722-F-700000,projection,2,FC,1,True,True
VT58722-F-700001,projection,2,FC,1,True,True
VT5948-F-700000,projection,2,FC,1,True,True
VT5948-F-700001,projection,2,FC,1,True,True
fru-F-200052,projection,2,FC,1,True,True
fru-F-400010,projection,2,FC,1,True,True
fru-F-400071,projection,2,FC,1,True,True
fru-F-400141,projection,2,FC,1,True,True
fru-F-400196,projection,2,FC,1,True,True
fru-F-400214,projection,2,FC,1,True,True
fru-F-400229,projection,2,FC,1,True,True
fru-F-400338,projection,2,FC,1,True,True
fru-F-400437,projection,2,FC,1,True,True
fru-F-400475,projection,2,FC,1,True,True
fru-F-500083,projection,2,FC,1,True,True
fru-F-500115,projection,2,FC,1,True,True
fru-F-500297,projection,2,FC,1,True,True
fru-F-500435,projection,2,FC,1,True,True
fru-F-500584,projection,2,FC,1,True,True
fru-F-600168,projection,2,FC,1,True,True
fru-F-600186,projection,2,FC,1,True,True
fru-F-700104,projection,2,FC,1,True,True
fru-F-700114,projection,2,FC,1,True,True
fru-F-700163,projection,2,FC,1,True,True
fru-F-700245,projection,2,FC,1,True,True
fru-F-700257,projection,2,FC,1,True,True
fru-M-400031,projection,2,FC,1,True,True
fru-M-400362,projection,2,FC,1,True,True
fru-M-400401,projection,2,FC,1,True,True
fru-M-500174,projection,2,FC,1,True,True
fru-M-500374,projection,2,FC,1,True,True
fru-M-500377,projection,2,FC,1,True,True
fru-M-500383,projection,2,FC,1,True,True
fru-M-700067,projection,2,FC,1,True,True
fru-M-700270,projection,2,FC,1,True,True
