neuron_id,group,region_1,region_2,vox_1,vox_2,vox_neuropil,vox_total,vox_other,other_frac,share_1,share_2,share_12,share_1_total,share_2_total,share_12_total,side_1,side_2,side_share_1,side_share_2,top2_sides_same_region,region_pair
5HT1A-F-200016,dense,ccp_16,vmp_15,36712.0,25728.0,131262.0,157264.0,26002.0,0.1653398107640655,0.279684904999162,0.19600493669150248,0.47568984169066447,0.2334418557330349,0.16359751755010682,0.3970393732831417,ccp_16_r,vmp_15_r,0.206304947357194,0.19600493669150248,False,ccp_16 + vmp_15
Cha-F-000088,dense,al_3,ms_12,79017.0,8699.0,90486.0,112206.0,21720.0,0.19357253622800918,0.8732511106690538,0.09613641889353049,0.9693875295625842,0.704213678412919,0.0775270484644315,0.7817407268773506,al_3_r,ms_12_r,0.8732511106690538,0.09613641889353049,False,al_3 + ms_12
Cha-F-000239,dense,al_3,dmp_10,31666.0,11513.0,69156.0,85582.0,16426.0,0.19193288308289128,0.4578923014633582,0.16647868586962808,0.6243709873329862,0.37000771190203546,0.13452595171881937,0.5045336636208548,al_3_r,dmp_10_r,0.4578923014633582,0.16647868586962808,False,al_3 + dmp_10
Cha-F-000329,dense,vlp_21,dlp_23,23441.0,17222.0,55719.0,61116.0,5397.0,0.08830748085607697,0.420700299718229,0.30908666702561066,0.7297869667438396,0.38354931605471565,0.2817920020943779,0.6653413181490935,vlp_21_r,dlp_23_r,0.420700299718229,0.30720221109495865,False,dlp_23 + vlp_21
Cha-F-000427,dense,lh_25,dfp_5,29119.0,1970.0,33024.0,34651.0,1627.0,0.04695391186401547,0.8817526647286822,0.05965358527131783,0.94140625,0.8403509278231508,0.05685261608611584,0.8972035439092667,lh_25_r,dfp_5_r,0.8817526647286822,0.05965358527131783,False,dfp_5 + lh_25
Cha-F-000461,dense,dlp_23,lh_25,46455.0,38881.0,165735.0,186515.0,20780.0,0.11141195078143849,0.2802968594442936,0.23459739946299815,0.5148942589072918,0.24906843953569419,0.20846044554057314,0.4575288850762673,dlp_23_r,lh_25_r,0.2802968594442936,0.23459739946299815,False,dlp_23 + lh_25
Cha-F-100135,dense,dfp_5,ms_12,38225.0,4606.0,47579.0,53481.0,5902.0,0.11035694919691105,0.8034006599550222,0.09680741503604531,0.9002080749910675,0.714739814139601,0.08612404405302818,0.8008638581926292,dfp_5_r,dfp_5_l,0.6552260451039325,0.14817461485108976,True,dfp_5 + ms_12
Cha-F-200299,dense,vlp_21,dmp_10,159328.0,5807.0,169561.0,176725.0,7164.0,0.04053755835337389,0.9396500374496494,0.034247262047286814,0.9738972994969362,0.9015589192247843,0.03285896166360164,0.934417880888386,vlp_21_r,dmp_10_r,0.9396500374496494,0.034247262047286814,False,dmp_10 + vlp_21
Cha-F-300267,dense,dfp_5,dlp_23,37868.0,7141.0,54445.0,61876.0,7431.0,0.12009502876721184,0.695527596657177,0.13115988612361099,0.826687482780788,0.6119981899282436,0.11540823582649169,0.7274064257547352,dfp_5_r,dlp_23_r,0.6084488933786389,0.13115988612361099,False,dfp_5 + dlp_23
Cha-F-300344,dense,vlp_21,spp_20,40663.0,5533.0,54140.0,57291.0,3151.0,0.05499991272625718,0.751071296638345,0.10219800517177688,0.853269301810122,0.7097624408720392,0.09657712380653156,0.8063395646785708,vlp_21_r,dmp_10_r,0.751071296638345,0.06534909493904692,False,spp_20 + vlp_21
Cha-F-400237,dense,vlp_21,dmp_10,226291.0,4316.0,236952.0,249945.0,12993.0,0.05198343635599832,0.9550077652857962,0.01821465950909889,0.9732224247948952,0.9053631798995779,0.017267798915761468,0.9226309788153394,vlp_21_r,dmp_10_r,0.9550077652857962,0.01821465950909889,False,dmp_10 + vlp_21
Cha-F-400298,dense,eb_8,lat_tri_7,9601.0,1701.0,13306.0,19601.0,6295.0,0.32115708382225394,0.721554186081467,0.1278370659852698,0.8493912520667368,0.4898219478598031,0.0867812866690475,0.5766032345288505,eb_8_r,eb_8_l,0.38539004960168344,0.33616413647978355,True,eb_8 + lat_tri_7
Cha-F-500071,dense,vlp_21,spp_20,47230.0,3044.0,54174.0,59059.0,4885.0,0.0827138962732183,0.8718204304647986,0.05618931590800015,0.9280097463727988,0.7997087658104607,0.05154167866032273,0.8512504444707835,vlp_21_r,spp_20_r,0.8448886919924687,0.02997747997194226,False,spp_20 + vlp_21
Cha-F-500310,dense,dlp_23,idlp_24,22614.0,5489.0,32632.0,37236.0,4604.0,0.12364378558384359,0.693000735474381,0.1682091198823241,0.861209855356705,0.6073155011279407,0.14741110753034697,0.7547266086582877,dlp_23_r,idlp_24_r,0.693000735474381,0.1682091198823241,False,dlp_23 + idlp_24
Cha-F-700236,dense,lh_25,spp_20,40270.0,11504.0,72732.0,78078.0,5346.0,0.06846999154691462,0.5536765110267833,0.15816971896826706,0.7118462299950503,0.5157662849970542,0.14733983964753194,0.6631061246445862,lh_25_r,spp_20_r,0.5536765110267833,0.15816971896826706,False,lh_25 + spp_20
Cha-F-800090,dense,dfp_5,dlp_23,73287.0,35308.0,138600.0,180221.0,41621.0,0.23094422958478755,0.5287662337662338,0.2547474747474747,0.7835137085137085,0.4066507232786412,0.19591501545324908,0.6025657387318903,dfp_5_r,dlp_23_r,0.5287662337662338,0.2547474747474747,False,dfp_5 + dlp_23
E0585-F-600004,dense,dlp_23,idlp_24,24242.0,3522.0,30790.0,34363.0,3573.0,0.10397811599685708,0.7873335498538486,0.11438778824293602,0.9017213380967847,0.7054680906789279,0.10249396152838809,0.807962052207316,dlp_23_r,idlp_24_r,0.7873335498538486,0.11438778824293602,False,dlp_23 + idlp_24
GH146-M-000001,dense,al_3,dfp_5,100370.0,4091.0,115064.0,133287.0,18223.0,0.13672001020354574,0.8722971563651533,0.0355541263992213,0.9078512827643747,0.7530366802463856,0.030693165875141613,0.7837298461215272,al_3_r,dfp_5_r,0.8722971563651533,0.0355541263992213,False,al_3 + dfp_5
Gad1-F-000245,dense,dfp_5,fb_6,21379.0,17302.0,57641.0,71970.0,14329.0,0.19909684590801724,0.3708991863430544,0.30016828299300846,0.6710674693360629,0.2970543281923024,0.24040572460747534,0.5374600527997777,dfp_5_r,fb_6_l,0.2442532225325723,0.18885862493711073,False,dfp_5 + fb_6
Gad1-F-000694,dense,vlp_21,lh_25,84954.0,1225.0,86925.0,89088.0,2163.0,0.02427936422413793,0.9773252804141501,0.014092608570606844,0.991417888984757,0.9535964439655172,0.013750448994252873,0.9673468929597702,vlp_21_r,lh_25_r,0.9773252804141501,0.014092608570606844,False,lh_25 + vlp_21
Gad1-F-000703,dense,lh_25,dlp_23,97599.0,12940.0,124701.0,134143.0,9442.0,0.07038757147223486,0.7826641326051916,0.10376821356685191,0.8864323461720435,0.727574305032689,0.09646422101786899,0.8240385260505579,lh_25_r,dlp_23_r,0.7826641326051916,0.10376821356685191,False,dlp_23 + lh_25
Gad1-F-100171,dense,dfp_5,fb_6,20634.0,12135.0,37169.0,43840.0,6671.0,0.15216697080291972,0.5551400360515484,0.3264817455406387,0.8816217815921871,0.4706660583941606,0.27680200729927007,0.7474680656934306,dfp_5_r,fb_6_l,0.5551400360515484,0.1701417848206839,False,dfp_5 + fb_6
Gad1-F-100784,dense,fb_6,dfp_5,35425.0,32889.0,99426.0,127529.0,28103.0,0.22036556391095358,0.35629513406955926,0.3307887272946714,0.6870838613642307,0.27777995593159205,0.2578942828689945,0.5356742388005865,dfp_5_r,fb_6_r,0.3307887272946714,0.2118761692112727,False,dfp_5 + fb_6
Gad1-F-200186,dense,al_3,ms_12,15016.0,7137.0,26666.0,36700.0,10034.0,0.2734059945504087,0.5631140778519463,0.2676441911047776,0.8307582689567239,0.40915531335149863,0.19446866485013625,0.6036239782016348,al_3_r,ms_12_r,0.5609390234755869,0.2403435085877147,False,al_3 + ms_12
Gad1-F-200219,dense,dfp_5,fspp_19,29018.0,4548.0,43500.0,51049.0,7549.0,0.147877529432506,0.667080459770115,0.10455172413793104,0.771632183908046,0.5684342494466101,0.08909087347450488,0.657525122921115,dfp_5_r,fspp_19_r,0.667080459770115,0.10455172413793104,False,dfp_5 + fspp_19
Gad1-F-200247,dense,dlp_23,spp_20,55623.0,25051.0,135419.0,149826.0,14407.0,0.09615821019048763,0.41074738404507494,0.18498881250046154,0.5957361965455364,0.3712506507548757,0.16720061938515343,0.5384512701400291,dlp_23_r,spp_20_r,0.41074738404507494,0.18498881250046154,False,dlp_23 + spp_20
Gad1-F-200719,dense,al_3,ms_12,46017.0,7822.0,54621.0,62756.0,8135.0,0.1296290394543948,0.8424781677376834,0.14320499441606707,0.9856831621537504,0.7332685320925489,0.12464146854484033,0.8579100006373892,al_3_r,ms_12_r,0.7896230387579869,0.14320499441606707,False,al_3 + ms_12
Gad1-F-400220,dense,dfp_5,fspp_19,27663.0,1572.0,31403.0,34954.0,3551.0,0.10159066201293128,0.8809030984300863,0.05005891156895838,0.9309620099990447,0.7914115694913315,0.04497339360302111,0.8363849630943526,dfp_5_r,fspp_19_r,0.8809030984300863,0.05005891156895838,False,dfp_5 + fspp_19
Gad1-F-500004,dense,dlp_23,lh_25,44058.0,33384.0,129296.0,146923.0,17627.0,0.11997440836356459,0.34075300086622945,0.2581982427917337,0.5989512436579632,0.29987136118919433,0.22722106137228343,0.5270924225614778,dlp_23_r,lh_25_r,0.34075300086622945,0.2581982427917337,False,dlp_23 + lh_25
Gad1-F-500321,dense,spp_20,lh_25,26582.0,22344.0,62165.0,71536.0,9371.0,0.13099698054126593,0.4276039572106491,0.35943054773586425,0.7870345049465133,0.37158912994855736,0.3123462312681727,0.68393536121673,spp_20_r,lh_25_r,0.4276039572106491,0.35943054773586425,False,lh_25 + spp_20
Gad1-F-500457,dense,eb_8,mb_4,11008.0,4991.0,19322.0,31712.0,12390.0,0.39070383451059537,0.5697132801987372,0.2583065935203395,0.8280198737190767,0.34712411705348134,0.15738521695257315,0.5045093340060545,eb_8_r,eb_8_l,0.3054549218507401,0.2642583583479971,True,eb_8 + mb_4
Gad1-F-600059,dense,dlp_23,mb_4,19932.0,14113.0,48436.0,57248.0,8812.0,0.15392677473448854,0.41151209843917747,0.29137418449087454,0.7028862829300521,0.3481693683622135,0.2465238960313024,0.5946932643935159,dlp_23_r,mb_4_r,0.41151209843917747,0.20786192088529193,False,dlp_23 + mb_4
Gad1-F-600604,dense,al_3,vlp_21,43161.0,13703.0,76875.0,87837.0,10962.0,0.1247993442398989,0.5614439024390244,0.17825040650406504,0.7396943089430894,0.49137607158714436,0.1560048726618623,0.6473809442490067,al_3_r,vlp_21_r,0.5614439024390244,0.17825040650406504,False,al_3 + vlp_21
Gad1-F-700172,dense,al_3,ms_12,23589.0,1687.0,25534.0,30637.0,5103.0,0.1665633058067043,0.9238270541239132,0.06606877105036423,0.9898958251742774,0.7699513659953651,0.05506413813362927,0.8250155041289944,al_3_r,al_3_l,0.8749902091329208,0.048836844990992404,True,al_3 + ms_12
Gad1-F-700193,dense,al_3,lh_25,21934.0,3192.0,27810.0,42766.0,14956.0,0.3497170649581443,0.7887090974469615,0.11477885652642934,0.9034879539733909,0.5128840667820231,0.07463873170275452,0.5875227984847776,al_3_r,lh_25_r,0.7887090974469615,0.11477885652642934,False,al_3 + lh_25
Gad1-F-700607,dense,dfp_5,fb_6,22175.0,15210.0,43593.0,49502.0,5909.0,0.11936891438729748,0.5086825866538206,0.3489092285458675,0.857591815199688,0.4479616985172316,0.3072603127146378,0.7552220112318694,dfp_5_r,fb_6_l,0.5076961897552359,0.20689101461243778,False,dfp_5 + fb_6
Gad1-F-800371,dense,dfp_5,mb_4,48605.0,4493.0,56970.0,69019.0,12049.0,0.174575116996769,0.8531683342109883,0.07886606986133053,0.9320344040723187,0.7042263724481664,0.0650980164882134,0.7693243889363799,dfp_5_l,mb_4_l,0.8531683342109883,0.07886606986133053,False,dfp_5 + mb_4
Gad1-F-900395,dense,dfp_5,idlp_24,82899.0,9788.0,100965.0,113421.0,12456.0,0.10982093263152326,0.821066706284356,0.0969444857128708,0.9180111919972268,0.730896394847515,0.08629795187839995,0.817194346725915,dfp_5_r,dfp_5_l,0.7197741791709998,0.10129252711335611,True,dfp_5 + idlp_24
TH-F-000009,dense,vlp_21,dmp_10,118721.0,36276.0,190641.0,233117.0,42476.0,0.18220893371139815,0.6227464186612534,0.19028435646057248,0.8130307751218259,0.5092764577443945,0.155612846767932,0.6648893045123264,vlp_21_r,dmp_10_r,0.6227464186612534,0.19028435646057248,False,dmp_10 + vlp_21
TH-F-000010,dense,dlp_23,fspp_19,38735.0,12037.0,70659.0,88261.0,17602.0,0.1994312323676369,0.5481962665760908,0.17035338739580239,0.7185496539718932,0.4388688095534834,0.13637960140945604,0.5752484109629394,dlp_23_r,fspp_19_r,0.5481962665760908,0.17035338739580239,False,dlp_23 + fspp_19
TH-F-000012,dense,dlp_23,lh_25,67873.0,67284.0,240672.0,276020.0,35348.0,0.1280631838272589,0.28201452599388377,0.27956721180694055,0.5615817378008243,0.24589884790957178,0.24376494456923412,0.48966379247880587,dlp_23_r,lh_25_r,0.28201452599388377,0.27956721180694055,False,dlp_23 + lh_25
TH-F-000019,dense,dfp_5,fspp_19,153629.0,12401.0,184367.0,198651.0,14284.0,0.07190499921973713,0.8332781896977225,0.06726257952887447,0.900540769226597,0.7733613221176838,0.06242606380033325,0.835787385918017,dfp_5_r,fspp_19_r,0.8332781896977225,0.06726257952887447,False,dfp_5 + fspp_19
TH-F-000036,dense,dfp_5,fspp_19,41815.0,13591.0,70101.0,83306.0,13205.0,0.15851199193335413,0.5964964836450265,0.1938774054578394,0.7903738891028659,0.5019446378412119,0.16314551172784672,0.6650901495690587,dfp_5_r,fspp_19_r,0.5964964836450265,0.1938774054578394,False,dfp_5 + fspp_19
TH-F-000046,dense,dfp_5,ms_12,118613.0,9103.0,136764.0,144977.0,8213.0,0.05665036523034688,0.8672823257582405,0.06655991342751016,0.9338422391857506,0.8181504652462115,0.06278927002214145,0.8809397352683529,dfp_5_l,ms_12_l,0.8672823257582405,0.06655991342751016,False,dfp_5 + ms_12
TH-F-000079,dense,vlp_21,dmp_10,277844.0,111410.0,525034.0,604481.0,79447.0,0.13143010284855935,0.5291923951591706,0.21219578160652453,0.7413881767656951,0.4596405842367254,0.18430686820594858,0.6439474524426739,vlp_21_r,dmp_10_r,0.5291923951591706,0.21219578160652453,False,dmp_10 + vlp_21
TH-F-000091,dense,dfp_5,mb_4,39307.0,16971.0,73717.0,85682.0,11965.0,0.13964426600686258,0.5332148622434445,0.2302182671568295,0.763433129400274,0.4587544641815084,0.19806960621834224,0.6568240703998506,dfp_5_r,mb_4_r,0.46881994655235565,0.11614688606427283,False,dfp_5 + mb_4
TH-F-100005,dense,vlp_21,dmp_10,162006.0,48991.0,274335.0,335290.0,60955.0,0.1817978466402219,0.590540762206791,0.17858093207210163,0.7691216942788925,0.483181723284321,0.14611530317038982,0.6292970264547109,vlp_21_r,dmp_10_r,0.590540762206791,0.17858093207210163,False,dmp_10 + vlp_21
TH-F-100036,dense,dlp_23,dfp_5,33698.0,14325.0,67351.0,81348.0,13997.0,0.17206323449869695,0.5003340707636116,0.2126917194993393,0.7130257902629508,0.4142449722181246,0.1760952942911934,0.590340266509318,dlp_23_r,fspp_19_r,0.5003340707636116,0.1616605544089917,False,dfp_5 + dlp_23
TH-F-100050,dense,fb_6,dmp_10,52834.0,22093.0,132434.0,165527.0,33093.0,0.19992508775003473,0.3989458900282405,0.16682271924128245,0.5657686092695229,0.3191865979568288,0.13347067245826966,0.45265727041509846,fb_6_l,fb_6_r,0.20419227690774272,0.19475361312049777,True,dmp_10 + fb_6
TH-F-100075,dense,dfp_5,fspp_19,44931.0,10616.0,68092.0,78380.0,10288.0,0.13125797397295227,0.6598572519532397,0.15590671444516244,0.8157639663984022,0.5732457259504976,0.13544271497831079,0.7086884409288083,dfp_5_r,fspp_19_r,0.6598572519532397,0.15590671444516244,False,dfp_5 + fspp_19
TH-F-100095,dense,dfp_5,mb_4,87283.0,39223.0,174566.0,212021.0,37455.0,0.1766570292565359,0.5,0.22468865643939828,0.7246886564393983,0.41167148537173204,0.18499582588517174,0.5966673112569038,dfp_5_r,mb_4_r,0.45061466723187793,0.11464431790841287,False,dfp_5 + mb_4
TH-F-200004,dense,dfp_5,fspp_19,42060.0,12253.0,67123.0,78651.0,11528.0,0.14657156298076313,0.6266108487403722,0.18254547621530623,0.8091563249556784,0.5347675172597932,0.15578950045136108,0.6905570177111543,dfp_5_r,fspp_19_r,0.6266108487403722,0.18254547621530623,False,dfp_5 + fspp_19
TH-F-200010,dense,dfp_5,mb_4,84597.0,33180.0,168429.0,209112.0,40683.0,0.19455124526569495,0.5022709865878204,0.1969969542062234,0.6992679407940438,0.40455354068633076,0.15867095145185356,0.5632244921381844,dfp_5_r,mb_4_r,0.4574152907159693,0.11528893480338896,False,dfp_5 + mb_4
TH-F-200026,dense,dfp_5,idlp_24,103289.0,2416.0,109674.0,122844.0,13170.0,0.10720914330370225,0.941782008497912,0.022028922078158906,0.9638109305760709,0.8408143661880109,0.019667220214255477,0.8604815864022662,dfp_5_r,dfp_5_l,0.779956963364152,0.16182504513376006,True,dfp_5 + idlp_24
TH-F-200034,dense,dfp_5,mb_4,68596.0,35430.0,143625.0,166232.0,22607.0,0.13599667933971799,0.47760487380330724,0.2466840731070496,0.7242889469103568,0.4126521969295924,0.21313585831849463,0.625788055248087,dfp_5_r,mb_4_r,0.436414273281114,0.12361357702349869,False,dfp_5 + mb_4
TH-F-200037,dense,dfp_5,mb_4,40816.0,30369.0,89311.0,109779.0,20468.0,0.18644731688209948,0.45700977483176763,0.34003650166272914,0.7970462764944968,0.37180152852549214,0.2766376082857377,0.6484391368112299,dfp_5_r,mb_4_r,0.43893809273213824,0.21801345858852772,False,dfp_5 + mb_4
TH-F-200064,dense,dfp_5,mb_4,52741.0,37021.0,116793.0,153461.0,36668.0,0.23894018675754752,0.4515767212076066,0.316979613504234,0.7685563347118406,0.34367689510690014,0.24124044545519707,0.5849173405620972,dfp_5_r,mb_4_r,0.42321029513755104,0.20294880686342504,False,dfp_5 + mb_4
TH-F-200085,dense,fb_6,ms_12,43742.0,21501.0,105819.0,121917.0,16098.0,0.1320406506065602,0.4133662196769956,0.20318657329969098,0.6165527929766866,0.35878507509207086,0.17635768596668225,0.5351427610587531,fb_6_r,fb_6_l,0.20908343492189493,0.2042827847551007,True,fb_6 + ms_12
TH-F-200096,dense,dfp_5,mb_4,67321.0,34329.0,142204.0,171858.0,29654.0,0.1725494303436558,0.4734114370903772,0.241406711484909,0.7148181485752862,0.3917245633022612,0.1997521209370527,0.5914766842393139,dfp_5_r,mb_4_r,0.43630277629321257,0.13771764507327502,False,dfp_5 + mb_4
TH-F-200106,dense,fb_6,ms_12,28792.0,21052.0,98511.0,130372.0,31861.0,0.24438529745650905,0.2922719290231548,0.21370202312432116,0.5059739521474759,0.22084496671064338,0.16147639063602615,0.38232135734666955,ms_12_r,fb_6_r,0.21370202312432116,0.15692663763437587,False,fb_6 + ms_12
TH-F-300037,dense,dfp_5,mb_4,62872.0,27656.0,119600.0,142782.0,23182.0,0.16235940104494964,0.525685618729097,0.23123745819397992,0.7569230769230769,0.44033561653429704,0.19369388298244877,0.6340294995167458,dfp_5_r,mb_4_l,0.49912207357859534,0.1184866220735786,False,dfp_5 + mb_4
TH-F-300046,dense,fb_6,ms_12,64105.0,39549.0,190631.0,231909.0,41278.0,0.17799222971079173,0.33627794010418033,0.20746363393152215,0.5437415740357024,0.2764230797424852,0.17053671914414706,0.44695979888663223,ms_12_r,dfp_5_r,0.20746363393152215,0.17056512319612235,False,fb_6 + ms_12
TH-F-300062,dense,dmp_10,vmp_15,69555.0,18546.0,123418.0,142258.0,18840.0,0.13243543421108128,0.5635725745029088,0.15026981477580256,0.7138423892787114,0.48893559588915914,0.13036876660715038,0.6193043624963095,dmp_10_r,vmp_15_r,0.5635725745029088,0.15026981477580256,False,dmp_10 + vmp_15
TH-F-300078,dense,lh_25,dmp_10,45889.0,20057.0,155539.0,194187.0,38648.0,0.19902465149572318,0.2950321141321469,0.12895158127543574,0.4239836954075827,0.23631345043694996,0.10328703775226972,0.3396004881892197,lh_25_r,dmp_10_r,0.2950321141321469,0.12895158127543574,False,dmp_10 + lh_25
TH-F-700015,dense,fb_6,dmp_10,19165.0,8467.0,53361.0,62822.0,9461.0,0.1506001082423355,0.359157437079515,0.15867393789471712,0.5178313749742322,0.30506828817930026,0.1347776256725351,0.43984591385183536,fb_6_r,fb_6_l,0.18395457356496317,0.17520286351455183,True,dmp_10 + fb_6
TH-M-000008,dense,fb_6,dfp_5,73976.0,14269.0,117975.0,156610.0,38635.0,0.24669561330694081,0.6270481034117398,0.1209493536766264,0.7479974570883662,0.4723580869676266,0.09111167869229296,0.5634697656599196,fb_6_r,fb_6_l,0.3400211909302818,0.28702691248145795,True,dfp_5 + fb_6
TH-M-000021,dense,dfp_5,fspp_19,102397.0,6072.0,116855.0,135704.0,18849.0,0.1388978954194423,0.8762740148046725,0.05196183304094818,0.9282358478456206,0.7545613983375582,0.04474444378942404,0.7993058421269823,dfp_5_l,fspp_19_l,0.8762740148046725,0.05196183304094818,False,dfp_5 + fspp_19
TH-M-000029,dense,dfp_5,fspp_19,102971.0,9006.0,128978.0,154447.0,25469.0,0.16490446560956185,0.7983609607840096,0.06982586177487633,0.868186822558886,0.6667076731823862,0.05831126535316322,0.7250189385355494,dfp_5_r,fspp_19_r,0.7983609607840096,0.06982586177487633,False,dfp_5 + fspp_19
TH-M-000030,dense,lh_25,dlp_23,52219.0,51322.0,187996.0,230844.0,42848.0,0.1856145275597373,0.2777665482244303,0.27299517011000235,0.5507617183344327,0.2262090416038537,0.22232330058394414,0.4485323421877978,lh_25_r,dlp_23_r,0.2777665482244303,0.27299517011000235,False,dlp_23 + lh_25
TH-M-000032,dense,dfp_5,mb_4,111727.0,10632.0,135852.0,167746.0,31894.0,0.1901327006307155,0.8224170420751995,0.07826163766451727,0.9006786797397167,0.666048668820717,0.06338154113958008,0.7294302099602972,dfp_5_r,mb_4_r,0.8224170420751995,0.07826163766451727,False,dfp_5 + mb_4
TH-M-000045,dense,dfp_5,mb_4,52144.0,32068.0,101374.0,139387.0,38013.0,0.2727155330124043,0.51437252155385,0.31633357665673645,0.8307060982105865,0.37409514517135745,0.2300644966890743,0.6041596418604317,dfp_5_r,mb_4_r,0.5022984197131415,0.18404127291021366,False,dfp_5 + mb_4
TH-M-100016,dense,dfp_5,mb_4,48766.0,31346.0,98361.0,130191.0,31830.0,0.24448694610226512,0.4957859314159067,0.31868321794207055,0.8144691493579772,0.3745727431235646,0.24076933121337113,0.6153420743369358,dfp_5_r,mb_4_r,0.4681021949756509,0.20659611024694746,False,dfp_5 + mb_4
TH-M-100027,dense,vlp_21,dmp_10,112787.0,16291.0,151208.0,172718.0,21510.0,0.1245382646857884,0.7459063012539019,0.10773900851806782,0.8536453097719697,0.6530124248775461,0.09432137935826028,0.7473338042358063,vlp_21_r,dmp_10_r,0.7459063012539019,0.10773900851806782,False,dmp_10 + vlp_21
TH-M-100057,dense,eb_8,ms_12,45776.0,28222.0,124232.0,210832.0,86600.0,0.41075358579342797,0.3684718913001481,0.22717174319016034,0.5956436344903084,0.21712074068452608,0.13386013508385824,0.3509808757683843,ms_12_r,eb_8_r,0.20713664756262476,0.18459012170777256,False,eb_8 + ms_12
TH-M-100063,dense,eb_8,ms_12,36455.0,16663.0,72367.0,119548.0,47181.0,0.3946615585371566,0.5037517100335789,0.23025688504428815,0.734008595077867,0.3049402750359688,0.13938334392879848,0.4443236189647673,eb_8_r,ms_12_r,0.28297428385866485,0.22942777785454696,False,eb_8 + ms_12
TH-M-200010,dense,dfp_5,mb_4,69411.0,6401.0,80759.0,98648.0,17889.0,0.1813417403292515,0.859483153580406,0.07926051585581793,0.9387436694362238,0.7036229827264617,0.06488727597112967,0.7685102586975915,dfp_5_r,dfp_5_l,0.6973340432645277,0.16214911031587811,True,dfp_5 + mb_4
TH-M-200013,dense,cmp_13,ms_12,32126.0,28867.0,88620.0,124113.0,35493.0,0.28597326629764813,0.3625141051681336,0.32573911081020085,0.6882532159783344,0.2588447624342333,0.2325864333309162,0.4914311957651495,cmp_13_r,ms_12_r,0.3625141051681336,0.32573911081020085,False,cmp_13 + ms_12
TH-M-200034,dense,vlp_21,dmp_10,178111.0,29482.0,238188.0,277836.0,39648.0,0.14270288947436618,0.7477748669118511,0.12377617680151813,0.8715510437133692,0.6410652327272204,0.10611295872385149,0.7471781914510719,vlp_21_r,dmp_10_r,0.7477748669118511,0.12377617680151813,False,dmp_10 + vlp_21
TH-M-200035,dense,dlp_23,spp_20,46685.0,34103.0,116115.0,151919.0,35804.0,0.2356782232637129,0.4020583042673212,0.29370021099771776,0.695758515265039,0.3073019174691777,0.22448146709759806,0.5317833845667758,dlp_23_r,spp_20_r,0.4020583042673212,0.29370021099771776,False,dlp_23 + spp_20
TH-M-200049,dense,dfp_5,mb_4,50387.0,23404.0,87339.0,114377.0,27038.0,0.23639368054766255,0.5769129483964781,0.2679673456302454,0.8448802940267235,0.4405343731694309,0.20462155853012406,0.645155931699555,dfp_5_r,mb_4_r,0.5208211680921467,0.18596503280321505,False,dfp_5 + mb_4
TH-M-200064,dense,dfp_5,mb_4,62857.0,31424.0,113776.0,142167.0,28391.0,0.19970175919868888,0.5524627337927155,0.27619181549711713,0.8286545492898326,0.4421349539625933,0.22103582406606315,0.6631707780286564,dfp_5_r,mb_4_r,0.5372046828856701,0.14870447194487413,False,dfp_5 + mb_4
TH-M-200095,dense,dfp_5,mb_4,118161.0,10688.0,133038.0,159181.0,26143.0,0.1642344249627782,0.8881748071979434,0.08033794855605166,0.9685127557539951,0.7423059284713628,0.06714369177225925,0.809449620243622,dfp_5_r,mb_4_r,0.845232189299298,0.06883747500714081,False,dfp_5 + mb_4
TH-M-300005,dense,fb_6,dfp_5,58707.0,35715.0,144436.0,196488.0,52052.0,0.2649118521232849,0.40645683901520396,0.2472721482178958,0.6537289872330998,0.2987816049835104,0.18176682545498962,0.48054843043850004,dfp_5_r,fb_6_r,0.2472721482178958,0.21527873937245562,False,dfp_5 + fb_6
TH-M-300017,dense,vlp_21,dmp_10,135537.0,34611.0,206602.0,237617.0,31015.0,0.13052517286221105,0.6560294672849246,0.1675249997579888,0.8235544670429135,0.5704011076648556,0.14565877020583545,0.716059877870691,vlp_21_r,dmp_10_r,0.6560294672849246,0.1675249997579888,False,dmp_10 + vlp_21
TH-M-300063,dense,dfp_5,mb_4,83057.0,2343.0,88196.0,101591.0,13395.0,0.131852231004715,0.9417320513401969,0.026565830649916095,0.9682978819901129,0.8175625793623451,0.02306306661023122,0.8406256459725763,dfp_5_r,dfp_5_l,0.777665653771146,0.16406639756905075,True,dfp_5 + mb_4
Trh-F-000008,dense,al_3,dfp_5,104570.0,18754.0,190744.0,220060.0,29316.0,0.13321821321457783,0.5482217002893931,0.09832026171203288,0.646541962001426,0.47518858493138233,0.08522221212396619,0.5604107970553486,al_3_r,dfp_5_r,0.5018401627311999,0.09832026171203288,False,al_3 + dfp_5
Trh-F-100001,dense,dfp_5,fb_6,41634.0,41308.0,100117.0,116127.0,16010.0,0.137866301549166,0.4158534514617897,0.4125972612043909,0.8284507126661805,0.3585212741222971,0.3557140027728263,0.7142352768951234,dfp_5_r,fb_6_l,0.4158534514617897,0.20906539348961714,False,dfp_5 + fb_6
Trh-F-100038,dense,al_3,ms_12,41578.0,21184.0,99428.0,121167.0,21739.0,0.17941353668903248,0.4181719435169168,0.21305869573963068,0.6312306392565474,0.3431462361864204,0.17483308161463104,0.5179793178010514,al_3_r,ms_12_r,0.39229392122943235,0.13864303817838033,False,al_3 + ms_12
Trh-F-100052,dense,dlp_23,dfp_5,65680.0,55147.0,144763.0,175485.0,30722.0,0.1750690942245776,0.4537070936634361,0.3809467888894262,0.8346538825528622,0.37427700373251277,0.31425477961079296,0.6885317833433057,dlp_23_r,dfp_5_r,0.40520022381409615,0.3071295842169615,False,dfp_5 + dlp_23
Trh-F-100066,dense,dfp_5,fb_6,67010.0,42797.0,134421.0,157036.0,22615.0,0.14401156422731093,0.49850841758356207,0.3183803125999658,0.8168887301835279,0.4267174405868718,0.2725298657632645,0.6992473063501363,dfp_5_r,fb_6_r,0.49850841758356207,0.16172324264809815,False,dfp_5 + fb_6
Trh-F-300112,dense,fb_6,dfp_5,9766.0,8451.0,28439.0,34146.0,5707.0,0.16713524278099923,0.3434016667252716,0.29716234748057246,0.6405640142058441,0.2860071457857436,0.24749604638903533,0.5335031921747789,dfp_5_r,fb_6_l,0.29716234748057246,0.1808783712507472,False,dfp_5 + fb_6
Trh-F-400055,dense,dfp_5,fb_6,13203.0,12941.0,36024.0,41579.0,5555.0,0.13360109670747253,0.36650566289140574,0.35923273373306686,0.7257383966244726,0.3175401043796147,0.31123884653310563,0.6287789509127204,dfp_5_r,fb_6_l,0.36650566289140574,0.1848489895625139,False,dfp_5 + fb_6
Trh-M-000172,dense,al_3,dfp_5,51079.0,9072.0,78131.0,98126.0,19995.0,0.2037686240140228,0.6537609911558793,0.11611268254598046,0.7698736737018597,0.520545013554002,0.09245256099300898,0.612997574547011,al_3_r,dfp_5_r,0.5694026698749536,0.11260575187825575,False,al_3 + dfp_5
Trh-M-100020,dense,dlp_23,dfp_5,35366.0,25895.0,85465.0,100033.0,14568.0,0.14563194145931843,0.4138068215058796,0.3029895278769087,0.7167963493827882,0.35354333070086874,0.2588645746903522,0.6124079053912209,dlp_23_r,dfp_5_r,0.29740829579359973,0.2700754694904347,False,dfp_5 + dlp_23
Trh-M-100024,dense,fb_6,dfp_5,31262.0,24329.0,57634.0,65931.0,8297.0,0.12584368506468885,0.5424228753860568,0.42212929867786375,0.9645521740639206,0.47416238188409093,0.3690069921584687,0.8431693740425596,dfp_5_r,fb_6_r,0.42212929867786375,0.28207308186140123,False,dfp_5 + fb_6
Trh-M-100025,dense,dfp_5,fb_6,70195.0,45771.0,139358.0,167195.0,27837.0,0.16649421334370046,0.5037026937814837,0.32844185479125704,0.8321445485727407,0.4198391100212327,0.2737581865486408,0.6935972965698735,dfp_5_r,fb_6_r,0.5037026937814837,0.17318704344207006,False,dfp_5 + fb_6
Trh-M-100037,dense,al_3,dfp_5,68311.0,5096.0,92259.0,111062.0,18803.0,0.169301831409483,0.7404264082636924,0.0552358035530409,0.7956622118167334,0.6150708613207038,0.045884280852136645,0.6609551421728403,al_3_r,al_3_l,0.6693655903489091,0.07106081791478339,True,al_3 + dfp_5
Trh-M-100060,dense,dfp_5,dlp_23,63002.0,38227.0,121784.0,165296.0,43512.0,0.2632368599361146,0.5173257570781055,0.31389180844774356,0.831217565525849,0.3811465492207918,0.23126391443229116,0.6124104636530829,dfp_5_r,dlp_23_r,0.4284060303488143,0.3125533731853117,False,dfp_5 + dlp_23
Trh-M-100071,dense,dfp_5,fb_6,55078.0,43344.0,126876.0,156331.0,29455.0,0.18841432601339467,0.43410889372300515,0.34162489359689774,0.775733787319903,0.35231655909576476,0.2772578695204406,0.6295744286162054,dfp_5_r,fb_6_r,0.43410889372300515,0.18715911598726315,False,dfp_5 + fb_6
Trh-M-200043,dense,al_3,ammc_2,55271.0,678.0,56125.0,74859.0,18734.0,0.25025715010887134,0.9847839643652562,0.012080178173719376,0.9968641425389755,0.7383347359702909,0.009057027211156974,0.7473917631814478,al_3_r,ammc_2_r,0.9847839643652562,0.012080178173719376,False,al_3 + ammc_2
Trh-M-300071,dense,fb_6,dfp_5,20266.0,13151.0,40799.0,49239.0,8440.0,0.17140884258413047,0.49672786097698474,0.32233633177283755,0.8190641927498223,0.4115843132476289,0.2670850342208412,0.6786693474684701,dfp_5_r,fb_6_r,0.32233633177283755,0.27628128140395597,False,dfp_5 + fb_6
Trh-M-300138,dense,fb_6,dfp_5,13669.0,10730.0,30795.0,39676.0,8881.0,0.2238380885169876,0.443870758239974,0.3484331872057152,0.7923039454456893,0.34451557616695233,0.2704405686057062,0.6149561447726586,dfp_5_r,fb_6_r,0.3484331872057152,0.23640201331384966,False,dfp_5 + fb_6
Trh-M-300140,dense,fb_6,dfp_5,19286.0,12399.0,36214.0,47218.0,11004.0,0.23304671947138803,0.5325564698735296,0.34238139945877283,0.8749378693323024,0.40844593163624043,0.262590537506883,0.6710364691431234,dfp_5_r,fb_6_l,0.34238139945877283,0.2704755067101121,False,dfp_5 + fb_6
Trh-M-400023,dense,fb_6,dfp_5,9160.0,6904.0,23444.0,31983.0,8539.0,0.2669855860926117,0.3907183074560655,0.2944889950520389,0.6852073025081045,0.2864021511427946,0.21586467811024607,0.5022668292530407,dfp_5_r,fb_6_r,0.2944889950520389,0.2073878177785361,False,dfp_5 + fb_6
Trh-M-400052,dense,fb_6,dfp_5,16988.0,11365.0,33550.0,42222.0,8672.0,0.20539055468712994,0.5063487332339791,0.33874813710879287,0.845096870342772,0.4023494860499266,0.26917246932878597,0.6715219553787125,dfp_5_r,fb_6_r,0.33874813710879287,0.2660208643815201,False,dfp_5 + fb_6
Trh-M-400110,dense,fb_6,dfp_5,14391.0,10770.0,33896.0,43707.0,9811.0,0.22447205253163108,0.424563370309181,0.31773660608921406,0.7422999763983951,0.3292607591461322,0.24641361795593383,0.575674377102066,dfp_5_r,fb_6_r,0.31773660608921406,0.2419754543308945,False,dfp_5 + fb_6
Trh-M-400131,dense,fb_6,dfp_5,13770.0,7017.0,29914.0,40602.0,10688.0,0.26323826412491996,0.46031958280403823,0.23457244099752625,0.6948920238015645,0.33914585488399585,0.17282399881779223,0.511969853701788,dfp_5_r,fb_6_r,0.23457244099752625,0.2344052951795146,False,dfp_5 + fb_6
Trh-M-500163,dense,dfp_5,mb_4,13712.0,1291.0,15101.0,20003.0,4902.0,0.24506324051392292,0.9080193364677835,0.08549102708429905,0.9935103635520827,0.6854971754236865,0.06454031895215717,0.7500374943758437,dfp_5_r,mb_4_r,0.9080193364677835,0.08549102708429905,False,dfp_5 + mb_4
Trh-M-700039,dense,spp_20,dlp_23,33148.0,31952.0,118992.0,143356.0,24364.0,0.1699545188202796,0.27857334946887186,0.2685222535968805,0.5470956030657523,0.23122854990373615,0.22288568319428556,0.45411423309802174,spp_20_r,dlp_23_r,0.27857334946887186,0.2685222535968805,False,dlp_23 + spp_20
VGlut-F-000016,dense,vlp_21,dlp_23,221397.0,2767.0,226410.0,236731.0,10321.0,0.04359800786546755,0.977858751821916,0.012221191643478645,0.9900799434653946,0.9352260582686678,0.011688372034080876,0.9469144303027487,vlp_21_r,dlp_23_r,0.977858751821916,0.012221191643478645,False,dlp_23 + vlp_21
VGlut-F-000111,dense,vlp_21,spp_20,114900.0,15075.0,148579.0,159648.0,11069.0,0.06933378432551614,0.7733259747339799,0.10146117553624671,0.8747871502702266,0.7197083583884546,0.09442648827420325,0.8141348466626579,vlp_21_r,spp_20_r,0.7731980966354599,0.06995605031666656,False,spp_20 + vlp_21
VGlut-F-000158,dense,dlp_23,idlp_24,70027.0,12366.0,95509.0,104291.0,8782.0,0.08420669089374921,0.7331979185207677,0.12947470918970988,0.8626726277104776,0.671457748031949,0.1185720723744139,0.7900298204063629,dlp_23_r,idlp_24_r,0.7331979185207677,0.12947470918970988,False,dlp_23 + idlp_24
VGlut-F-000177,dense,vlp_21,dlp_23,40846.0,23444.0,73867.0,78640.0,4773.0,0.06069430315361139,0.5529668187417927,0.3173812392543355,0.8703480579961281,0.5194048830111903,0.298118006103764,0.8175228891149542,vlp_21_r,dlp_23_r,0.5529668187417927,0.3173812392543355,False,dlp_23 + vlp_21
VGlut-F-000303,dense,dlp_23,spp_20,37766.0,18916.0,128374.0,147643.0,19269.0,0.13051075906070725,0.29418729649305936,0.14735070964525526,0.4415380061383146,0.2557926891217328,0.12811985668131912,0.38391254580305195,dlp_23_r,spp_20_r,0.29418729649305936,0.14735070964525526,False,dlp_23 + spp_20
VGlut-F-000463,dense,al_3,pan_11,53735.0,7124.0,81923.0,98333.0,16410.0,0.16688192163363266,0.6559208036815058,0.08695970606545171,0.7428805097469575,0.5464594795236594,0.07244770321255327,0.6189071827362127,al_3_r,pan_11_r,0.6559208036815058,0.08695970606545171,False,al_3 + pan_11
VGlut-F-000556,dense,dmp_10,ccp_16,39366.0,7616.0,62853.0,75994.0,13141.0,0.17292154643787666,0.6263185528137082,0.12117162267513086,0.747490175488839,0.5180145800984288,0.10021843829776035,0.6182330183961892,dmp_10_r,spp_20_r,0.6206227228612795,0.11732136890840533,False,ccp_16 + dmp_10
VGlut-F-100002,dense,al_3,vmp_15,25351.0,22840.0,118473.0,145385.0,26912.0,0.185108505003955,0.21398124467178176,0.1927865420813181,0.4067677867530999,0.1743714963717027,0.15710011349176325,0.33147160986346597,al_3_r,vmp_15_r,0.21398124467178176,0.1927865420813181,False,al_3 + vmp_15
VGlut-F-100003,dense,al_3,ms_12,67453.0,19461.0,129175.0,163796.0,34621.0,0.21136657793841118,0.5221830849622605,0.15065608670408362,0.6728391716663441,0.4118110332364649,0.11881242521184888,0.5306234584483137,al_3_r,ms_12_r,0.4940584478420747,0.08829881943100445,False,al_3 + ms_12
VGlut-F-100035,dense,spp_20,dfp_5,23185.0,20343.0,102052.0,116353.0,14301.0,0.12291045353364331,0.2271881001842198,0.1993395523850586,0.4265276525692784,0.19926430775313056,0.17483863759421758,0.37410294534734817,spp_20_r,dfp_5_r,0.2271881001842198,0.16897268059420686,False,dfp_5 + spp_20
VGlut-F-100125,dense,vlp_21,dlp_23,105470.0,23953.0,163642.0,173564.0,9922.0,0.05716623262888618,0.6445166888696056,0.14637440265946394,0.7908910915290696,0.6076720979004863,0.13800672950611878,0.7456788274066051,vlp_21_r,dlp_23_r,0.6349653511934589,0.14637440265946394,False,dlp_23 + vlp_21
VGlut-F-200036,dense,vlp_21,dmp_10,61430.0,41595.0,133262.0,151001.0,17739.0,0.11747604320501188,0.4609716198166019,0.3121294892767631,0.7731011090933649,0.4068184978907424,0.27546175190892774,0.6822802497996702,vlp_21_r,dmp_10_r,0.4609716198166019,0.3121294892767631,False,dmp_10 + vlp_21
VGlut-F-200062,dense,dfp_5,dlp_23,104998.0,65775.0,214364.0,251787.0,37423.0,0.1486295956502917,0.4898117221175197,0.3068379018865108,0.7966496240040305,0.4170112039144197,0.2612327085989348,0.6782439125133546,dfp_5_r,dlp_23_r,0.4898117221175197,0.3068379018865108,False,dfp_5 + dlp_23
VGlut-F-200143,dense,dlp_23,idlp_24,80631.0,16910.0,119364.0,129205.0,9841.0,0.07616578305793119,0.6755051774404343,0.14166750444019974,0.8171726818806341,0.6240547966409968,0.13087728803064896,0.7549320846716459,dlp_23_r,idlp_24_r,0.6667253108139808,0.13043296136188465,False,dlp_23 + idlp_24
VGlut-F-200251,dense,dfp_5,mb_4,142403.0,22331.0,198265.0,226507.0,28242.0,0.1246848883257471,0.71824578216024,0.11263208332282551,0.8308778654830656,0.6286913870211517,0.09858856459182277,0.7272799516129744,dfp_5_r,dfp_5_l,0.44014324262981364,0.27810253953042646,True,dfp_5 + mb_4
VGlut-F-200319,dense,lh_25,dlp_23,57306.0,15167.0,84300.0,93538.0,9238.0,0.09876200047039706,0.6797864768683274,0.17991696322657177,0.8597034400948992,0.6126494045200881,0.16214800401975668,0.7747974085398448,lh_25_r,dlp_23_r,0.6797864768683274,0.17991696322657177,False,dlp_23 + lh_25
VGlut-F-200392,dense,vlp_21,lh_25,98924.0,21323.0,127103.0,135937.0,8834.0,0.06498598615535138,0.7782979158635123,0.1677615791916792,0.9460594950551915,0.7277194582784672,0.15685942752892884,0.8845788858073961,vlp_21_r,lh_25_r,0.7782979158635123,0.1677615791916792,False,lh_25 + vlp_21
VGlut-F-200459,dense,dlp_23,ccp_16,26633.0,10057.0,82159.0,94237.0,12078.0,0.12816621921326019,0.32416412079017515,0.12240898745116177,0.44657310824133695,0.2826172310239078,0.10672029033182295,0.38933752135573074,dlp_23_r,lh_25_r,0.32416412079017515,0.12115532078043793,False,ccp_16 + dlp_23
VGlut-F-300438,dense,dlp_23,lh_25,29153.0,17333.0,72772.0,80854.0,8082.0,0.0999579488955401,0.40060737646347494,0.23818226790523828,0.6387896443687132,0.3605634847997625,0.21437405694214262,0.5749375417419051,dlp_23_r,lh_25_r,0.40060737646347494,0.23818226790523828,False,dlp_23 + lh_25
VGlut-F-400049,dense,dfp_5,dlp_23,18045.0,12805.0,36593.0,42169.0,5576.0,0.13222983708411393,0.49312710081163064,0.34993031454103246,0.8430574153526631,0.4279209846095473,0.30365908605847897,0.7315800706680263,dfp_5_r,dlp_23_r,0.49312710081163064,0.34993031454103246,False,dfp_5 + dlp_23
VGlut-F-400184,dense,al_3,ms_12,33143.0,4342.0,39665.0,51749.0,12084.0,0.23351175868132718,0.8355729232320686,0.10946678431866885,0.9450397075507374,0.6404568204216506,0.08390500299522696,0.7243618234168776,al_3_r,al_3_l,0.7350056725072482,0.10056725072482037,True,al_3 + ms_12
VGlut-F-400186,dense,al_3,ms_12,66935.0,6843.0,75434.0,94949.0,19515.0,0.20553139053597194,0.8873319723201739,0.0907150621735557,0.9780470344937297,0.7049573981821821,0.07207026930246764,0.7770276674846497,al_3_r,al_3_l,0.7838507834663414,0.10348118885383249,True,al_3 + ms_12
VGlut-F-400334,dense,dfp_5,spp_20,38649.0,37999.0,134417.0,169527.0,35110.0,0.2071056527868717,0.2875305950884189,0.28269489722282154,0.5702254923112404,0.2279813834964342,0.22414718599397146,0.45212856949040564,dfp_5_r,spp_20_r,0.28649649969869884,0.28269489722282154,False,dfp_5 + spp_20
VGlut-F-400757,dense,al_3,ms_12,40279.0,5022.0,46239.0,56598.0,10359.0,0.18302766882221988,0.8711044789030905,0.10860961525984558,0.9797140941629361,0.7116682568288633,0.08873105056715785,0.800399307396021,al_3_r,ms_12_r,0.8443954237764657,0.10618741754795735,False,al_3 + ms_12
VGlut-F-400898,dense,al_3,ms_12,42235.0,2605.0,45762.0,54150.0,8388.0,0.15490304709141275,0.922927319610157,0.05692495957344522,0.9798522791836021,0.7799630655586334,0.04810710987996306,0.8280701754385965,al_3_r,al_3_l,0.8353218827848433,0.08760543682531358,True,al_3 + ms_12
VGlut-F-500002,dense,dfp_5,fspp_19,49106.0,10777.0,71209.0,85334.0,14125.0,0.16552605057772987,0.6896038422109565,0.151343229086211,0.8409470712971675,0.5754564417465489,0.1262919820938899,0.7017484238404388,dfp_5_r,fspp_19_r,0.6896038422109565,0.151343229086211,False,dfp_5 + fspp_19
VGlut-F-500335,dense,al_3,ms_12,46559.0,5590.0,53179.0,63392.0,10213.0,0.16110865724381626,0.8755147708681998,0.10511668139679196,0.9806314522649918,0.7344617617364967,0.08818147400302877,0.8226432357395255,al_3_r,ms_12_r,0.7862502115496719,0.10511668139679196,False,al_3 + ms_12
VGlut-F-500876,dense,al_3,ms_12,30441.0,1878.0,32757.0,39230.0,6473.0,0.1650012745347948,0.9292975547211283,0.057331257441157614,0.9866288121622859,0.7759622737700739,0.04787152689268417,0.8238338006627581,al_3_r,ms_12_r,0.900906676435571,0.057331257441157614,False,al_3 + ms_12
VGlut-F-600204,dense,lob_27,vlp_21,65299.0,20480.0,136149.0,156810.0,20661.0,0.1317581786875837,0.4796142461567841,0.15042343315044546,0.6300376793072295,0.4164211466105478,0.13060391556660927,0.5470250621771571,lob_27_r,vlp_21_r,0.4796142461567841,0.15042343315044546,False,lob_27 + vlp_21
VGlut-F-700261,dense,vlp_21,dmp_10,96900.0,25823.0,172003.0,196279.0,24276.0,0.12368108661649999,0.5633622669372046,0.15013110236449365,0.7134933693016983,0.4936850096036764,0.13156272448912007,0.6252477340927964,vlp_21_r,dmp_10_r,0.5633622669372046,0.15013110236449365,False,dmp_10 + vlp_21
VGlut-F-700541,dense,al_3,ms_12,35817.0,7485.0,44322.0,52552.0,8230.0,0.1566067894656721,0.8081088398537972,0.16887775822390685,0.976986598077704,0.6815535089054651,0.1424303546963008,0.8239838636017659,al_3_r,ms_12_r,0.728757727539371,0.1564008844366229,False,al_3 + ms_12
VGlut-F-800130,dense,al_3,ms_12,65724.0,10329.0,76836.0,89982.0,13146.0,0.14609588584383543,0.8553802904888334,0.13442917382476963,0.989809464313603,0.73041274921651,0.11478962459158498,0.8452023738080949,al_3_r,ms_12_r,0.8553802904888334,0.13442917382476963,False,al_3 + ms_12
fru-F-000094,dense,dfp_5,dlp_23,52052.0,11841.0,79024.0,87154.0,8130.0,0.09328315395736284,0.6586859688195991,0.1498405547681717,0.8085265235877708,0.5972416641806457,0.13586295522867567,0.7331046194093215,dfp_5_r,dlp_23_r,0.5966035634743875,0.1498405547681717,False,dfp_5 + dlp_23
fru-F-000131,dense,dlp_23,dfp_5,35138.0,11498.0,65576.0,79514.0,13938.0,0.17528988605780113,0.5358362815664267,0.17533853848969136,0.7111748200561181,0.44190960082501196,0.14460346605629198,0.5865130668813039,dlp_23_r,fspp_19_r,0.5358362815664267,0.13143528120043918,False,dfp_5 + dlp_23
fru-M-000335,dense,dfp_5,mb_4,34123.0,8027.0,54485.0,72923.0,18438.0,0.2528420388629102,0.6262824630632284,0.14732495182160227,0.7736074148848306,0.4679319281982365,0.11007501062764834,0.5780069388258848,dfp_5_r,mb_4_r,0.6262824630632284,0.14732495182160227,False,dfp_5 + mb_4
fru-M-000339,dense,fb_6,dfp_5,22043.0,21236.0,45328.0,50663.0,5335.0,0.10530367329214614,0.48629985880691845,0.4684962936816096,0.9547961524885281,0.4350906973530979,0.41916191303318,0.854252610386278,dfp_5_r,fb_6_r,0.4684962936816096,0.2683771620190611,False,dfp_5 + fb_6
fru-M-300299,dense,dfp_5,fb_6,18506.0,14233.0,53799.0,89764.0,35965.0,0.4006617352167907,0.34398408892358595,0.2645588207959256,0.6085429097195115,0.20616282696849517,0.15856022458892205,0.36472305155741724,dfp_5_r,ms_12_r,0.34398408892358595,0.16793992453391327,False,dfp_5 + fb_6
npf-M-300037,dense,dfp_5,dlp_23,77194.0,5862.0,93149.0,141608.0,48459.0,0.34220524264165864,0.828715284114698,0.06293143243620436,0.8916467165509023,0.5451245692333766,0.0413959663295859,0.5865205355629626,dfp_5_r,dfp_5_l,0.7049458394615079,0.12376944465319005,True,dfp_5 + dlp_23
Cha-F-000009,projection,mb_4,dfp_5,43935.0,6425.0,53597.0,64218.0,10621.0,0.16538976610919057,0.8197287161594865,0.11987611246898147,0.9396048286284681,0.684153975520882,0.1000498302656576,0.7842038057865396,mb_4_r,mb_4_l,0.5074351176371812,0.31229359852230537,True,dfp_5 + mb_4
Cha-F-400112,projection,dfp_5,mb_4,11942.0,11153.0,23097.0,27446.0,4349.0,0.15845660569846243,0.5170368446118544,0.482876564055938,0.9999134086677923,0.43510894119361654,0.4063615827442979,0.8414705239379144,dfp_5_r,mb_4_r,0.5164307052864008,0.33108195869593454,False,dfp_5 + mb_4
Cha-F-400201,projection,mb_4,dfp_5,9082.0,6757.0,19931.0,30246.0,10315.0,0.3410368313165377,0.45567206863679693,0.3390196176809995,0.7946916863177964,0.30027111022945185,0.22340144151292732,0.5236725517423791,mb_4_r,dfp_5_r,0.3806632883447895,0.33400230796247055,False,dfp_5 + mb_4
Cha-F-800086,projection,mb_4,dfp_5,9708.0,8241.0,25269.0,33654.0,8385.0,0.2491531467284721,0.38418615695120506,0.32613083224504336,0.7103169891962484,0.2884649670172936,0.24487430914601532,0.533339276163309,mb_4_r,dfp_5_r,0.37065178677430843,0.2979144406189402,False,dfp_5 + mb_4
E0585-F-200015,projection,dfp_5,mb_4,11562.0,9657.0,27923.0,34557.0,6634.0,0.19197268281390167,0.4140672563836264,0.3458439279447051,0.7599111843283315,0.33457765431027,0.27945134126226234,0.6140289955725323,dfp_5_r,mb_4_r,0.39032338932063176,0.3348135945278086,False,dfp_5 + mb_4
E0585-F-300042,projection,dfp_5,mb_4,11646.0,8925.0,27653.0,34858.0,7205.0,0.206695736990074,0.4211477958991791,0.3227497920659603,0.7438975879651394,0.334098341844053,0.2560387859314935,0.5901371277755465,dfp_5_r,mb_4_r,0.4194843235815282,0.30546414493906626,False,dfp_5 + mb_4
G0239-F-000001,projection,mb_4,dfp_5,11323.0,10953.0,26978.0,32877.0,5899.0,0.17942634668613316,0.4197123582178071,0.40599747942768183,0.8257098376454889,0.3444049031237643,0.3331508349301944,0.6775557380539587,mb_4_r,dfp_5_r,0.4197123582178071,0.40599747942768183,False,dfp_5 + mb_4
G0239-F-000003,projection,dfp_5,mb_4,11300.0,9498.0,25008.0,32602.0,7594.0,0.23293049506165267,0.4518554062699936,0.3797984644913628,0.8316538707613563,0.3466045027912398,0.29133182013373415,0.6379363229249739,dfp_5_r,mb_4_r,0.4518554062699936,0.3797984644913628,False,dfp_5 + mb_4
G0239-F-000005,projection,mb_4,dfp_5,10305.0,10279.0,24465.0,31375.0,6910.0,0.2202390438247012,0.4212139791538933,0.4201512364602493,0.8413652156141427,0.3284462151394422,0.3276175298804781,0.6560637450199203,mb_4_r,dfp_5_r,0.4212139791538933,0.4201512364602493,False,dfp_5 + mb_4
G0239-F-000007,projection,mb_4,dfp_5,9381.0,7812.0,21325.0,31083.0,9758.0,0.3139336614869865,0.43990621336459557,0.3663305978898007,0.8062368112543963,0.3018048450921726,0.2513270919795387,0.5531319370717113,mb_4_r,dfp_5_r,0.43990621336459557,0.3663305978898007,False,dfp_5 + mb_4
G0239-F-000008,projection,mb_4,dfp_5,12689.0,10345.0,29123.0,36945.0,7822.0,0.21172012450940586,0.43570373931257084,0.3552175256669986,0.7909212649795694,0.3434564893760996,0.28001082690485857,0.6234673162809582,mb_4_r,dfp_5_r,0.43570373931257084,0.3552175256669986,False,dfp_5 + mb_4
G0239-F-000009,projection,mb_4,dfp_5,9215.0,9125.0,24296.0,31556.0,7260.0,0.23006718215236405,0.37928054000658545,0.375576226539348,0.7548567665459335,0.29202053492204333,0.2891684624160223,0.5811889973380656,mb_4_r,dfp_5_r,0.37928054000658545,0.375576226539348,False,dfp_5 + mb_4
G0239-F-000011,projection,dfp_5,mb_4,11664.0,10573.0,27910.0,32446.0,4536.0,0.1398015163656537,0.41791472590469364,0.3788247939806521,0.7967395198853457,0.35948961351168096,0.3258645133452506,0.6853541268569315,dfp_5_l,mb_4_l,0.41791472590469364,0.3788247939806521,False,dfp_5 + mb_4
G0239-F-000012,projection,mb_4,dfp_5,12058.0,9351.0,27878.0,35452.0,7574.0,0.21364097935236376,0.43252744099289764,0.3354257837721501,0.7679532247650477,0.34012185490240326,0.26376509082703375,0.603886945729437,mb_4_r,dfp_5_r,0.43252744099289764,0.3354257837721501,False,dfp_5 + mb_4
G0239-F-000013,projection,mb_4,dfp_5,11840.0,10609.0,25845.0,35102.0,9257.0,0.26371716711298504,0.4581156896885278,0.4104855871541884,0.8686012768427162,0.3373027177938579,0.30223349096917557,0.6395362087630334,mb_4_r,dfp_5_r,0.4581156896885278,0.4104855871541884,False,dfp_5 + mb_4
Gad1-F-001409,projection,mb_4,dfp_5,990.0,521.0,1959.0,7192.0,5233.0,0.7276140155728588,0.5053598774885145,0.2659520163348647,0.7713118938233793,0.13765294771968856,0.07244160177975528,0.21009454949944384,mb_4_r,dfp_5_r,0.5053598774885145,0.2659520163348647,False,dfp_5 + mb_4
Gad1-F-101173,projection,mb_4,eb_8,14008.0,12125.0,33501.0,39751.0,6250.0,0.15722874896229025,0.4181367720366556,0.361929494641951,0.7800662666786066,0.3523936504742019,0.3050237729868431,0.657417423461045,mb_4_r,eb_8_r,0.4181367720366556,0.1936061610101191,False,eb_8 + mb_4
Gad1-F-200227,projection,dfp_5,mb_4,12166.0,9814.0,22459.0,25187.0,2728.0,0.10830984237900504,0.5416982056191282,0.4369740415868917,0.9786722472060199,0.48302695835153053,0.38964545201889866,0.8726724103704292,dfp_5_r,mb_4_r,0.5416982056191282,0.32450242664410706,False,dfp_5 + mb_4
Gad1-F-300153,projection,mb_4,dfp_5,7419.0,4461.0,12340.0,13911.0,1571.0,0.11293221191862554,0.6012155591572124,0.36150729335494325,0.9627228525121556,0.533318956221695,0.32068147509165407,0.8540004313133491,mb_4_r,dfp_5_r,0.5333063209076175,0.35834683954619123,False,dfp_5 + mb_4
Gad1-F-300154,projection,dfp_5,mb_4,8138.0,5057.0,15300.0,18945.0,3645.0,0.19239904988123516,0.5318954248366013,0.33052287581699347,0.8624183006535948,0.4295592504618633,0.26693058854579044,0.6964898390076537,dfp_5_r,mb_4_r,0.5318954248366013,0.33052287581699347,False,dfp_5 + mb_4
Gad1-F-300275,projection,dfp_5,mb_4,8311.0,6446.0,14765.0,20914.0,6149.0,0.2940135794204839,0.5628852014900102,0.4365729766339316,0.9994581781239418,0.39738930859711197,0.3082145930955341,0.7056039016926461,dfp_5_r,mb_4_r,0.5628852014900102,0.3457500846596681,False,dfp_5 + mb_4
Gad1-F-300309,projection,mb_4,dfp_5,7825.0,6771.0,17867.0,24434.0,6567.0,0.26876483588442335,0.4379582470476297,0.37896681032070295,0.8169250573683327,0.32025047065564377,0.2771138577392159,0.5973643283948596,dfp_5_r,mb_4_r,0.3598813454972855,0.3252364694688532,False,dfp_5 + mb_4
Gad1-F-301525,projection,mb_4,dlp_23,10388.0,5662.0,23760.0,33564.0,9804.0,0.29209867715409366,0.4372053872053872,0.2382996632996633,0.6755050505050505,0.3094982719580503,0.16869264688356572,0.478190918841616,mb_4_r,dlp_23_r,0.30812289562289563,0.2382996632996633,False,dlp_23 + mb_4
Gad1-F-301704,projection,mb_4,eb_8,56203.0,9799.0,81326.0,102942.0,21616.0,0.20998232014143886,0.6910828025477707,0.12049037208272877,0.8115731746304995,0.545967632258942,0.09518952419809212,0.6411571564570341,mb_4_r,mb_4_l,0.397621916730197,0.29346088581757374,True,eb_8 + mb_4
Gad1-F-400259,projection,dfp_5,mb_4,14250.0,8135.0,30600.0,37675.0,7075.0,0.18779031187790313,0.46568627450980393,0.2658496732026144,0.7315359477124183,0.37823490378234903,0.2159256801592568,0.5941605839416059,dfp_5_r,mb_4_r,0.46372549019607845,0.25333333333333335,False,dfp_5 + mb_4
Gad1-F-400718,projection,dfp_5,mb_4,22400.0,15436.0,38357.0,47593.0,9236.0,0.19406215199714244,0.5839872774200277,0.4024298042078369,0.9864170816278646,0.4706574496249448,0.32433341037547536,0.7949908600004202,dfp_5_r,mb_4_r,0.5839872774200277,0.3243736475741064,False,dfp_5 + mb_4
Gad1-F-400957,projection,mb_4,eb_8,9231.0,5849.0,17227.0,27239.0,10012.0,0.36756121737215025,0.5358448946421316,0.33952516398676497,0.8753700586288965,0.3388890928448181,0.2147288813833107,0.5536179742281288,mb_4_r,eb_8_l,0.4971846519997678,0.20810355836767863,False,eb_8 + mb_4
Gad1-F-402516,projection,dfp_5,mb_4,12398.0,12163.0,27408.0,40071.0,12663.0,0.3160140750168451,0.4523496789258611,0.4437755399883246,0.8961252189141856,0.30940081355593824,0.30353622320381324,0.6129370367597514,dfp_5_r,mb_4_r,0.4483727378867484,0.3570855224751897,False,dfp_5 + mb_4
Gad1-F-500136,projection,mb_4,dfp_5,7547.0,6118.0,14168.0,17851.0,3683.0,0.20631897372696206,0.5326792772444946,0.4318181818181818,0.9644974590626765,0.4227774354377906,0.34272589770881184,0.7655033331466025,mb_4_r,dfp_5_r,0.43598249576510445,0.4318181818181818,False,dfp_5 + mb_4
Gad1-F-500365,projection,dfp_5,mb_4,20310.0,6168.0,27662.0,35360.0,7698.0,0.21770361990950227,0.7342202299182995,0.22297736967681295,0.9571975995951124,0.5743778280542986,0.17443438914027148,0.7488122171945701,dfp_5_r,mb_4_r,0.7342202299182995,0.22297736967681295,False,dfp_5 + mb_4
Gad1-F-500524,projection,mb_4,dfp_5,11037.0,5144.0,20738.0,32663.0,11925.0,0.36509200012246273,0.5322113993634873,0.24804706336194426,0.7802584627254315,0.33790527508189694,0.1574870648746288,0.4953923399565257,mb_4_r,dfp_5_r,0.4130099334554923,0.24742019481145722,False,dfp_5 + mb_4
Gad1-F-500559,projection,dfp_5,mb_4,14583.0,13416.0,29873.0,43005.0,13132.0,0.3053598418788513,0.48816657182070766,0.44910119505908347,0.9372677668797911,0.3391001046389955,0.31196372514823856,0.6510638297872341,dfp_5_r,mb_4_r,0.48816657182070766,0.30057242325846084,False,dfp_5 + mb_4
Gad1-F-502126,projection,dfp_5,mb_4,20850.0,15712.0,36977.0,48007.0,11030.0,0.2297581602682942,0.5638640235822268,0.42491278362225166,0.9887768072044785,0.4343116628824963,0.32728560418272334,0.7615972670652197,dfp_5_r,mb_4_r,0.5147794575006085,0.3945966411553128,False,dfp_5 + mb_4
Gad1-F-600109,projection,mb_4,dfp_5,6196.0,3035.0,11694.0,18734.0,7040.0,0.37578733852887797,0.5298443646314349,0.2595348041730802,0.7893791688045151,0.33073556101206364,0.16200491085726487,0.4927404718693285,mb_4_r,dfp_5_r,0.46647853600136824,0.25149649392851037,False,dfp_5 + mb_4
Gad1-F-600115,projection,dfp_5,mb_4,5777.0,5353.0,11356.0,15018.0,3662.0,0.24384072446397656,0.5087178584008454,0.4713807678760127,0.9800986262768581,0.3846717272606206,0.35643893993874015,0.7411106671993608,dfp_5_r,mb_4_r,0.5087178584008454,0.36324410003522367,False,dfp_5 + mb_4
Gad1-F-600345,projection,dfp_5,mb_4,5577.0,5031.0,10608.0,17071.0,6463.0,0.37859527854255753,0.5257352941176471,0.4742647058823529,1.0,0.32669439400152306,0.2947103274559194,0.6214047214574424,dfp_5_r,mb_4_r,0.5257352941176471,0.39281674208144796,False,dfp_5 + mb_4
Gad1-F-601324,projection,mb_4,cal_18,6706.0,6177.0,14089.0,18844.0,4755.0,0.2523349607302059,0.47597416424160693,0.4384271417417844,0.9144013059833913,0.3558692421991085,0.3277966461473148,0.6836658883464233,mb_4_r,cal_18_r,0.47597416424160693,0.4384271417417844,False,cal_18 + mb_4
Gad1-F-700131,projection,dfp_5,mb_4,14317.0,3368.0,20459.0,26394.0,5935.0,0.22486171099492308,0.6997898235495381,0.16462192678039006,0.8644117503299281,0.5424338864893536,0.12760475865727058,0.6700386451466243,dfp_5_r,mb_4_r,0.6997898235495381,0.16462192678039006,False,dfp_5 + mb_4
Gad1-F-800094,projection,mb_4,dfp_5,6425.0,3688.0,10259.0,13519.0,3260.0,0.24114209630889857,0.6262793644604737,0.35948922896968516,0.9857685934301589,0.47525704563947035,0.27280124269546563,0.748058288334936,mb_4_r,dfp_5_r,0.5419631543035384,0.3593917535822205,False,dfp_5 + mb_4
Gad1-F-900001,projection,dfp_5,mb_4,9837.0,6446.0,16290.0,18698.0,2408.0,0.12878382714728848,0.6038674033149172,0.3957028852056476,0.9995702885205647,0.5260990480265268,0.3447427532356402,0.870841801262167,dfp_5_r,mb_4_r,0.596439533456108,0.32130141190914674,False,dfp_5 + mb_4
Gad1-F-900194,projection,mb_4,dfp_5,10723.0,4386.0,16570.0,20012.0,3442.0,0.1719968019188487,0.6471333735666868,0.26469523234761616,0.9118286059143029,0.535828502898261,0.2191684989006596,0.7549970017989206,mb_4_r,dfp_5_r,0.5904646952323476,0.2568497284248642,False,dfp_5 + mb_4
TH-F-000101,projection,dfp_5,mb_4,53397.0,31232.0,112883.0,139036.0,26153.0,0.1881023619781927,0.4730295970163798,0.27667585021659596,0.7497054472329757,0.3840516125320061,0.2246324692885296,0.6086840818205357,dfp_5_r,mb_4_r,0.4364076078771826,0.17426893332034052,False,dfp_5 + mb_4
TH-F-200030,projection,dfp_5,spp_20,53386.0,1771.0,59518.0,63419.0,3901.0,0.061511534398208736,0.8969723445008233,0.029755704156725696,0.926728048657549,0.841798199277819,0.02792538513694634,0.8697235844147653,dfp_5_l,dfp_5_r,0.7513357303672838,0.14563661413353943,True,dfp_5 + spp_20
TH-F-200033,projection,dfp_5,mb_4,61445.0,25356.0,124789.0,145512.0,20723.0,0.1424143713233273,0.49239115627178676,0.2031909863850179,0.6955821426568047,0.42226757930617403,0.17425366980042883,0.5965212491066029,dfp_5_r,mb_4_r,0.42721714253660176,0.12876134915737766,False,dfp_5 + mb_4
TH-F-300020,projection,dfp_5,idlp_24,94531.0,4512.0,106688.0,124384.0,17696.0,0.14226910213532287,0.8860509148170366,0.04229154169166167,0.9283424565086983,0.7599932467198354,0.03627476202727039,0.7962680087471057,dfp_5_l,dfp_5_r,0.7231366226754649,0.1629142921415717,True,dfp_5 + idlp_24
TH-F-300073,projection,dfp_5,idlp_24,89549.0,8518.0,113043.0,129568.0,16525.0,0.1275392072116572,0.7921675822474633,0.07535185725785763,0.867519439505321,0.6911351568288466,0.06574154112126451,0.7568766979501111,dfp_5_l,dfp_5_r,0.6386242403333244,0.15354334191413888,True,dfp_5 + idlp_24
TH-F-700001,projection,dfp_5,mb_4,20276.0,18210.0,40741.0,49665.0,8924.0,0.1796838820094634,0.49768046930610443,0.44696988291892686,0.9446503522250312,0.408255310580892,0.36665659921473875,0.7749119097956307,dfp_5_r,mb_4_r,0.49768046930610443,0.31697798286738177,False,dfp_5 + mb_4
TH-F-700004,projection,dfp_5,mb_4,29035.0,21581.0,52463.0,68868.0,16405.0,0.23820932798977754,0.5534376608276309,0.41135657511007756,0.9647942359377085,0.4216036475576465,0.31336760178892953,0.7349712493465761,dfp_5_r,mb_4_r,0.5534376608276309,0.32621085336332273,False,dfp_5 + mb_4
TH-F-700016,projection,dfp_5,mb_4,26716.0,20353.0,47494.0,54382.0,6888.0,0.1266595564708911,0.5625131595569967,0.4285383416852655,0.9910515012422622,0.4912654922584679,0.3742598653966386,0.8655253576551065,dfp_5_r,mb_4_r,0.5625131595569967,0.3411378279361604,False,dfp_5 + mb_4
TH-F-700022,projection,dfp_5,mb_4,20404.0,18291.0,43866.0,62468.0,18602.0,0.297784465646411,0.46514384717092966,0.4169744221036794,0.882118269274609,0.32663123519241855,0.2928059166293142,0.6194371518217328,dfp_5_r,mb_4_r,0.46514384717092966,0.30025532302922536,False,dfp_5 + mb_4
TH-M-300021,projection,dfp_5,mb_4,45453.0,21816.0,86850.0,112087.0,25237.0,0.2251554595983477,0.5233506044905009,0.2511917098445596,0.7745423143350605,0.405515358605369,0.19463452496721298,0.600149883572582,dfp_5_r,mb_4_r,0.4913874496257916,0.16419113413932065,False,dfp_5 + mb_4
TH-M-500003,projection,mb_4,dfp_5,10107.0,8234.0,20254.0,29275.0,9021.0,0.3081468830059778,0.4990125407326948,0.4065369803495606,0.9055495210822554,0.34524338172502134,0.28126387702818106,0.6265072587532023,dfp_5_r,mb_4_r,0.3780487804878049,0.35479411474276684,False,dfp_5 + mb_4
TH-M-600002,projection,dfp_5,mb_4,18913.0,14576.0,33555.0,37292.0,3737.0,0.10020916014158533,0.5636417821487111,0.43439129786917,0.998033080017881,0.5071597125388824,0.3908613107368873,0.8980210232757696,dfp_5_r,mb_4_r,0.5636417821487111,0.3608106094471763,False,dfp_5 + mb_4
TH-M-600003,projection,mb_4,dfp_5,11901.0,9722.0,21665.0,25592.0,3927.0,0.1534463894967177,0.5493191783983383,0.448742210939303,0.9980613893376413,0.46502813379180996,0.37988433885589246,0.8449124726477024,dfp_5_r,mb_4_r,0.448742210939303,0.44435725825063466,False,dfp_5 + mb_4
TH-M-700002,projection,mb_4,dfp_5,11217.0,10342.0,23153.0,31513.0,8360.0,0.26528734173198365,0.48447285448969896,0.4466807757094113,0.9311536301991102,0.3559483387808206,0.3281820201186812,0.6841303588995018,dfp_5_r,mb_4_r,0.4448667559279575,0.3440590852157388,False,dfp_5 + mb_4
TH-M-700013,projection,dfp_5,mb_4,26665.0,17736.0,44432.0,50720.0,6288.0,0.12397476340694007,0.6001305365502341,0.3991717680950666,0.9993023046453007,0.5257294952681388,0.3496845425867508,0.8754140378548896,dfp_5_r,mb_4_r,0.5997029168167087,0.31535830032409073,False,dfp_5 + mb_4
TH-M-700017,projection,mb_4,dfp_5,11888.0,11778.0,24729.0,35973.0,11244.0,0.31256775915269785,0.4807311253993287,0.47628290670872253,0.9570140321080512,0.330470074778306,0.3274122258360437,0.6578823006143496,dfp_5_r,mb_4_r,0.44821869060617087,0.33030045695337457,False,dfp_5 + mb_4
Trh-M-000099,projection,mb_4,dfp_5,54102.0,15337.0,70132.0,85636.0,15504.0,0.18104535475734504,0.7714310157987795,0.21868761763531627,0.9901186334340957,0.6317670138726704,0.1790952403194918,0.8108622541921622,mb_4_r,mb_4_l,0.565419494667199,0.20601152113158044,True,dfp_5 + mb_4
Trh-M-800009,projection,mb_4,dfp_5,48499.0,3485.0,52672.0,62311.0,9639.0,0.15469178796681163,0.9207738456865128,0.06616418590522478,0.9869380315917375,0.778337693184189,0.055929129688177044,0.8342668228723661,mb_4_l,mb_4_r,0.5530452612393681,0.36772858444714457,True,dfp_5 + mb_4
VGlut-F-200594,projection,mb_4,dfp_5,37234.0,35233.0,76449.0,92148.0,15699.0,0.17036723531709858,0.4870436500150427,0.46086933772842026,0.947912987743463,0.40406736988323133,0.3823523028172071,0.7864196727004384,mb_4_r,dfp_5_r,0.37557064186581907,0.31851299559183244,False,dfp_5 + mb_4
VGlut-F-300680,projection,eb_8,mb_4,4827.0,4655.0,12172.0,17155.0,4983.0,0.2904692509472457,0.39656588892540257,0.38243509694380545,0.7790009858692081,0.28137569221801223,0.271349460798601,0.5527251530166132,mb_4_r,eb_8_r,0.38243509694380545,0.21639829116003945,False,eb_8 + mb_4
VGlut-F-800070,projection,dfp_5,mb_4,9826.0,8497.0,24767.0,35015.0,10248.0,0.2926745680422676,0.39673759437961803,0.34307748213348405,0.7398150765131021,0.28062259031843495,0.24266742824503784,0.5232900185634728,mb_4_r,dfp_5_r,0.3291072798481851,0.29870392053942746,False,dfp_5 + mb_4
VT16811-F-700000,projection,mb_4,ms_12,46027.0,4528.0,56641.0,64841.0,8200.0,0.12646319458367392,0.8126092406560619,0.0799420914178775,0.8925513320739393,0.7098440801344829,0.06983235915547262,0.7796764392899554,mb_4_r,mb_4_l,0.5528504087145354,0.25975883194152644,True,mb_4 + ms_12
VT38815-F-700000,projection,mb_4,ms_12,33215.0,10946.0,49650.0,56485.0,6835.0,0.12100557670177924,0.668982880161128,0.22046324269889225,0.8894461228600201,0.5880322209436134,0.19378596087456848,0.7818181818181819,mb_4_r,ms_12_r,0.6687009063444109,0.17816717019133937,False,mb_4 + ms_12
VT38815-F-700001,projection,mb_4,dfp_5,50946.0,9892.0,61897.0,77112.0,15215.0,0.19731040564373897,0.8230770473528604,0.15981388435626928,0.9828909317091297,0.6606753812636166,0.1282809420064322,0.7889563232700487,mb_4_r,dfp_5_r,0.8120425868782009,0.15834370001777145,False,dfp_5 + mb_4
VT43401-F-700002,projection,lh_25,mb_4,44964.0,19960.0,89484.0,117401.0,27917.0,0.23779184163678332,0.5024808904385142,0.22305663582316393,0.7255375262616781,0.3829950341138491,0.17001558760146848,0.5530106217153176,lh_25_r,mb_4_l,0.46992758481963254,0.18326181216753834,False,lh_25 + mb_4
VT50245-F-700000,projection,mb_4,dfp_5,19349.0,5063.0,30364.0,39419.0,9055.0,0.2297115604150283,0.6372348834145699,0.16674351205374785,0.8039783954683177,0.49085466399452043,0.12844059971079935,0.6192952637053197,mb_4_l,dfp_5_l,0.6372348834145699,0.16674351205374785,False,dfp_5 + mb_4
VT50245-F-700001,projection,mb_4,dfp_5,32270.0,28250.0,62958.0,71779.0,8821.0,0.12289109628164226,0.5125639315098954,0.4487118396391245,0.96127577114902,0.44957438805221583,0.39356914975132,0.8431435378035359,mb_4_r,dfp_5_r,0.5125639315098954,0.4487118396391245,False,dfp_5 + mb_4
VT50733-F-700000,projection,mb_4,dfp_5,71069.0,45980.0,134936.0,149667.0,14731.0,0.09842517054527718,0.5266867255587834,0.3407541352937689,0.8674408608525523,0.47484749477172655,0.3072153514134712,0.7820628461851978,mb_4_l,dfp_5_l,0.35886642556471215,0.33718948242129604,False,dfp_5 + mb_4
VT58722-F-700000,projection,mb_4,sog_1,29666.0,27044.0,92758.0,123965.0,31207.0,0.25174041059976604,0.31982147092434077,0.29155436727829404,0.6113758382026349,0.23930948251522607,0.21815835114750132,0.45746783366272736,mb_4_r,sog_1_r,0.2778951680717566,0.22075723926777205,False,mb_4 + sog_1
VT5948-F-700000,projection,mb_4,dfp_5,65949.0,7082.0,78889.0,92325.0,13436.0,0.14552937990793394,0.8359720620111802,0.08977170454689501,0.9257437665580752,0.7143135662063363,0.07670728405090713,0.7910208502572434,mb_4_r,dfp_5_r,0.8049411198012397,0.08977170454689501,False,dfp_5 + mb_4
VT5948-F-700001,projection,mb_4,dfp_5,57962.0,7768.0,74718.0,90657.0,15939.0,0.17581653926337734,0.7757434620841029,0.10396423887149013,0.879707700955593,0.639354931224285,0.08568560618595365,0.7250405374102386,mb_4_r,dfp_5_r,0.7482266655959742,0.10396423887149013,False,dfp_5 + mb_4
fru-F-200052,projection,mb_4,dfp_5,7946.0,7788.0,17275.0,21134.0,3859.0,0.18259676350903756,0.4599710564399421,0.4508248914616498,0.9107959479015919,0.3759818302261758,0.3685057253714394,0.7444875555976153,dfp_5_r,mb_4_r,0.44862518089725034,0.3842547033285094,False,dfp_5 + mb_4
fru-F-400010,projection,mb_4,dfp_5,12608.0,7660.0,20788.0,28611.0,7823.0,0.2734263045681731,0.6065037521647104,0.36848181643255723,0.9749855685972677,0.4406696725035825,0.2677291950648352,0.7083988675684177,mb_4_r,dfp_5_r,0.4480950548393304,0.3679045603232634,False,dfp_5 + mb_4
fru-F-400071,projection,mb_4,ms_12,7138.0,4465.0,13929.0,19940.0,6011.0,0.3014543630892678,0.5124560269940412,0.32055423935673777,0.8330102663507789,0.3579739217652959,0.22392176529588767,0.5818956870611836,mb_4_r,ms_12_r,0.36075813051906097,0.32055423935673777,False,mb_4 + ms_12
fru-F-400141,projection,mb_4,dfp_5,9937.0,7335.0,18014.0,23365.0,5351.0,0.22901776160924459,0.5516265127123349,0.4071833018763184,0.9588098145886532,0.4252942435266424,0.31393109351594267,0.7392253370425851,mb_4_r,dfp_5_r,0.46796935716664817,0.40246474963916956,False,dfp_5 + mb_4
fru-F-400196,projection,mb_4,dfp_5,7184.0,5410.0,13271.0,19573.0,6302.0,0.3219741480611046,0.5413307211212418,0.4076557908220933,0.948986511943335,0.3670362233689266,0.27640116486997396,0.6434373882389005,mb_4_r,dfp_5_r,0.4675608469595358,0.4076557908220933,False,dfp_5 + mb_4
fru-F-400214,projection,mb_4,ms_12,7208.0,4860.0,14984.0,21890.0,6906.0,0.3154865235267245,0.4810464495461826,0.3243459690336359,0.8053924185798185,0.32928277752398355,0.22201918684330746,0.551301964367291,mb_4_r,ms_12_r,0.32688200747463964,0.3243459690336359,False,mb_4 + ms_12
fru-F-400229,projection,mb_4,dfp_5,8578.0,6215.0,19936.0,26908.0,6972.0,0.259105098855359,0.430276886035313,0.3117475922953451,0.7420244783306581,0.3187899509439572,0.23097220157573956,0.5497621525196967,mb_4_r,dfp_5_r,0.31866974317817015,0.3117475922953451,False,dfp_5 + mb_4
fru-F-400338,projection,dfp_5,mb_4,14392.0,12577.0,29402.0,36115.0,6713.0,0.18587844385989202,0.48949051084960205,0.42776001632542004,0.9172505271750221,0.39850477640869447,0.348248650145369,0.7467534265540634,dfp_5_r,mb_4_r,0.48364056866879807,0.36711788313720156,False,dfp_5 + mb_4
fru-F-400437,projection,mb_4,dfp_5,7773.0,3708.0,12791.0,19130.0,6339.0,0.3313643491897543,0.6076929090766946,0.2898913298412947,0.8975842389179892,0.4063251437532671,0.19383167799268164,0.6001568217459488,mb_4_r,dfp_5_r,0.522320381518255,0.28582597138613086,False,dfp_5 + mb_4
fru-F-400475,projection,mb_4,dfp_5,9304.0,9183.0,18937.0,24697.0,5760.0,0.23322670769729117,0.49131330200137296,0.48492369435496646,0.9762369963563394,0.37672591812770784,0.37182653763615015,0.748552455763858,dfp_5_r,mb_4_r,0.46089665733748747,0.4406717009029941,False,dfp_5 + mb_4
fru-F-500083,projection,dfp_5,mb_4,17953.0,12603.0,30556.0,48224.0,17668.0,0.3663735899137359,0.5875441811755465,0.4124558188244535,1.0,0.37228351028533513,0.261342899800929,0.6336264100862641,dfp_5_r,mb_4_r,0.5839442335384213,0.31659903128681766,False,dfp_5 + mb_4
fru-F-500115,projection,mb_4,dfp_5,13195.0,6007.0,25434.0,36573.0,11139.0,0.3045689443031745,0.5187937406621058,0.23617991664700794,0.7549736573091138,0.3607852787575534,0.164246848768217,0.5250321275257703,mb_4_r,ms_12_r,0.39195564991743337,0.22320515844931982,False,dfp_5 + mb_4
fru-F-500297,projection,mb_4,dfp_5,7570.0,6173.0,14479.0,18597.0,4118.0,0.22143356455342258,0.5228261620277643,0.42634159817666967,0.949167760204434,0.40705490132817124,0.3319352583750067,0.7389901597031779,mb_4_r,dfp_5_r,0.49305891290835,0.4174321431038055,False,dfp_5 + mb_4
fru-F-500435,projection,mb_4,dfp_5,8899.0,4361.0,16937.0,24001.0,7064.0,0.2943210699554185,0.5254177245084726,0.25748361575249457,0.7829013402609671,0.3707762176575976,0.1817007624682305,0.5524769801258281,mb_4_r,dfp_5_r,0.4419909074806636,0.2557123457519041,False,dfp_5 + mb_4
fru-F-500584,projection,mb_4,dfp_5,8233.0,3981.0,15869.0,22361.0,6492.0,0.29032690845668796,0.5188102589955259,0.25086646921671185,0.7696767282122376,0.36818568042574124,0.178033182773579,0.5462188631993202,mb_4_r,dfp_5_r,0.3659335811960426,0.24859789526750267,False,dfp_5 + mb_4
fru-F-600168,projection,dfp_5,mb_4,15722.0,11569.0,27291.0,32932.0,5641.0,0.17129236001457548,0.5760873548056136,0.42391264519438643,1.0,0.47740799222640595,0.35129964775901856,0.8287076399854245,dfp_5_r,mb_4_r,0.5747682386134623,0.3342493862445495,False,dfp_5 + mb_4
fru-F-600186,projection,mb_4,dfp_5,8202.0,7305.0,17703.0,23991.0,6288.0,0.2620982868575716,0.4633113031689544,0.41264192509744113,0.8759532282663955,0.34187820432662247,0.30448918344379144,0.6463673877704139,dfp_5_r,mb_4_r,0.4072191154041688,0.3603908941987234,False,dfp_5 + mb_4
fru-F-700104,projection,mb_4,dfp_5,10824.0,9767.0,22400.0,26484.0,4084.0,0.15420631324573328,0.4832142857142857,0.4360267857142857,0.9192410714285715,0.40869959220661534,0.36878870261289837,0.7774882948195136,dfp_5_r,mb_4_r,0.43495535714285716,0.40348214285714284,False,dfp_5 + mb_4
fru-F-700114,projection,mb_4,dfp_5,9860.0,9615.0,19482.0,24199.0,4717.0,0.1949254101409149,0.506108202443281,0.49353249153064366,0.9996406939739246,0.40745485350634325,0.39733046820116535,0.8047853217075086,dfp_5_r,mb_4_r,0.484344523149574,0.36330972179447696,False,dfp_5 + mb_4
fru-F-700163,projection,mb_4,dfp_5,6696.0,6432.0,14579.0,21811.0,7232.0,0.33157581037091377,0.4592907606831744,0.4411825228067769,0.9004732834899513,0.30700105451377746,0.29489707028563567,0.6018981247994132,dfp_5_r,mb_4_r,0.42725838534878935,0.3922765621784759,False,dfp_5 + mb_4
fru-F-700245,projection,mb_4,dfp_5,7495.0,4028.0,12018.0,15513.0,3495.0,0.22529491394314446,0.6236478615410218,0.33516392078548846,0.9588117823265102,0.48314317024431125,0.25965319409527493,0.7427963643395862,mb_4_r,dfp_5_r,0.5698119487435513,0.32443002163421536,False,dfp_5 + mb_4
fru-F-700257,projection,mb_4,dfp_5,11138.0,7097.0,19795.0,25264.0,5469.0,0.21647403419886005,0.5626673402374337,0.3585248800202071,0.9211922202576408,0.44086447118429384,0.2809135528815706,0.7217780240658644,mb_4_r,dfp_5_r,0.49911593836827484,0.35751452386966404,False,dfp_5 + mb_4
fru-M-400031,projection,dfp_5,mb_4,11031.0,8342.0,19438.0,24492.0,5054.0,0.20635309488812673,0.5674966560345714,0.4291593785368865,0.996656034571458,0.4503919647231749,0.3406010125755349,0.7909929772987098,dfp_5_r,mb_4_r,0.5644613643378948,0.3573412902561992,False,dfp_5 + mb_4
fru-M-400362,projection,mb_4,dfp_5,14988.0,14507.0,30659.0,42127.0,11468.0,0.27222446412039786,0.4888613457712254,0.47317264098633355,0.9620339867575589,0.3557813278894771,0.3443634723573955,0.7001448002468725,dfp_5_r,mb_4_r,0.4729769398871457,0.3578068430151016,False,dfp_5 + mb_4
fru-M-400401,projection,mb_4,dfp_5,13216.0,9049.0,23616.0,32465.0,8849.0,0.2725704604959187,0.559620596205962,0.38317242547425473,0.9427930216802168,0.4070845525951024,0.27873094101339907,0.6858154936085015,mb_4_r,dfp_5_r,0.3979928861788618,0.3830030487804878,False,dfp_5 + mb_4
fru-M-500174,projection,dfp_5,mb_4,11788.0,8328.0,20117.0,23762.0,3645.0,0.15339617877283057,0.5859720634289407,0.41397822736988615,0.9999502907988269,0.4960861880313105,0.3504755491961956,0.846561737227506,dfp_5_r,mb_4_r,0.5859720634289407,0.308445593279316,False,dfp_5 + mb_4
fru-M-500374,projection,dfp_5,mb_4,10728.0,6920.0,17648.0,21612.0,3964.0,0.18341662039607626,0.6078875793291024,0.3921124206708976,1.0,0.4963908939478068,0.32019248565611697,0.8165833796039238,dfp_5_r,mb_4_r,0.6078875793291024,0.3130099728014506,False,dfp_5 + mb_4
fru-M-500377,projection,dfp_5,mb_4,16785.0,16026.0,33181.0,41487.0,8306.0,0.20020729385108588,0.505861788372864,0.48298725174045387,0.9888490401133179,0.4045845686600622,0.38628968110492445,0.7908742497649867,dfp_5_r,mb_4_r,0.5001054820529821,0.39142882975196647,False,dfp_5 + mb_4
fru-M-500383,projection,mb_4,dfp_5,8556.0,3558.0,13106.0,19935.0,6829.0,0.34256333082518187,0.6528307645353273,0.2714787120402869,0.9243094765756142,0.4291948833709556,0.1784800601956358,0.6076749435665915,mb_4_r,dfp_5_r,0.5407446970853045,0.2714787120402869,False,dfp_5 + mb_4
fru-M-700067,projection,mb_4,dfp_5,19122.0,8581.0,27817.0,38727.0,10910.0,0.28171559893614273,0.687421361038214,0.30848042563899775,0.9959017866772117,0.49376404059183515,0.22157667777003123,0.7153407183618664,mb_4_r,dfp_5_r,0.5922637236222454,0.30560448646511124,False,dfp_5 + mb_4
fru-M-700270,projection,mb_4,dfp_5,16129.0,8259.0,24978.0,38248.0,13270.0,0.34694624555532316,0.6457282408519497,0.3306509728561134,0.9763792137080631,0.42169525203932234,0.21593285923446978,0.637628111273792,mb_4_r,dfp_5_r,0.5747457762831292,0.3306509728561134,False,dfp_5 + mb_4
