fc_id,em_id,group,label,centroid_dist,ratio_dist,pass_orient,pass_all
Cha-F-000009,1048215779,projection,1,15.585647,0.059102226,True,True
Cha-F-000009,1078693835,projection,1,25.827349,0.015227273,True,True
Cha-F-400112,1224258912,projection,0,88.907394,0.077831686,True,True
Cha-F-400112,5813022925,projection,0,94.368904,0.122430444,True,True
Cha-F-400201,1639886198,projection,0,99.568504,0.15729563,True,True
Cha-F-400201,1640555311,projection,0,96.375916,0.17145577,True,True
Cha-F-800086,579916831,projection,0,48.737976,0.27395535,True,True
Cha-F-800086,5812981543,projection,1,50.418324,0.12236286,True,True
E0585-F-200015,457175171,projection,1,32.069386,0.22351898,True,True
E0585-F-200015,518899665,projection,0,40.54333,0.097490825,True,True
E0585-F-300042,457175171,projection,1,32.42429,0.22100793,True,True
E0585-F-300042,642664141,projection,1,21.618986,0.32995468,True,True
fru-F-200052,1228683492,projection,0,97.61313,0.25976506,True,True
fru-F-200052,456156825,projection,0,50.85451,0.0760845,True,True
fru-F-400010,862705904,projection,1,8.947556,0.08584093,True,True
fru-F-400010,1173745330,projection,1,10.006183,0.1199942,True,True
fru-F-400071,1205090786,projection,1,12.756403,0.14900964,True,True
fru-F-400071,1173745330,projection,1,11.620893,0.029216962,True,True
fru-F-400141,862705904,projection,1,15.335808,0.17681526,True,True
fru-F-400141,1142356576,projection,1,7.645451,0.07167882,True,True
fru-F-400196,1100792636,projection,0,89.16983,0.06595067,True,True
fru-F-400196,1141324564,projection,1,6.230196,0.09847581,True,True
fru-F-400214,983759126,projection,1,13.722729,0.21889989,True,True
fru-F-400214,1173045815,projection,1,9.400041,0.100226365,True,True
fru-F-400229,5813087817,projection,0,15.265985,0.15038371,True,True
fru-F-400229,1700644008,projection,0,86.27039,0.13983078,True,True
fru-F-400338,1141678665,projection,1,13.495034,0.053834748,True,True
fru-F-400338,1205090786,projection,1,20.071222,0.23561269,True,True
fru-F-400437,1173745330,projection,1,8.387632,0.01888429,True,True
fru-F-400437,1141678665,projection,1,7.0088053,0.03724574,True,True
fru-F-400475,5901203987,projection,0,94.9872,0.09113619,True,True
fru-F-400475,519591210,projection,0,66.478584,0.020466533,True,True
fru-F-500083,1261130127,projection,0,107.039925,0.35508946,True,False
fru-F-500083,1261129711,projection,0,99.89378,0.3548362,True,True
fru-F-500115,1206114100,projection,1,15.339445,0.09317602,True,True
fru-F-500115,1173745330,projection,1,8.510294,0.07661353,True,True
fru-F-500297,1051630846,projection,1,18.896362,0.066017315,True,True
fru-F-500297,948035783,projection,0,82.08141,0.048870966,True,True
fru-F-500435,1142011140,projection,1,9.420379,0.06261223,True,True
fru-F-500435,1510648834,projection,0,85.81898,0.03999512,True,True
fru-F-500584,862705904,projection,1,11.707785,0.1068663,True,True
fru-F-500584,1205090786,projection,1,6.17705,0.10092743,True,True
fru-F-600168,1101133698,projection,0,88.78779,0.2398911,True,True
fru-F-600168,977343309,projection,0,76.98964,0.07506998,True,True
fru-F-600186,609587511,projection,0,58.703297,0.097661406,True,True
fru-F-600186,550280614,projection,0,63.41086,0.057745736,True,True
fru-F-700104,1142365351,projection,1,4.8393884,0.14675592,True,True
fru-F-700104,1173745330,projection,1,10.943466,0.06337356,True,True
fru-F-700114,1224945418,projection,0,94.44373,0.11647203,True,True
fru-F-700114,1224258912,projection,0,93.534966,0.09628546,True,True
fru-F-700163,1142356576,projection,1,8.355561,0.035027508,True,True
fru-F-700163,862705904,projection,1,16.14226,0.2162599,True,True
fru-F-700245,1204175835,projection,1,6.3485136,0.05282558,True,True
fru-F-700245,1100792636,projection,0,98.07196,0.08239773,True,True
fru-F-700257,1141337605,projection,0,10.197078,0.14256851,True,True
fru-F-700257,1224258912,projection,0,97.79597,0.0673113,True,True
fru-M-400031,1290416713,projection,0,97.20909,0.14914393,True,True
fru-M-400031,1198006801,projection,0,73.283936,0.052149612,True,True
fru-M-400362,955464899,projection,1,22.98229,0.10869035,True,True
fru-M-400362,1469403612,projection,0,85.72476,0.20279782,True,True
fru-M-400401,955464899,projection,1,23.302242,0.04152036,True,True
fru-M-400401,829261936,projection,1,31.097557,0.10567015,True,True
fru-M-500174,266187383,projection,0,91.04451,0.111773066,True,True
fru-M-500174,977343309,projection,0,72.77183,0.16561213,True,True
fru-M-500374,737832306,projection,0,91.66459,0.13083978,True,True
fru-M-500374,1224258912,projection,0,96.54365,0.088652216,True,True
fru-M-500377,1100792636,projection,0,81.75544,0.054479565,True,True
fru-M-500377,5813057274,projection,0,81.70993,0.069719814,True,True
fru-M-500383,5813034306,projection,0,92.091606,0.06606243,True,True
fru-M-500383,1205090786,projection,1,15.0562315,0.1424378,True,True
fru-M-700067,1228683492,projection,0,79.32353,0.29744405,True,True
fru-M-700067,550617370,projection,0,76.359726,0.22390957,True,True
fru-M-700270,1204175835,projection,1,6.903383,0.03917548,True,True
fru-M-700270,1510648834,projection,0,80.78937,0.15799178,True,True
G0239-F-000001,300972942,projection,1,16.157625,0.08910124,True,True
G0239-F-000001,5813068729,projection,1,17.076185,0.063700005,True,True
G0239-F-000003,300972942,projection,1,11.656175,0.13017356,True,True
G0239-F-000003,5813068729,projection,1,13.016727,0.103884116,True,True
G0239-F-000005,300972942,projection,1,13.252971,0.16337878,True,True
G0239-F-000005,5813068729,projection,1,14.39841,0.13700467,True,True
G0239-F-000007,300972942,projection,1,17.105118,0.11358486,True,True
G0239-F-000007,5813068729,projection,1,18.21881,0.08777733,True,True
G0239-F-000008,300972942,projection,1,11.629517,0.0968771,True,True
G0239-F-000008,267896360,projection,0,24.201025,0.19674529,True,True
G0239-F-000009,5813068729,projection,1,26.70012,0.097512394,True,True
G0239-F-000009,300972942,projection,1,25.698956,0.123601444,True,True
G0239-F-000011,676573560,projection,0,50.131992,0.3408056,True,True
G0239-F-000011,636667489,projection,0,79.575005,0.064987235,True,True
G0239-F-000012,300972942,projection,1,16.23915,0.090692095,True,True
G0239-F-000012,5813068729,projection,1,17.401556,0.06604609,True,True
G0239-F-000013,300972942,projection,1,17.867525,0.12524441,True,True
G0239-F-000013,5813068729,projection,1,19.007061,0.099075384,True,True
Gad1-F-001409,1610224198,projection,0,88.41204,0.031271093,True,True
Gad1-F-001409,1641250106,projection,0,86.82632,0.021623991,True,True
Gad1-F-101173,5813020585,projection,0,4.786491,0.014092601,True,True
Gad1-F-101173,5813020455,projection,0,1.2204762,0.018169079,True,True
Gad1-F-200227,5813022201,projection,1,7.834339,0.118159115,True,True
Gad1-F-200227,860983686,projection,1,13.865499,0.060711544,True,True
Gad1-F-300153,1224258912,projection,0,95.63567,0.044124346,True,True
Gad1-F-300153,1224945418,projection,0,96.4682,0.037819356,True,True
Gad1-F-300154,517854468,projection,1,16.764977,0.18115461,True,True
Gad1-F-300154,423774471,projection,1,15.71019,0.12027741,True,True
Gad1-F-300275,702389193,projection,0,97.42978,0.17265624,True,True
Gad1-F-300309,955464899,projection,1,5.5382895,0.053802636,True,True
Gad1-F-300309,862705904,projection,1,9.664351,0.14124572,True,True
Gad1-F-301525,422682603,projection,1,31.279045,0.050327897,True,True
Gad1-F-301525,1419019956,projection,1,40.90301,0.07021874,True,True
Gad1-F-301704,424789697,projection,0,87.793144,0.0997151,True,True
Gad1-F-301704,760686202,projection,0,75.58912,0.06885073,True,True
Gad1-F-400259,518899665,projection,0,43.065395,0.06777646,True,True
Gad1-F-400259,296543992,projection,0,86.90448,0.1596308,True,True
Gad1-F-400718,1266871604,projection,1,7.1687164,0.04528397,True,True
Gad1-F-400718,673518025,projection,0,91.10573,0.04521588,False,False
Gad1-F-400957,1262114202,projection,1,7.824785,0.03307522,True,True
Gad1-F-400957,1261423370,projection,1,10.253151,0.034688994,True,True
Gad1-F-402516,829261936,projection,1,22.08143,0.062608376,True,True
Gad1-F-402516,862705904,projection,1,4.973213,0.045203455,True,True
Gad1-F-500136,946641153,projection,0,78.725815,0.073645905,True,True
Gad1-F-500136,1290416713,projection,0,75.20897,0.22961825,True,True
Gad1-F-500365,613719036,projection,1,8.208373,0.09034688,True,True
Gad1-F-500365,768555687,projection,1,5.931076,0.025417292,True,True
Gad1-F-500524,1173045815,projection,1,8.178088,0.05650093,True,True
Gad1-F-500524,1141337605,projection,1,0.9752006,0.22227752,True,True
Gad1-F-500559,5813022201,projection,1,9.534028,0.12515849,True,True
Gad1-F-500559,1171690479,projection,1,19.515915,0.101114966,True,True
Gad1-F-502126,1142365351,projection,1,11.166022,0.22719571,True,True
Gad1-F-502126,956138930,projection,1,8.731838,0.2209523,True,True
Gad1-F-600109,1670278227,projection,0,96.5046,0.04983312,True,True
Gad1-F-600109,1510648834,projection,0,96.12322,0.3369453,True,True
Gad1-F-600115,946641153,projection,0,77.25908,0.055520922,True,True
Gad1-F-600345,922810839,projection,0,97.10395,0.16805851,True,True
Gad1-F-600345,5813077405,projection,0,66.86435,0.06972911,False,False
Gad1-F-601324,5812980638,projection,0,35.98197,0.043121573,True,True
Gad1-F-601324,1172372382,projection,0,13.045083,0.007789771,True,True
Gad1-F-700131,613719036,projection,1,5.764696,0.011548733,True,True
Gad1-F-700131,673085197,projection,1,8.031195,0.1252697,True,True
Gad1-F-800094,1198330641,projection,0,80.80335,0.3186015,True,True
Gad1-F-800094,1290416713,projection,0,96.612,0.21118945,True,True
Gad1-F-900001,1290416713,projection,0,93.50732,0.07551923,True,True
Gad1-F-900001,5813026366,projection,0,103.09412,0.06259775,True,False
Gad1-F-900194,1448929233,projection,0,101.34673,0.10348521,True,False
Gad1-F-900194,1193560072,projection,0,96.90929,0.17265116,True,True
TH-F-000101,331662710,projection,1,19.215628,0.03671073,True,True
TH-F-000101,421641859,projection,0,106.862144,0.1160428,True,False
TH-F-100083,331662710,projection,1,12.225353,0.023327107,True,True
TH-F-100083,329970706,projection,0,31.026497,0.050067317,True,True
TH-F-100099,331662710,projection,1,33.799473,0.034053102,True,True
TH-F-100099,329970706,projection,0,47.190407,0.024522537,True,True
TH-F-200030,328943204,projection,0,47.10393,0.07336691,True,True
TH-F-200030,203253253,projection,0,34.990566,0.071857035,True,True
TH-F-200033,517514142,projection,1,20.067965,0.11074423,True,True
TH-F-200033,608922563,projection,0,31.23844,0.0814976,True,True
TH-F-200081,331662710,projection,1,24.3767,0.02892009,True,True
TH-F-200081,330268940,projection,0,89.60443,0.17855947,True,True
TH-F-300020,484911954,projection,0,55.892723,0.04499222,True,True
TH-F-300020,1048172314,projection,0,94.04894,0.10019803,True,True
TH-F-300073,328943204,projection,1,48.321037,0.02489128,True,True
TH-F-300073,361040812,projection,0,32.873528,0.31231287,True,True
TH-F-700001,418969956,projection,0,91.66336,0.10400591,True,True
TH-F-700001,297166053,projection,0,73.70865,0.07393292,True,True
TH-F-700004,643830129,projection,0,83.93331,0.09779434,True,True
TH-F-700004,5813089803,projection,0,92.49382,0.12408668,True,True
TH-F-700016,5812982779,projection,1,10.457643,0.009089185,True,True
TH-F-700016,5813089803,projection,0,100.114235,0.119211935,True,False
TH-F-700022,946645313,projection,0,68.01103,0.063729994,True,True
TH-F-700022,981362334,projection,1,51.73378,0.058372904,True,True
TH-M-300021,517514142,projection,1,25.214003,0.057684675,True,True
TH-M-300021,5813049380,projection,0,18.492136,0.07791271,True,True
TH-M-500003,580287695,projection,0,77.79844,0.05158357,True,True
TH-M-500003,456156825,projection,0,66.82161,0.03087564,False,False
TH-M-600002,1224258912,projection,0,84.7361,0.14114894,True,True
TH-M-600002,1193560072,projection,0,79.455475,0.066895224,True,True
TH-M-600003,1224595289,projection,0,74.26194,0.16312416,True,True
TH-M-600003,1224258912,projection,0,78.013214,0.06845543,True,True
TH-M-700002,1224595289,projection,0,70.3223,0.101236016,True,True
TH-M-700002,1224945418,projection,0,75.59057,0.1643555,True,True
TH-M-700013,5812979156,projection,1,6.610576,0.1433256,True,True
TH-M-700013,644417074,projection,1,10.359789,0.15368421,True,True
TH-M-700017,604864392,projection,0,79.17045,0.22984718,True,True
TH-M-700017,454439022,projection,0,86.5681,0.059778113,True,True
Trh-M-000099,1602402027,projection,0,65.99461,0.010521458,True,True
Trh-M-000099,986828383,projection,1,24.354027,0.06380024,True,True
Trh-M-800009,1048215779,projection,1,18.421415,0.031802323,True,True
Trh-M-800009,1016835041,projection,1,19.09726,0.020818895,True,True
VGlut-F-200594,5813058048,projection,1,9.817679,0.0431619,True,True
VGlut-F-200594,328632707,projection,0,83.099846,0.1613978,True,True
VGlut-F-300680,5813020585,projection,1,18.377838,0.042241484,True,True
VGlut-F-300680,1322474586,projection,1,13.706889,0.03888007,True,True
VGlut-F-800070,894551935,projection,1,9.997158,0.12467381,True,True
VGlut-F-800070,832357089,projection,0,18.114403,0.1899432,False,False
VT0765-F-700001,613079053,projection,0,95.56105,0.07445325,True,True
VT0765-F-700001,486544396,projection,0,89.30025,0.13409792,True,True
VT16811-F-700000,1078693835,projection,0,42.83384,0.020773765,True,True
VT16811-F-700000,1729935421,projection,0,85.17882,0.06853467,True,True
VT24618-F-700000,5813058048,projection,0,57.611183,0.20336208,True,True
VT24618-F-700000,299082033,projection,0,37.300648,0.12571052,True,True
VT38815-F-700000,799586652,projection,0,13.1587,0.184154,True,True
VT38815-F-700000,1640555311,projection,0,85.56517,0.27926078,True,True
VT38815-F-700001,799586652,projection,0,9.557127,0.08740705,True,True
VT38815-F-700001,485745069,projection,0,99.79984,0.0067704804,True,True
VT43401-F-700002,575768294,projection,0,33.056114,0.2861036,True,True
VT43401-F-700002,5813020673,projection,0,37.281723,0.16315725,True,True
VT50245-F-700000,5813058316,projection,0,35.04809,0.20214008,True,True
VT50245-F-700000,700486220,projection,0,44.154705,0.26663378,True,True
VT50245-F-700001,612414168,projection,0,47.925167,0.18792027,True,True
VT50245-F-700001,674807824,projection,0,41.497314,0.09761693,True,True
VT50733-F-700000,919763043,projection,0,57.530003,0.12650934,True,True
VT50733-F-700000,519046655,projection,0,37.30241,0.08056329,False,False
VT58722-F-700000,549282467,projection,1,40.40932,0.28509635,True,True
VT58722-F-700000,326253554,projection,0,70.09128,0.46406913,True,False
VT58722-F-700001,673509195,projection,0,22.172125,0.044288896,True,True
VT58722-F-700001,946990515,projection,0,49.99139,0.16590956,True,True
VT5948-F-700000,422725634,projection,1,22.871033,0.04671082,True,True
VT5948-F-700000,519279166,projection,0,50.615993,0.24531817,True,True
VT5948-F-700001,422725634,projection,1,22.99996,0.034468982,True,True
VT5948-F-700001,736174181,projection,0,35.97902,0.1917668,True,True
5HT1A-F-200016,1191315642,dense,1,10.447247,0.022502702,True,True
Cha-F-400298,1167304403,dense,1,9.6469965,0.0679062,True,True
Cha-F-400298,1261000309,dense,1,6.4066625,0.053287283,True,True
Gad1-F-700172,5813039309,dense,0,2.316407,0.22637455,True,True
TH-F-100083,331662710,dense,1,12.225353,0.023327107,True,True
TH-F-200037,331662710,dense,1,16.33259,0.010761664,True,True
TH-F-200096,331662710,dense,1,31.869986,0.013640471,True,True
TH-F-200106,5813041180,dense,1,13.848884,0.046497643,True,True
TH-M-000008,1131827390,dense,0,14.556043,0.07960989,True,True
TH-M-000021,604289581,dense,0,19.023409,0.10739293,True,True
TH-M-000021,550404663,dense,0,29.739954,0.18017796,True,True
TH-M-000032,859265651,dense,1,11.792998,0.10022553,True,True
TH-M-000032,5813027592,dense,1,11.86167,0.082095504,True,True
TH-M-200035,294436967,dense,1,25.14065,0.02449181,True,True
TH-M-200035,452971138,dense,1,22.873283,0.07217814,True,True
TH-M-300017,5813054384,dense,1,34.190506,0.07571837,True,True
TH-M-300017,947573616,dense,0,35.114223,0.075310476,True,True
Trh-F-000008,1671638278,dense,1,4.9786363,0.017762128,True,True
Trh-F-100052,361312808,dense,0,39.6163,0.10087055,True,True
Trh-M-100024,329289084,dense,1,31.22846,0.037884876,True,True
Trh-M-700039,5813021583,dense,0,47.385426,0.28025806,True,True
Trh-M-700039,981000564,dense,0,55.049915,0.13384467,True,True
VGlut-F-200143,328870472,dense,1,19.895155,0.103839695,True,True
VGlut-F-200143,298612190,dense,0,29.387405,0.11799698,True,True
VGlut-F-200251,548712377,dense,1,10.0960865,0.03901294,True,True
VGlut-F-200251,5813020996,dense,1,22.006466,0.07932245,True,True
VGlut-F-200319,424716408,dense,0,14.185141,0.08343802,True,True
VGlut-F-200392,857793013,dense,0,23.164417,0.12473989,True,True
VGlut-F-400186,1762359683,dense,0,16.586145,0.24246298,True,True
VGlut-F-400186,1916800213,dense,0,21.895378,0.23821399,True,True
VGlut-F-700541,1762359683,dense,0,22.755413,0.19581275,True,True
VGlut-F-700541,1888199872,dense,1,21.203442,0.22917108,True,True
Cha-F-000088,1640887603,dense,1,15.803149,0.1081183,True,True
Cha-F-000088,5813047691,dense,1,15.252943,0.09466379,True,True
Cha-F-000239,1640572741,dense,0,45.772423,0.34321085,True,True
Cha-F-000239,5813054726,dense,0,46.57324,0.3817868,True,True
Cha-F-000329,640539567,dense,1,34.833107,0.19801058,True,True
Cha-F-000329,1043705078,dense,1,21.986994,0.14071739,True,True
Cha-F-000427,573670049,dense,1,12.949848,0.025363104,True,True
Cha-F-000427,573333284,dense,1,14.321813,0.029298332,True,True
Cha-F-000461,487144598,dense,0,35.67876,0.22221088,True,True
Cha-F-100135,393063351,dense,1,9.37511,0.0043396275,True,True
Cha-F-200299,5813027276,dense,1,14.198312,0.18079105,True,True
Cha-F-200299,1321564092,dense,0,31.696842,0.04434711,True,True
Cha-F-300267,328611004,dense,1,16.015059,0.06910264,True,True
Cha-F-300344,5812978978,dense,1,19.152187,0.20034432,True,True
Cha-F-300344,5813053836,dense,1,21.303461,0.02318171,True,True
Cha-F-300344,859507274,dense,1,22.612898,0.18171501,True,True
Cha-F-400237,5813098368,dense,0,18.515291,0.13429804,True,True
Cha-F-400237,5813027276,dense,0,12.163256,0.2850645,True,True
Cha-F-500071,1105169664,dense,1,17.998768,0.22727309,True,True
Cha-F-500071,1012954687,dense,0,22.124912,0.21084817,False,False
Cha-F-500310,5813009312,dense,0,14.78104,0.101976044,True,True
Cha-F-700236,360259229,dense,0,36.219456,0.34394234,True,True
Cha-F-800090,296139882,dense,1,2.5368326,0.08208359,True,True
Cha-F-800090,297251714,dense,1,13.677027,0.046361107,True,True
E0585-F-600004,5813010510,dense,0,23.474213,0.14431186,True,True
GH146-M-000001,610274029,dense,1,26.578047,0.10582157,True,True
Gad1-F-000245,953414780,dense,0,33.71672,0.05085861,True,True
Gad1-F-000694,5813033371,dense,0,21.237255,0.36509934,True,True
Gad1-F-000694,1480525278,dense,0,18.087015,0.25797665,True,True
Gad1-F-000703,424716408,dense,0,19.278942,0.0487507,True,True
Gad1-F-000703,5813068669,dense,0,63.325733,0.051532477,True,True
Gad1-F-100171,1224595608,dense,1,31.479794,0.00650585,True,True
Gad1-F-100784,832016427,dense,1,17.720488,0.06386763,True,True
Gad1-F-200186,1916800213,dense,0,22.493591,0.0936484,True,True
Gad1-F-200186,1762359683,dense,0,23.716711,0.12523203,True,True
Gad1-F-200219,5901197108,dense,1,17.8334,0.04741082,True,True
Gad1-F-200247,543692985,dense,1,21.735296,0.060051877,True,True
Gad1-F-200719,5813039309,dense,0,10.211563,0.037977576,True,True
Gad1-F-200719,1640555311,dense,0,13.151317,0.23549525,True,True
Gad1-F-400220,550638250,dense,1,3.2668672,0.02711682,True,True
Gad1-F-500004,294436967,dense,1,24.31753,0.034572825,True,True
Gad1-F-500321,574377562,dense,1,9.509625,0.024911549,True,True
Gad1-F-500457,1261423370,dense,1,7.575498,0.009529149,True,True
Gad1-F-600059,328546871,dense,1,11.73463,0.036827724,True,True
Gad1-F-600604,1793403571,dense,1,12.893207,0.11877034,True,True
Gad1-F-700193,634379734,dense,1,57.496822,0.016059246,True,True
Gad1-F-700607,977338882,dense,1,11.7139015,0.026776567,True,True
Gad1-F-700607,915610561,dense,1,12.329369,0.04290884,True,True
Gad1-F-700607,1008378609,dense,1,7.6371117,0.040900372,True,True
Gad1-F-800371,5813082723,dense,1,19.786516,0.32015258,True,True
Gad1-F-900395,5813049380,dense,1,5.7650943,0.027668692,True,True
TH-F-000009,5813054384,dense,1,29.92129,0.03675028,True,True
TH-F-000009,1378251040,dense,1,37.8617,0.014373436,True,True
TH-F-000010,5812980529,dense,1,10.508959,0.045330737,True,True
TH-F-000010,360591860,dense,1,20.043497,0.020919183,True,True
TH-F-000010,5901203505,dense,1,9.825636,0.061664816,True,True
TH-F-000012,487144598,dense,0,33.731533,0.20363612,True,True
TH-F-000019,859265651,dense,1,8.143886,0.17436594,True,True
TH-F-000019,5813027592,dense,0,13.014538,0.24857642,True,True
TH-F-000036,859265651,dense,0,15.587093,0.27364716,True,True
TH-F-000046,604289581,dense,0,24.170599,0.11411177,True,True
TH-F-000046,550404663,dense,0,28.671383,0.22902134,True,True
TH-F-000079,1378251040,dense,0,36.80195,0.1665041,True,True
TH-F-000091,331662710,dense,1,6.8037057,0.019252228,True,True
TH-F-100005,1378251040,dense,0,37.60089,0.05853522,True,True
TH-F-100005,5813054384,dense,1,29.489885,0.06468933,True,True
TH-F-100036,360591860,dense,1,24.737232,0.026636116,True,True
TH-F-100036,5901203505,dense,1,13.635035,0.05493063,True,True
TH-F-100050,1131827390,dense,1,19.934645,0.1381833,True,True
TH-F-100075,859265651,dense,0,16.901436,0.2793849,True,True
TH-F-100095,331662710,dense,1,41.426693,0.037463192,True,True
TH-F-100099,331662710,dense,1,33.799473,0.034053102,True,True
TH-F-200004,859265651,dense,0,17.631718,0.29085723,True,True
TH-F-200004,5813011298,dense,1,12.719476,0.09913736,True,True
TH-F-200010,331662710,dense,1,15.614175,0.020775637,True,True
TH-F-200026,5813009595,dense,1,12.525548,0.03284715,True,True
TH-F-200034,331662710,dense,1,35.919277,0.025799256,True,True
TH-F-200064,331662710,dense,1,27.791494,0.032798447,True,True
TH-F-200081,331662710,dense,1,24.3767,0.02892009,True,True
TH-F-200085,1131827390,dense,1,12.687678,0.055206623,True,True
TH-F-300037,331662710,dense,1,21.260017,0.01832119,True,True
TH-F-300046,1131827390,dense,1,11.173669,0.14497428,True,True
TH-F-300062,5813060068,dense,1,11.955755,0.12539913,True,True
TH-F-300078,5813071348,dense,1,26.201044,0.054964922,True,True
TH-F-700015,1224941044,dense,1,32.101177,0.19716693,True,True
TH-M-000029,859265651,dense,1,11.996961,0.12065867,True,True
TH-M-000029,510049477,dense,1,20.982042,0.038886048,True,True
TH-M-000030,792692885,dense,0,27.635878,0.088564485,True,True
TH-M-000045,331662710,dense,1,25.75895,0.044077106,True,True
TH-M-100016,331662710,dense,1,34.5849,0.017045502,True,True
TH-M-100027,947573616,dense,0,34.095398,0.12179738,True,True
TH-M-100027,5813054384,dense,1,33.093807,0.035463512,True,True
TH-M-100057,1198330286,dense,1,17.987026,0.05518281,True,True
TH-M-100063,1198330286,dense,1,17.289127,0.03828735,True,True
TH-M-200010,422738252,dense,1,19.634092,0.074836716,True,True
TH-M-200013,5813062871,dense,1,21.747286,0.12678681,True,True
TH-M-200034,5813054384,dense,1,31.759268,0.047084175,True,True
TH-M-200034,947573616,dense,0,36.192204,0.10791377,True,True
TH-M-200049,331662710,dense,1,23.866215,0.05213566,True,True
TH-M-200064,331662710,dense,1,29.825178,0.014109609,True,True
TH-M-200095,422738252,dense,1,21.334383,0.060669683,True,True
TH-M-300005,1131827390,dense,1,24.305376,0.14849733,True,True
TH-M-300063,5813009595,dense,1,23.285875,0.030269494,True,True
Trh-F-100001,1225290633,dense,1,19.600414,0.29150814,True,True
Trh-F-100038,1671638278,dense,1,10.278151,0.013964706,True,True
Trh-F-100066,5813062858,dense,1,5.9648767,0.039234787,True,True
Trh-F-300112,957506896,dense,1,12.726806,0.054022294,True,True
Trh-F-400055,957506896,dense,1,8.90767,0.024104347,True,True
Trh-M-000172,1671638278,dense,1,14.0469055,0.05024489,True,True
Trh-M-100020,361312808,dense,1,45.46475,0.11840846,True,True
Trh-M-100025,1225290633,dense,1,12.243977,0.2701287,True,True
Trh-M-100025,5813062858,dense,1,6.3195496,0.039827738,True,True
Trh-M-100037,1671638278,dense,1,19.762903,0.09163162,True,True
Trh-M-100060,297230760,dense,1,30.726957,0.12809929,True,True
Trh-M-100060,361312808,dense,1,32.841763,0.05230642,True,True
Trh-M-100071,673746277,dense,0,23.043413,0.13219696,True,True
Trh-M-100071,1225290633,dense,1,11.7508955,0.25111082,True,True
Trh-M-200043,5813054716,dense,0,10.238863,0.21933033,True,True
Trh-M-300071,977339122,dense,1,9.579862,0.09518374,True,True
Trh-M-300138,922069357,dense,1,12.98637,0.009847882,True,True
Trh-M-300138,832016427,dense,1,8.218627,0.09181662,True,True
Trh-M-300138,957506896,dense,1,12.875109,0.043724965,True,True
Trh-M-300140,5813053851,dense,1,13.100759,0.13948846,True,True
Trh-M-300140,957506896,dense,1,13.386808,0.08763226,True,True
Trh-M-400023,5813053851,dense,1,14.565271,0.043370206,True,True
Trh-M-400052,957506896,dense,1,12.759035,0.02307434,True,True
Trh-M-400052,5813053851,dense,1,9.019319,0.031453602,True,True
Trh-M-400110,5813053851,dense,1,8.317225,0.03713507,True,True
Trh-M-400110,5813065004,dense,1,10.908981,0.114853956,True,True
Trh-M-400131,832016427,dense,1,11.036225,0.06717285,True,True
Trh-M-500163,922354084,dense,1,14.576375,0.009963864,True,True
Trh-M-500163,829598814,dense,1,16.456182,0.01705273,True,True
VGlut-F-000016,5813027276,dense,1,27.816732,0.109770425,True,True
VGlut-F-000016,950880008,dense,1,11.562972,0.16160509,True,True
VGlut-F-000111,5812987694,dense,0,29.98388,0.31020087,True,True
VGlut-F-000111,5813021583,dense,0,12.567542,0.2891612,True,True
VGlut-F-000158,298254384,dense,1,10.550929,0.12414728,True,True
VGlut-F-000158,5813020785,dense,1,29.78806,0.20300686,True,True
VGlut-F-000177,5813056321,dense,1,8.145544,0.027045162,True,True
VGlut-F-000303,5813011119,dense,1,5.9923124,0.08566214,True,True
VGlut-F-000463,1733677514,dense,1,17.038076,0.07383305,True,True
VGlut-F-000556,885168486,dense,1,14.811446,0.10673317,True,True
VGlut-F-100002,914778159,dense,1,45.02734,0.0894129,True,True
VGlut-F-100003,1671638278,dense,1,21.24248,0.07987974,True,True
VGlut-F-100035,575768294,dense,1,10.934602,0.03102774,True,True
VGlut-F-100125,1107081827,dense,1,37.26478,0.2914414,True,True
VGlut-F-200036,797442049,dense,1,10.664788,0.025317816,True,True
VGlut-F-200036,5813059915,dense,0,48.06288,0.16764192,True,True
VGlut-F-200062,297251714,dense,1,19.33531,0.025497872,True,True
VGlut-F-200062,296139882,dense,1,8.446329,0.060359456,True,True
VGlut-F-200459,5813011119,dense,1,5.0522785,0.04118414,True,True
VGlut-F-300438,329566197,dense,1,13.950836,0.032797653,True,True
VGlut-F-400049,297917475,dense,1,9.681951,0.021658368,True,True
VGlut-F-400184,1762359683,dense,0,14.43078,0.27690017,True,True
VGlut-F-400184,1667251683,dense,0,13.583245,0.26945195,True,True
VGlut-F-400334,447599745,dense,1,12.444843,0.07781173,True,True
VGlut-F-400757,5813039309,dense,0,16.025236,0.12873292,True,True
VGlut-F-400757,1670597533,dense,0,16.109737,0.059150595,True,True
VGlut-F-400898,1762359683,dense,0,17.424776,0.2035762,True,True
VGlut-F-400898,1916800213,dense,0,22.405424,0.19506295,True,True
VGlut-F-500002,5813011298,dense,1,6.8784122,0.13135262,True,True
VGlut-F-500335,1762359683,dense,0,23.943157,0.24714047,True,True
VGlut-F-500335,5813039309,dense,0,22.520744,0.074366756,True,True
VGlut-F-500876,1640555311,dense,0,9.884604,0.19766074,True,True
VGlut-F-500876,1639886198,dense,0,10.13113,0.14074549,True,True
VGlut-F-600204,5813061218,dense,1,5.4392657,0.06843939,True,True
VGlut-F-700261,5813047489,dense,1,21.255331,0.11769363,True,True
VGlut-F-700261,5813057579,dense,0,35.831757,0.22541556,True,True
VGlut-F-800130,1671620613,dense,1,31.927969,0.13920844,True,True
VGlut-F-800130,1762359683,dense,1,18.992264,0.056612093,True,True
fru-F-000094,422751191,dense,1,21.190632,0.12755518,True,True
fru-F-000131,360591860,dense,1,17.928331,0.022945466,True,True
fru-F-000131,298258611,dense,1,19.614239,0.010578452,True,True
fru-F-000131,5812980529,dense,1,4.881962,0.046273272,True,True
fru-M-000335,673776769,dense,1,31.870478,0.005345821,True,True
fru-M-000339,329289084,dense,1,22.073795,0.055724915,True,True
fru-M-000339,452029745,dense,1,15.646852,0.046998136,True,True
fru-M-300299,579268807,dense,1,15.532741,0.061060745,True,True
npf-M-300037,5813069630,dense,1,10.390619,0.08051082,True,True
Cha-F-000088,1670597533,dense,1,11.0819435,0.07280673,True,True
Cha-F-000239,1672320134,dense,0,47.068882,0.37206054,True,True
Cha-F-000239,5813069085,dense,0,45.91999,0.32918373,True,True
Cha-F-000239,1704347707,dense,0,50.363396,0.38706604,True,True
Cha-F-200299,950880008,dense,0,33.8263,0.09178608,True,True
Cha-F-200299,5813023322,dense,0,27.149935,0.026169302,True,True
Cha-F-200299,5813098368,dense,0,14.772323,0.11867711,True,True
Cha-F-300344,5813047970,dense,1,30.886974,0.12724826,True,True
Cha-F-300344,951916894,dense,1,9.753337,0.14205395,True,True
Cha-F-400237,1321564092,dense,0,27.146664,0.13273366,True,True
Cha-F-400237,950880008,dense,0,28.231165,0.14238863,True,True
Cha-F-400237,951234513,dense,0,7.657662,0.27253744,True,True
Cha-F-800090,361312808,dense,0,19.334534,0.21738479,True,True
Cha-F-800090,487144598,dense,0,44.287136,0.21337323,True,True
Cha-F-800090,329897255,dense,0,53.474754,0.0073244483,True,True
Gad1-F-000694,5813070613,dense,0,20.715746,0.29126066,True,True
Gad1-F-000694,5813057853,dense,0,18.504236,0.13034594,True,True
Gad1-F-000694,1383016399,dense,0,17.532259,0.34222043,True,True
Gad1-F-000703,421641859,dense,0,38.12983,0.06674105,True,True
Gad1-F-000703,360259229,dense,0,30.447754,0.05889853,True,True
Gad1-F-200186,1702306037,dense,0,29.053013,0.20851152,True,True
Gad1-F-200186,5813039309,dense,0,24.119555,0.089697756,True,True
Gad1-F-200186,5813034455,dense,1,30.426392,0.050543476,True,True
TH-F-000009,1406911688,dense,0,19.42963,0.13495034,True,True
TH-F-000010,298258611,dense,1,23.764452,0.014073992,True,True
TH-F-000019,675767414,dense,0,13.508681,0.2846334,True,True
TH-F-000019,510049477,dense,0,14.727618,0.31003222,True,True
TH-M-000029,675767414,dense,0,8.9999275,0.26790145,True,True
TH-M-000032,675767414,dense,0,7.9292073,0.2791797,True,True
TH-M-000032,611629428,dense,0,6.9148088,0.15403484,True,True
TH-M-100027,5813057579,dense,0,41.106247,0.08586699,True,True
TH-M-100027,797442049,dense,0,40.779057,0.13654357,True,True
TH-M-100027,5813021583,dense,0,50.97024,0.16355708,True,True
TH-M-200034,5813021112,dense,0,12.926907,0.18095203,True,True
TH-M-200034,1406911688,dense,0,20.838007,0.1331183,True,True
TH-M-200034,797442049,dense,0,42.72189,0.12260882,True,True
TH-M-200035,387870860,dense,0,29.930933,0.16715822,True,True
TH-M-300017,5813021112,dense,0,11.051638,0.14838183,True,True
TH-M-300017,1406911688,dense,0,22.722527,0.14445254,True,True
Trh-M-100025,673746277,dense,0,22.050112,0.15169686,True,True
Trh-M-100060,297251714,dense,0,20.641006,0.20640635,True,True
Trh-M-100071,5813062858,dense,1,8.557519,0.034736425,True,True
Trh-M-500163,5813033196,dense,1,15.185956,0.021447351,True,True
Trh-M-700039,797442049,dense,0,52.375908,0.2815458,True,True
VGlut-F-000016,5813098368,dense,0,21.510355,0.19990107,True,True
VGlut-F-000016,1321564092,dense,1,11.052992,0.12575005,True,True
VGlut-F-000016,857793013,dense,0,39.634388,0.35466728,True,True
VGlut-F-000111,5813057579,dense,0,17.387463,0.21854727,True,True
VGlut-F-000158,328870472,dense,0,15.994358,0.21840055,True,True
VGlut-F-000158,298612190,dense,0,7.435716,0.20385672,True,True
VGlut-F-000158,5813078542,dense,0,14.566097,0.034958716,True,True
VGlut-F-200036,947573616,dense,0,9.760514,0.03996308,True,True
VGlut-F-200062,329225149,dense,0,54.64121,0.014978656,True,True
VGlut-F-200062,361312808,dense,0,19.905045,0.19595662,True,True
VGlut-F-200062,329897255,dense,0,54.11254,0.015579635,True,True
VGlut-F-200143,298254384,dense,0,30.429522,0.21036322,True,True
VGlut-F-200143,5813020785,dense,0,14.240872,0.1313815,True,True
VGlut-F-400184,1704347707,dense,0,16.67632,0.2995343,True,True
VGlut-F-400186,5813034455,dense,1,17.026615,0.17208262,True,True
VGlut-F-400757,1640555311,dense,0,18.951378,0.15470922,True,True
VGlut-F-400757,1888199872,dense,1,16.009756,0.08542438,True,True
VGlut-F-400757,1762359683,dense,0,17.225971,0.08076776,True,True
VGlut-F-400898,1702306037,dense,0,17.386517,0.29245666,True,True
VGlut-F-400898,5813034455,dense,1,15.269877,0.13067684,True,True
VGlut-F-500876,5813039309,dense,0,11.258535,0.030225009,True,True
VGlut-F-700261,5813021112,dense,0,26.507547,0.040748525,True,True
VGlut-F-700541,5813039309,dense,0,21.802711,0.02538823,True,True
VGlut-F-700541,1702306037,dense,0,23.564764,0.28473678,True,True
VGlut-F-800130,1640887603,dense,0,25.475597,0.048639227,True,True
VGlut-F-800130,1578826464,dense,0,26.35743,0.08369564,True,True
VGlut-F-800130,1640922754,dense,0,21.332083,0.037741344,True,True
Cha-F-000088,1640909284,dense,1,13.434328,0.1455651,True,True
Cha-F-400237,1135441187,dense,0,16.051958,0.05262467,True,True
Trh-M-200043,1671620613,dense,0,23.573202,0.1317335,True,True
Trh-F-100001,5813062858,dense,1,7.4318686,0.048464704,True,True
Cha-F-000088,1699974843,dense,1,13.191173,0.1518752,True,True
Cha-F-000088,1704347707,dense,1,16.099588,0.104853354,True,True
VGlut-F-400757,1640922516,dense,0,16.753323,0.14114627,True,True
VGlut-F-200392,792326206,dense,1,6.8752227,0.051103257,True,True
Cha-F-000088,5813055277,dense,1,14.070972,0.14032792,True,True
Cha-F-000088,5813056598,dense,1,10.2018,0.10073011,True,True
Cha-F-200299,1135441187,dense,1,6.316327,0.07740202,True,True
VGlut-F-500876,1640922516,dense,0,12.9841795,0.23514383,True,True
VGlut-F-400898,1640922516,dense,0,15.788951,0.284464,True,True
VGlut-F-500876,1667251683,dense,0,11.325143,0.15158758,True,True
Trh-M-100024,5813049824,dense,1,12.913876,0.018456433,True,True
Trh-M-500163,862671913,dense,1,14.2800665,0.10111541,True,True
VGlut-F-400186,1640922516,dense,0,16.481268,0.3254333,True,True
VGlut-F-500335,1640922516,dense,0,22.35421,0.3316591,True,True
Trh-M-100024,5813020684,dense,0,17.27607,0.03252844,True,True
VGlut-F-700541,1640922516,dense,0,22.190418,0.27741605,True,True
TH-F-200026,330640044,dense,0,15.418198,0.0374669,True,True
Trh-M-300140,1008024276,dense,1,17.45016,0.11461763,True,True
Trh-M-400023,953414780,dense,1,7.9371524,0.04752476,True,True
Trh-M-100024,5813055834,dense,1,12.836369,0.0025195375,True,True
VGlut-F-500876,1669924220,dense,0,8.805411,0.07959723,True,True
Trh-M-100024,946308203,dense,1,18.126642,0.09826067,True,True
TH-F-000012,328533761,dense,1,6.045151,0.0074328836,True,True
TH-F-100036,5812980529,dense,1,8.630003,0.03881612,True,True
Trh-M-500163,953410147,dense,1,9.472373,0.017123869,True,True
Trh-M-500163,768555687,dense,1,13.213172,0.11245012,True,True
VGlut-F-800130,1671257931,dense,1,15.180191,0.02053536,True,True
VGlut-F-200319,5813055865,dense,1,8.197245,0.08481326,True,True
TH-M-000029,5813021602,dense,1,20.27815,0.05629244,True,True
VGlut-F-800130,2135408892,dense,0,14.500353,0.19481143,True,True
VGlut-F-800130,5813132949,dense,0,15.396632,0.06158893,True,True
Trh-M-400110,953414780,dense,1,7.4699163,0.039344426,True,True
Trh-M-500163,672006007,dense,1,18.816467,0.07563504,True,True
TH-F-000019,5813021602,dense,1,10.368342,0.3025235,True,True
Trh-F-400055,1070426862,dense,1,7.0074215,0.07406,True,True
TH-F-300062,1262360335,dense,0,40.38513,0.09916958,True,True
Trh-M-500163,891663788,dense,1,9.887718,0.020196669,True,True
VGlut-F-000463,1037293275,dense,1,16.631498,0.09333244,True,True
Trh-M-400110,1008024276,dense,1,21.961842,0.04747164,True,True
Trh-F-300112,953414780,dense,1,7.952484,0.051567055,True,True
Trh-F-400055,1008024276,dense,1,13.947347,0.08711001,True,True
Trh-F-300112,922069357,dense,1,9.494195,0.009225998,True,True
Trh-F-300112,1008024276,dense,1,17.846468,0.068817645,True,True
Trh-M-400023,988567837,dense,1,12.134877,0.15403682,True,True
TH-M-100063,1449247522,dense,1,13.165799,0.0015391794,True,True
VGlut-F-400898,1668944259,dense,0,5.2645903,0.058950715,True,True
Trh-M-400052,1008024276,dense,1,17.910702,0.066268526,True,True
VGlut-F-800130,1640555311,dense,0,17.62762,0.08811223,True,True
Trh-F-400055,953414780,dense,1,9.448387,0.07111637,True,True
Trh-F-300112,5813053851,dense,1,7.6842413,0.09846689,True,True
Trh-M-400131,1008024276,dense,1,22.575287,0.039561585,True,True
Trh-M-400110,957506896,dense,1,15.61056,0.030992983,True,True
fru-F-000094,298603730,dense,1,19.409367,0.009323261,True,True
Cha-F-000239,1733677514,dense,0,16.346144,0.07127878,True,True
TH-F-000036,5813011298,dense,0,12.139359,0.08014789,True,True
VGlut-F-400757,5901196806,dense,1,11.540961,0.091700636,True,True
TH-M-000030,328533761,dense,1,20.687696,0.15928937,True,True
Cha-F-000239,1037293275,dense,0,12.235698,0.07634939,True,True
VGlut-F-000177,672283773,dense,0,9.300411,0.13739423,True,True
Trh-M-400110,1070426862,dense,1,15.344244,0.022596233,True,True
VGlut-F-400049,297251714,dense,0,13.681577,0.2175997,True,True
VGlut-F-400186,1700644008,dense,1,9.041631,0.124789864,True,True
TH-M-300005,1289359184,dense,1,21.676477,0.12197596,True,True
VGlut-F-500876,5813034455,dense,1,15.211869,0.08134764,True,True
TH-F-100050,1289359184,dense,1,17.955189,0.11274261,True,True
VGlut-F-500876,5901196806,dense,1,8.652248,0.058292393,True,True
TH-M-000032,5813021602,dense,1,19.924725,0.045797642,True,True
TH-F-300062,1666561406,dense,0,27.557013,0.1004354,True,True
VGlut-F-400757,1730651751,dense,1,8.430722,0.09654829,True,True
Trh-F-400055,922069357,dense,1,8.900914,0.036952816,True,True
VGlut-F-400898,1700644008,dense,1,6.8567133,0.08254573,True,True
TH-F-300062,1168915489,dense,0,27.253004,0.12054795,True,True
Trh-M-300138,1008024276,dense,1,19.198887,0.0660166,True,True
Trh-M-400023,957506896,dense,1,22.52982,0.016586673,True,True
TH-M-100057,1449247522,dense,1,17.834723,0.02221248,True,True
VGlut-F-400757,5813034455,dense,1,17.165918,0.0324976,True,True
VGlut-F-700541,1700644008,dense,1,11.06563,0.076112755,True,True
TH-F-200026,329970706,dense,0,17.889782,0.042846467,True,True
TH-F-100075,5813011298,dense,1,11.409145,0.0784497,True,True
VGlut-F-300438,5813019526,dense,1,23.607084,0.058405697,True,True
Trh-M-400131,957506896,dense,1,16.387829,0.038689263,True,True
Cha-F-000239,1794055377,dense,1,17.58753,0.12894256,True,True
VGlut-F-200392,5813027276,dense,0,14.285341,0.49574172,True,False
VGlut-F-400186,1730651751,dense,0,8.201151,0.103285216,True,True
VGlut-F-400186,1888199872,dense,0,16.15973,0.27783704,True,True
Cha-F-000239,1316245799,dense,0,19.470778,0.040869854,True,True
Trh-M-400131,953414780,dense,1,10.354145,0.02317287,True,True
TH-F-200106,1225640135,dense,1,18.684366,0.01746846,True,True
TH-F-100036,359931311,dense,1,13.17732,0.019092008,True,True
VGlut-F-200392,1135441187,dense,0,29.964882,0.24048643,True,True
Trh-M-300138,953414780,dense,1,7.652351,0.048496332,True,True
VGlut-F-700541,5901196806,dense,1,14.2023535,0.08950596,True,True
VGlut-F-400184,1730651751,dense,1,6.9724364,0.13767871,True,True
Trh-M-400023,1051980223,dense,0,4.247103,0.08866372,True,True
Trh-M-300071,1008024276,dense,1,13.654471,0.03369119,True,True
VGlut-F-500335,5813034455,dense,0,21.527494,0.1793935,True,True
TH-M-200013,1035601661,dense,1,32.517696,0.09702515,True,True
Trh-M-300138,1070426862,dense,0,12.4330635,0.074733034,True,True
VGlut-F-400898,5901196806,dense,1,9.500921,0.09821801,True,True
VGlut-F-700541,1668944259,dense,1,12.457434,0.050599452,True,True
VGlut-F-700541,5813034455,dense,1,21.98335,0.12375405,True,True
VGlut-F-100002,1978573010,dense,1,28.028366,0.09676143,True,True
VGlut-F-300438,297580589,dense,0,26.045204,0.03419534,True,True
Trh-M-400052,953414780,dense,0,18.088411,0.057728577,True,True
Trh-M-400052,1070426862,dense,1,15.572165,0.031069582,True,True
Trh-M-400052,922069357,dense,1,13.631984,0.06822965,True,True
VGlut-F-600204,5813064410,dense,0,21.60652,0.11557994,True,True
Trh-M-400131,1070426862,dense,1,15.514713,0.047206547,True,True
TH-F-200004,484126552,dense,0,16.938068,0.023709865,True,True
Trh-M-300140,922069357,dense,1,16.345362,0.043127507,True,True
Trh-M-300140,1070426862,dense,1,15.418667,0.12728631,True,True
VGlut-F-400184,1700644008,dense,1,10.629636,0.15822156,True,True
VGlut-F-200319,360259229,dense,0,17.837225,0.09628334,True,True
fru-F-000094,328611004,dense,0,12.68952,0.018478874,True,True
Cha-F-000239,610274029,dense,0,43.794964,0.03417246,True,True
VGlut-F-500335,1888199872,dense,0,20.400728,0.2870317,True,True
VGlut-F-000158,296543992,dense,0,23.341942,0.054209273,True,True
VGlut-F-400184,1888199872,dense,1,14.189997,0.31048247,True,True
VGlut-F-400184,5901196806,dense,1,10.149509,0.16656166,True,True
VGlut-F-500335,5901196806,dense,0,16.101131,0.13502765,True,True
TH-F-000019,361005850,dense,0,16.424683,0.30784082,True,True
VGlut-F-400184,5813034455,dense,1,15.337378,0.20597471,True,True
TH-M-000029,361005850,dense,0,23.481361,0.025462395,True,True
VGlut-F-500335,1730651751,dense,1,13.281093,0.10914914,True,True
Cha-F-400237,5813021533,dense,0,21.413809,0.12437689,True,True
TH-M-000032,542376096,dense,0,24.447252,0.092207246,True,True
Trh-M-400131,988567837,dense,1,5.499353,0.12910342,True,True
TH-M-200010,548712377,dense,0,20.628778,0.06252122,True,True
TH-M-000032,296139882,dense,0,43.862267,0.15117778,True,True
TH-F-200026,5813049380,dense,0,32.652855,0.07301974,True,True
TH-F-200004,5813021602,dense,0,34.422424,0.16289176,True,True
TH-M-300063,329970706,dense,1,24.04727,0.04710968,True,True
TH-F-000036,510987433,dense,0,10.649603,0.05760139,True,True
TH-M-200095,422751191,dense,1,32.03231,0.030249942,True,True
Cha-F-500071,609548390,dense,1,20.64592,0.30196017,True,True
TH-M-200010,5813083780,dense,0,25.599436,0.062313378,True,True
fru-F-000094,422738252,dense,0,34.941902,0.07550217,True,True
TH-M-000032,361005850,dense,0,22.578894,0.04774335,True,True
TH-M-100016,361312808,dense,0,39.308556,0.07099952,True,True
TH-F-100075,5813021602,dense,0,33.616737,0.15418252,True,True
VGlut-F-500002,5813021602,dense,0,29.625208,0.20759618,True,True
VGlut-F-200036,979627466,dense,0,19.723171,0.18932904,True,True
VGlut-F-000463,5813024692,dense,0,33.399372,0.07013232,True,True
TH-M-200095,393766777,dense,0,38.024754,0.19256505,True,True
VGlut-F-000158,297917475,dense,0,48.835888,0.27735272,True,True
TH-M-200010,5813020996,dense,0,35.075108,0.055735108,True,True
Cha-F-400237,701201945,dense,1,25.624685,0.13341987,True,True
Gad1-F-600059,359598627,dense,1,26.608852,0.014655421,True,True
TH-F-200064,361312808,dense,0,36.15468,0.06905037,True,True
Gad1-F-600059,1110972158,dense,1,23.373198,0.048112832,True,True
TH-F-200081,361312808,dense,0,35.580673,0.10735012,True,True
fru-F-000094,548712377,dense,0,55.66999,0.036964167,True,True
Cha-F-000329,454002974,dense,0,39.749535,0.038417794,True,True
TH-M-300063,5813049380,dense,0,34.522663,0.082279876,True,True
Cha-F-200299,5812987694,dense,1,3.7802737,0.08806223,True,True
TH-F-000036,486880919,dense,0,12.684587,0.17267305,True,True
VGlut-F-000463,610274046,dense,0,46.75541,0.088846005,True,True
TH-M-200095,548712377,dense,0,28.212938,0.12936157,True,True
VGlut-F-100002,5813055298,dense,0,27.428381,0.15182608,True,True
TH-F-300037,361312808,dense,0,36.447998,0.066585995,True,True
VGlut-F-200319,5813068669,dense,0,47.114223,0.074331276,True,True
Gad1-F-600059,298595394,dense,1,10.374844,0.09247684,True,True
TH-M-200010,735941254,dense,0,32.670845,0.11803317,True,True
VGlut-F-400049,327499164,dense,0,78.866135,0.17960139,True,True
TH-F-200034,361312808,dense,0,22.816658,0.06890302,True,True
TH-M-200095,579575594,dense,0,27.306122,0.12795909,True,True
TH-M-200049,361312808,dense,0,51.612373,0.035942163,True,True
VGlut-F-600204,1005857944,dense,0,12.428744,0.26359376,True,True
VGlut-F-200036,5813021583,dense,0,24.630365,0.03938384,True,True
VGlut-F-000463,610274029,dense,0,46.91695,0.086253226,True,True
VGlut-F-600204,5813068748,dense,0,24.865065,0.1384554,True,True
VGlut-F-400049,330268940,dense,0,63.29384,0.13591257,True,True
VGlut-F-200319,421646999,dense,0,20.47285,0.3077965,True,True
TH-M-200064,361312808,dense,0,43.28416,0.07154857,True,True
Gad1-F-600059,455431209,dense,1,25.727169,0.025430849,True,True
VGlut-F-000158,361273559,dense,0,10.336099,0.20390818,True,True
Trh-M-300071,957506896,dense,1,8.551841,0.04250669,True,True
Trh-M-300071,1070426862,dense,1,10.326169,0.02331643,True,True
VGlut-F-600204,669325882,dense,0,81.72517,0.018774474,True,True
TH-F-100075,510987433,dense,0,10.191435,0.050481718,True,True
TH-F-200004,510987433,dense,0,10.572007,0.044983584,True,True
TH-F-100075,329225149,dense,0,57.317947,0.120996445,True,True
TH-F-000036,326817334,dense,0,12.38562,0.122642405,True,True
TH-F-100095,361312808,dense,0,16.431862,0.051693592,True,True
TH-F-100075,297251714,dense,0,35.3047,0.09013189,True,True
VGlut-F-500002,297251714,dense,0,36.211388,0.14435132,True,True
Cha-F-000329,579510789,dense,1,44.087315,0.084229715,False,False
TH-M-300063,331662710,dense,0,28.959684,0.07305565,True,True
VGlut-F-500002,296139882,dense,0,22.937466,0.10758104,True,True
TH-F-200004,361005850,dense,0,31.044271,0.17893426,True,True
VGlut-F-000158,298214577,dense,0,12.993747,0.29474276,True,True
TH-M-000045,361312808,dense,0,49.57288,0.051818617,True,True
TH-F-200026,331662710,dense,0,15.805707,0.07085442,True,True
VGlut-F-300438,358890923,dense,0,9.681079,0.048669495,True,True
TH-M-000029,5813055949,dense,0,33.944305,0.08943507,True,True
TH-F-000010,359931311,dense,1,7.9370413,0.02575847,True,True
Cha-F-200299,5813059915,dense,0,14.939486,0.20497042,True,True
VGlut-F-200036,5813056261,dense,0,19.24411,0.120893694,True,True
TH-F-000009,5813021112,dense,0,12.509984,0.20436196,True,True
VGlut-F-000016,5813033371,dense,0,14.176045,0.29759893,True,True
VGlut-F-200392,950880008,dense,0,30.043034,0.35866055,True,True
Trh-M-700039,543692985,dense,0,18.109465,0.16351102,True,True
TH-F-200106,5813055913,dense,0,34.279823,0.16564482,True,True
TH-F-300062,5813082239,dense,0,16.58972,0.21370263,True,True
TH-F-100095,328611004,dense,0,5.7412877,0.10999189,True,True
VGlut-F-300438,390280026,dense,0,14.134435,0.047234923,True,True
Trh-M-300071,5813062858,dense,1,15.024592,0.3040994,True,True
TH-M-200013,1107561814,dense,0,62.250107,0.22407006,True,True
TH-F-200081,328611004,dense,0,14.922511,0.17480996,True,True
Trh-M-300071,953414780,dense,1,17.098158,0.027241886,True,True
Cha-F-100135,422738252,dense,0,16.578085,0.09987755,True,True
TH-M-000029,487143497,dense,0,17.916294,0.3194877,True,True
VGlut-F-000111,484359937,dense,1,22.0605,0.19934522,True,True
Trh-M-700039,516055524,dense,0,22.675339,0.11993536,True,True
Cha-F-300267,329646990,dense,0,15.001325,0.19149856,True,True
VGlut-F-500002,329225149,dense,0,61.755943,0.17458495,True,True
TH-F-300037,328611004,dense,0,16.520458,0.13280636,True,True
Cha-F-100135,424793122,dense,0,24.74967,0.1847134,True,True
TH-F-200034,328611004,dense,0,6.3015018,0.13988438,True,True
VGlut-F-100002,5813126031,dense,0,36.126633,0.20461056,True,True
VGlut-F-100002,2095549849,dense,0,14.589012,0.15088944,True,True
TH-M-300005,579268807,dense,0,12.173811,0.15796977,True,True
VGlut-F-000111,5813032849,dense,1,29.10164,0.2138159,True,True
TH-M-000008,579268807,dense,0,18.0162,0.07690816,True,True
TH-F-200037,422751191,dense,0,19.022978,0.2609402,True,True
TH-F-200037,330640044,dense,0,36.902256,0.07477532,True,True
VGlut-F-400049,360255138,dense,0,47.960587,0.24852638,True,True
TH-F-100095,5813049380,dense,0,22.378838,0.10640545,True,True
VGlut-F-000303,5813056909,dense,0,17.25153,0.051082544,True,True
TH-F-100083,5813049380,dense,0,24.259138,0.16567719,True,True
TH-F-200037,517514142,dense,0,28.621464,0.13563581,True,True
VGlut-F-200036,823058891,dense,0,43.195557,0.17597464,True,True
TH-F-100099,328611004,dense,0,5.63178,0.12562989,True,True
VGlut-F-000111,671233447,dense,1,16.405722,0.25334603,True,True
TH-M-100016,328611004,dense,0,22.942581,0.1388856,True,True
VGlut-F-000111,1043705078,dense,1,16.353928,0.3273245,True,True
TH-F-300078,576825965,dense,0,38.053234,0.3675849,True,True
Cha-F-100135,735941254,dense,0,39.04774,0.08784312,True,True
TH-F-200037,328611004,dense,0,27.036592,0.15670854,True,True
VGlut-F-400049,329225149,dense,0,52.111046,0.24437961,True,True
TH-M-300063,5813020673,dense,0,55.284622,0.07877518,True,True
TH-F-000019,514842241,dense,0,28.187456,0.1827333,True,True
TH-M-000045,328611004,dense,0,30.218952,0.12614739,True,True
Cha-F-100135,5813020996,dense,0,43.405304,0.15910877,True,True
VGlut-F-000303,575768294,dense,0,11.353244,0.07485655,False,False
Cha-F-000329,609548390,dense,1,38.977512,0.13839132,True,True
TH-M-200064,328611004,dense,0,24.894875,0.13334587,True,True
TH-F-200081,5813049380,dense,0,10.159824,0.17173183,True,True
TH-M-000008,5813055913,dense,0,17.678198,0.053709153,True,True
TH-F-200096,5813049380,dense,0,14.573946,0.15707408,True,True
TH-M-200013,5813048837,dense,0,55.876663,0.13344365,True,True
TH-F-300037,393063351,dense,0,44.218002,0.28448632,True,True
TH-F-000019,487143497,dense,0,26.993637,0.57641107,True,False
TH-F-200064,328611004,dense,0,19.06265,0.14198455,True,True
TH-F-000009,797442049,dense,0,40.754948,0.14546488,True,True
VGlut-F-200392,5812987694,dense,0,24.832952,0.23522805,True,True
Trh-M-100071,707539688,dense,0,10.45871,0.1479435,True,True
TH-F-000036,602368546,dense,0,11.444193,0.021743774,True,True
VGlut-F-700261,1228265278,dense,0,23.168032,0.11762473,True,True
TH-F-200034,393063351,dense,0,51.909283,0.29069623,True,True
TH-F-000009,1014344148,dense,0,38.219116,0.29779193,True,True
Trh-M-200043,2040301572,dense,0,27.644102,0.027968237,True,True
TH-F-000009,5813063093,dense,0,46.971676,0.029549789,True,True
VGlut-F-000303,329897255,dense,0,23.115118,0.08072136,True,True
Trh-F-100066,707539688,dense,0,19.174948,0.1928377,True,True
VGlut-F-100035,5813068707,dense,0,14.373117,0.025309172,True,True
VGlut-F-100035,488231898,dense,0,14.8707485,0.038880385,True,True
TH-M-200064,298258399,dense,0,18.181837,0.1199843,True,True
TH-F-100083,329970706,dense,0,31.026497,0.050067317,True,True
Trh-F-100001,707539688,dense,0,20.044813,0.19308938,True,True
VGlut-F-200062,5813021602,dense,0,40.920452,0.054564174,True,True
TH-M-200035,543692985,dense,0,33.871685,0.07646502,True,True
VGlut-F-200062,487143497,dense,0,58.896587,0.23540369,True,True
Trh-F-100001,922069357,dense,0,12.727956,0.29247224,True,True
TH-F-200064,5813049380,dense,0,20.5692,0.14197338,True,True
Trh-M-100071,614081151,dense,0,10.960831,0.15417293,True,True
Cha-F-300267,298258399,dense,0,25.533998,0.05752737,True,True
VGlut-F-400334,576825965,dense,0,26.33801,0.17856245,True,True
Trh-M-700039,1043117106,dense,0,34.70814,0.2811871,True,True
Trh-M-100071,922069357,dense,0,4.9620523,0.24922,True,True
TH-F-200064,5813055800,dense,0,28.11447,0.06789834,True,True
Trh-F-100038,704699661,dense,0,57.572567,0.28926653,True,True
VGlut-F-100035,5813011119,dense,0,22.791313,0.07399241,False,False
TH-F-300078,736860990,dense,0,23.015356,0.39776924,True,True
Trh-F-100066,614081151,dense,0,19.692305,0.19966997,True,True
TH-F-200096,5813020673,dense,1,35.351833,0.111731336,True,True
Trh-M-100025,614081151,dense,0,11.365373,0.17367542,True,True
VGlut-F-200062,417221397,dense,0,41.90092,0.230117,True,True
Trh-M-100020,328611004,dense,0,28.011679,0.18383127,True,True
TH-F-100095,329970706,dense,0,50.809162,0.009421889,True,True
TH-M-300005,423101189,dense,0,53.330223,0.30762818,True,True
VGlut-F-100035,636789034,dense,0,17.520931,0.1138164,True,True
Trh-F-100066,5813057861,dense,0,23.85529,0.1826179,True,True
TH-F-200096,5813055800,dense,0,20.81081,0.08025331,True,True
TH-F-000091,298258399,dense,0,21.629606,0.14607176,True,True
VGlut-F-000177,1042656011,dense,0,38.2488,0.096533045,True,True
Trh-M-100025,705795727,dense,0,29.366241,0.20717344,True,True
TH-M-200013,1192019859,dense,0,58.248955,0.26719046,True,True
TH-F-100050,5813041180,dense,0,16.359587,0.31510717,True,True
Trh-M-100037,704699661,dense,0,69.245636,0.21775399,True,True
Trh-M-700039,456847100,dense,0,35.212124,0.4278449,True,False
TH-F-000012,579912201,dense,0,55.23867,0.036876258,True,True
Trh-F-100066,5813009620,dense,0,48.076942,0.2621377,True,True
Trh-F-100001,614081151,dense,0,20.677351,0.19951199,True,True
Trh-M-100025,5813057861,dense,0,31.346062,0.14608537,True,True
fru-F-000131,297925608,dense,0,66.929985,0.20210789,True,True
Trh-F-000008,704699661,dense,0,57.644276,0.302603,True,True
Trh-M-100037,1727979406,dense,0,46.689045,0.29088464,True,True
VGlut-F-100125,1135837629,dense,0,31.507126,0.0808023,True,True
VGlut-F-400334,736860990,dense,0,26.033438,0.24489337,True,True
TH-F-200096,387568523,dense,0,18.247343,0.08893184,True,True
Trh-F-100038,693927941,dense,0,58.029972,0.24860449,True,True
Trh-M-100025,5813060787,dense,0,16.81479,0.09043516,True,True
VGlut-F-000303,698569644,dense,0,35.58626,0.15240128,True,True
Trh-F-100001,642694410,dense,0,14.958714,0.12321741,True,True
VGlut-F-100003,704699661,dense,0,64.221115,0.25891954,True,True
VGlut-F-000177,1479156699,dense,0,19.35102,0.42149815,True,False
TH-F-000010,331774819,dense,0,114.00211,0.06589966,True,False
TH-F-000010,543821838,dense,0,57.64457,0.15403187,True,True
VGlut-F-700261,1352684733,dense,0,48.243248,0.15974613,True,True
TH-M-300005,1036637638,dense,0,35.533077,0.16756746,True,True
VGlut-F-100125,640194409,dense,1,36.114574,0.30777752,True,True
TH-F-100050,1160073701,dense,0,13.824824,0.19849774,True,True
Trh-M-700039,329897255,dense,0,50.193253,0.31937146,True,True
TH-M-000008,581746661,dense,0,45.787518,0.11613615,True,True
VGlut-F-400334,5813011660,dense,0,33.683773,0.13635513,True,True
TH-F-200081,387568523,dense,0,23.414331,0.104256585,True,True
TH-F-100083,298258399,dense,0,15.967813,0.15249966,True,True
VGlut-F-200251,424793122,dense,0,37.670673,0.38718215,True,True
TH-F-300078,447599745,dense,0,34.56739,0.22184928,True,True
TH-F-100050,975197713,dense,0,11.505847,0.20670962,True,True
Cha-F-500071,828455033,dense,1,33.519634,0.19031222,True,True
Gad1-F-500004,5813021943,dense,0,91.06272,0.27395383,True,True
TH-M-200035,5813021943,dense,0,90.49193,0.22319704,True,True
VGlut-F-100003,693927941,dense,0,62.412605,0.20678312,True,True
Trh-M-100037,693927941,dense,0,68.22712,0.17032674,True,True
TH-F-300078,667266529,dense,0,27.562477,0.39738885,True,True
TH-F-100036,331774819,dense,0,106.63984,0.0729062,True,False
VGlut-F-000177,515049524,dense,0,22.030895,0.13055372,True,True
Cha-F-500071,764377593,dense,0,29.667702,0.18488874,False,False
Trh-F-000008,1727979406,dense,0,35.79252,0.37389058,True,True
Trh-F-000008,693927941,dense,0,58.396103,0.2577845,True,True
VGlut-F-700261,5813040277,dense,0,24.212166,0.20916182,True,True
Trh-M-100037,5812982656,dense,0,62.974663,0.3879162,True,True
TH-M-100063,1572390197,dense,0,62.34087,0.16974333,False,False
VGlut-F-700261,859839499,dense,0,47.97027,0.24705394,True,True
VGlut-F-400334,5812980494,dense,0,18.22054,0.051064722,True,True
VGlut-F-100003,5812982656,dense,0,64.848785,0.41069856,True,False
TH-M-100057,1572390197,dense,0,53.96318,0.15663229,False,False
TH-M-000008,611693656,dense,0,28.037292,0.0940171,True,True
VGlut-F-000177,1354368623,dense,0,23.416967,0.29672217,True,True
fru-F-000131,328265389,dense,0,62.85916,0.3197853,True,True
Trh-F-100038,5812982656,dense,0,50.859947,0.47076654,True,False
TH-M-100057,5813069496,dense,0,65.69811,0.16224958,False,False
Cha-F-300267,328601956,dense,0,59.511158,0.22073713,True,True
Gad1-F-500004,5813057153,dense,0,41.145103,0.2624152,True,True
Trh-F-000008,5812982656,dense,0,53.81771,0.47330248,True,False
Cha-F-500071,1013346945,dense,0,10.024892,0.03415781,True,True
Cha-F-000329,5813078595,dense,0,62.28193,0.11062318,True,True
Gad1-F-500004,452953198,dense,0,32.001255,0.06353802,True,True
TH-M-200035,452953198,dense,0,31.972242,0.08963599,True,True
TH-M-200035,696850811,dense,0,38.125862,0.07087792,True,True
TH-M-100057,925241334,dense,0,27.249712,0.07318201,True,True
TH-M-000008,520617773,dense,0,43.245422,0.1921397,True,True
Trh-F-100038,549597974,dense,0,96.90314,0.08674732,True,True
TH-F-300037,267551639,dense,0,26.450129,0.16333117,True,True
TH-M-100057,1048250312,dense,0,28.208147,0.08000188,True,True
TH-M-200049,267551639,dense,0,4.3731627,0.1272715,True,True
fru-F-000131,543821838,dense,0,55.090553,0.15335655,True,True
TH-F-200034,327937328,dense,0,27.872028,0.17193037,True,True
fru-F-000131,391496898,dense,0,113.221146,0.026342832,True,False
Gad1-F-500004,544046671,dense,0,87.64811,0.19908327,True,True
TH-F-200034,267551639,dense,0,32.38285,0.17207979,True,True
TH-M-000045,267551639,dense,0,4.546026,0.16020814,True,True
fru-F-000131,361704572,dense,0,49.13557,0.18509993,True,True
TH-F-200106,727652372,dense,0,56.730286,0.04026542,True,True
VGlut-F-100003,549597974,dense,0,101.62912,0.08973745,True,False
TH-F-000012,667266529,dense,0,82.46675,0.27261418,True,True
VGlut-F-100125,329566174,dense,0,100.119934,0.14821668,True,False
VGlut-F-200251,514850616,dense,0,55.3905,0.18355128,True,True
VGlut-F-000556,915481348,dense,0,45.655243,0.2937906,True,True
TH-F-200106,1134107162,dense,0,51.41981,0.22114466,True,True
VGlut-F-100125,5813020347,dense,0,91.141304,0.09738122,True,True
TH-F-200106,884916323,dense,0,28.946297,0.066996835,True,True
VGlut-F-200251,5813011133,dense,0,18.116713,0.22102515,True,True
VGlut-F-100125,488922181,dense,0,96.35808,0.33868405,True,True
TH-M-100063,1443135486,dense,0,61.228878,0.19490512,True,True
VGlut-F-000556,978177557,dense,0,90.952576,0.1464038,True,True
VGlut-F-000556,945058110,dense,0,97.72132,0.22214742,True,True
VGlut-F-000556,944720631,dense,0,111.21105,0.16996379,True,False
Cha-F-000329,451982486,dense,0,58.77215,0.04115028,False,False
TH-F-000012,573333835,dense,0,122.12568,0.323188,True,False
fru-M-300299,548993536,dense,0,62.185528,0.17608717,True,True
TH-M-100063,1449618949,dense,0,63.459656,0.3873379,True,True
TH-M-000030,1630051981,dense,0,110.91276,0.41212437,True,False
TH-M-300063,5812981000,dense,0,95.95245,0.069388635,True,True
