em_id,cph_p100,cph_p99,cph_p95,cph_p90
1005857944,0.00485630156648612,0.004973226266158931,0.0053160766976177,0.005652479472180762
1008024276,0.0027191659778381463,0.0028723352591417182,0.004686743644791695,0.00553185757041087
1008378609,0.004678946426314683,0.005084160869391758,0.005262201764928308,0.005700789214561215
1012954687,0.0045843458054071915,0.007615937363424377,0.008169448549552535,0.009166753512752005
1013346945,0.0018605933288392172,0.002069042442326542,0.0033588685438824635,0.004897510860290114
1014344148,0.0030475826391158888,0.003314855077808533,0.0046960697610792974,0.006590094545409385
1016835041,0.012173466772850396,0.013740572886981176,0.013882648483822797,0.01372228474593356
1035601661,0.003088593382437567,0.0031761934054247614,0.003506285392227648,0.004139189366581667
1036637638,0.007337963066041838,0.007666157193769026,0.00821982650871465,0.008736570432528968
1037293275,0.0032248000527195764,0.003265110492258606,0.0032818242785370056,0.003377975908403599
1042656011,0.0033577211892547813,0.0033652176240369066,0.003328069354245154,0.0032838300446394316
1043117106,0.002613771720759691,0.003867580187890002,0.004723098416347035,0.006114592445084627
1043705078,0.002821789562324683,0.003210871804526862,0.004465806062068697,0.004863773768191215
1048172314,0.007180626496388685,0.009190661109533855,0.009209139980625952,0.008900239424777807
1048215779,0.016002091438961006,0.01634071992013178,0.01624977241918721,0.015922545609079103
1048250312,0.0029214028349081288,0.0029516485159634307,0.0030966774547442058,0.0037550355949228695
1051630846,0.006481151638002428,0.006449991295422021,0.006960411391799712,0.007065876756895817
1051980223,0.0030389335508390074,0.003056969483466309,0.004179637049338243,0.004544087899702799
1070426862,0.002403929850931113,0.0024293605937462117,0.0035796355743480885,0.004769163844229345
1078693835,0.024366985577804954,0.0263425993181925,0.028415742326074748,0.02822550298101712
1100792636,0.01168929283043141,0.022791273787253107,0.026348584430403197,0.02974460350920679
1101133698,0.016915525344545747,0.018012238540944837,0.018494356016623862,0.01994236546195074
1105169664,0.0029485587666852374,0.0032888869114639434,0.006160106562583858,0.0063666542972349765
1107081827,0.0030152120731293175,0.003940060672037913,0.004521209006719833,0.004894236193335421
1107561814,0.010506477054101944,0.010584511189557168,0.012396032398944748,0.01348830994346351
1110972158,0.003224697082548456,0.003209872137169796,0.0031977293663502473,0.0031188444919906444
1131827390,0.005281389320838797,0.005520197203797001,0.006238158831973667,0.006942797844663391
1134107162,0.0029831417442913507,0.003149320365661851,0.003659482822158738,0.003923211618178502
1135441187,0.017764088669770164,0.01974092823859138,0.024644531465293273,0.027975818997168875
1135837629,0.0026487779024252354,0.0028870166235091797,0.0033668045092927167,0.0036417627056692463
1141324564,0.004858054533543781,0.004907382460415299,0.005131951489221289,0.006051170342764476
1141337605,0.007638352742794161,0.007823087490066858,0.009876682741907386,0.011866018405291084
1141678665,0.005738917375506728,0.005749198722927551,0.005816067574975684,0.008940359398386388
1142011140,0.006096357201157697,0.0062250301370551184,0.007122034526863678,0.009015004034243499
1142356576,0.007655970447894538,0.0076195327059781675,0.009492780232258838,0.011587971797076355
1142365351,0.008374429842436719,0.008453940171159774,0.008415245285037965,0.011937282832755488
1160073701,0.0014572698312573375,0.0015213608946691806,0.0015680275444322062,0.0015498190662469283
1167304403,0.018905754680088746,0.018760277497915513,0.019991120909540975,0.028751374828113387
1168915489,0.008518234758861317,0.00923791019323668,0.013675664171408692,0.014869538825880789
1171690479,0.006734355267511054,0.006664548279433007,0.006991716018946148,0.008557174299676451
1172372382,0.0021149551481907604,0.00210547892693505,0.0021766654400381105,0.0021665148009655864
1173045815,0.005778999672845919,0.005741242848933887,0.006232022256160847,0.008329878029822737
1173745330,0.004993360398581417,0.0049582812121111985,0.005021607746884115,0.007466339186573545
1191315642,0.0022967246287062554,0.002308867818755615,0.00231108142553814,0.002367707193577476
1192019859,0.0011886761638915033,0.0012000824632928694,0.0012848343195730994,0.0013394636220439994
1193560072,0.011208421908848168,0.011862184332985986,0.012658371614567886,0.013842051603235442
1198006801,0.018677422107013307,0.020284590388361192,0.021728733414921163,0.02118041310938161
1198330286,0.006205204741087483,0.006360458718273784,0.007041635971624564,0.008286842756540343
1198330641,0.046834813766264416,0.05880021673356858,0.06365233157109987,0.0645553234489834
1204175835,0.005295405253790341,0.005338608919216307,0.006487642975987742,0.006671272614255933
1205090786,0.00516440243422982,0.005106606583581648,0.004971361358199375,0.0048799722889305355
1206114100,0.004404424944714343,0.00436537869894059,0.004263594176719068,0.004256144043987594
1224258912,0.00911797270436284,0.010874721403724629,0.014078281658124595,0.021014929672923798
1224595289,0.024391270032283495,0.026865774433904623,0.030405941183263757,0.032846517413795115
1224595608,0.003938293422427518,0.004399152997873382,0.005867008187251877,0.006773882725541513
1224941044,0.0033615056735901423,0.0033822807902789236,0.003688979844994526,0.0038075655836642764
1224945418,0.008217342794082124,0.009832811794257988,0.013722319010313677,0.020272426103407733
1225290633,0.006783004709458696,0.010179229126300688,0.011269585480454309,0.011965161048081426
1225640135,0.002348826088297804,0.0024029938120429858,0.0024593865539206537,0.0026527424823745284
1228265278,0.004035272771117239,0.004209554082987785,0.004979918309527207,0.006058693910220897
1228683492,0.012491460242578755,0.020273986608076753,0.03504381860779272,0.03599378374981696
1261000309,0.01765664671561598,0.017438330828357627,0.022571455096358727,0.030784217901048034
1261129711,0.002274270107825342,0.002394433704796763,0.002878095254074392,0.003709288155681588
1261130127,0.002776734860392108,0.0030091518574767964,0.004071345239552957,0.005621711690099034
1261423370,0.021617500092235935,0.02128347965737403,0.029165605948325547,0.039963725976177665
1262114202,0.01599777860686809,0.015860273953609526,0.035168499698537754,0.03679058717412347
1262360335,0.013177048330753026,0.014621703678868768,0.02257741315066895,0.030025019323495685
1266871604,0.008350308580125863,0.008305585536725531,0.008287569490991397,0.008390202987877111
1289359184,0.004483614117827465,0.004787539740217102,0.005349553642376271,0.0057115041970473585
1290416713,0.010308911813513894,0.013336527302410084,0.02940099431094865,0.029601936274724537
1316245799,0.002945201517236804,0.003024916367283447,0.003033107953729206,0.0037517765447555723
1321564092,0.01642975633696662,0.01789441834539509,0.020656288995837546,0.02232351378570686
1322474586,0.010205155793003882,0.010485852699872877,0.013816275593438263,0.019510106689860234
1352684733,0.0063958813534755665,0.006556821510338035,0.006826332322182438,0.007064538768961844
1354368623,0.004652781263420965,0.004644463522050356,0.0055058725329091,0.007233053259500315
1378251040,0.0034647790488889557,0.003635783158481202,0.003968859400119085,0.004126354314054917
1383016399,0.006108724182423207,0.006843913411055407,0.007746563999875231,0.008543882183290127
1406911688,0.00393539825807378,0.004954247572890439,0.005931365692136199,0.007272404039904722
1419019956,0.0043475376782139705,0.004339750664509779,0.004315558081596724,0.004590378768407018
1443135486,0.002102515903608212,0.0022672332338113535,0.0033783262614069027,0.0039915982366956
1448929233,0.023499959786487886,0.027193014016297003,0.04696496996047841,0.06011965461981907
1449247522,0.003720603798001922,0.0038800330609545315,0.00402172335490169,0.004313135419503447
1449618949,0.0014278942329219923,0.0015097699599276868,0.0016677315265920772,0.0016761002817328712
1469403612,0.00473637474513522,0.004762646228174973,0.006441592352691761,0.01826110887391635
1479156699,0.005851971989772499,0.00584583322165499,0.006990410430882128,0.00949698977622093
1480525278,0.005465191468341516,0.0058249822549825,0.0077699008645111195,0.008279526525119171
1510648834,0.014603220732197853,0.01467726308977284,0.02721751264341057,0.0302529704193635
1572390197,0.004981037370734266,0.00785590205544235,0.011279739765901896,0.013116666997037481
1578826464,0.027438605149218878,0.02809135525567334,0.02914041992710645,0.0301763330654336
1602402027,0.0042677208948495296,0.004304393398408684,0.0042328699749613515,0.004252962415884088
1610224198,0.028343400781814763,0.028430184386428105,0.028639431618269408,0.02838038539517584
1630051981,0.003715392382805726,0.0037103269820638616,0.004022001040477494,0.0040048335123922
1639886198,0.02978419409481028,0.030267793320949088,0.030800309677015244,0.031500883188601426
1640555311,0.025240222646124733,0.025877856763636346,0.027051936686865903,0.027704881303573688
1640572741,0.034598784452892085,0.03476024304286378,0.03552195701339705,0.035644675107736855
1640887603,0.020747258655619737,0.026129559746749745,0.027613202454471523,0.02845915020861686
1640909284,0.043444912148615095,0.044152974898621196,0.045970301942679016,0.04783295513689778
1640922516,0.03209183384113446,0.036530049922751925,0.03831948016709764,0.040029275435810516
1640922754,0.02053024391474236,0.020789951423529667,0.021879504223124742,0.022533087589085406
1641250106,0.022324095298340434,0.02252008508035336,0.023015617968628038,0.023640844925091185
1666561406,0.006828890252450024,0.0077991752299799355,0.01059339297522481,0.011375344159007005
1667251683,0.03203421439482453,0.03647870323800358,0.04044114823821597,0.04348546151187554
1668944259,0.007811667464884399,0.007976771393351578,0.010775342952978318,0.011533877320726563
1669924220,0.02005089430479573,0.0218268949415245,0.024011068262827947,0.024024292508401723
1670278227,0.007030017980847311,0.007100231923757769,0.007363970959615063,0.008387151944899607
1670597533,0.015521633143821593,0.02421445588259866,0.026153557768081048,0.02675329309264696
1671257931,0.01961637141855758,0.021110741263221915,0.021964537137133765,0.022835396610365297
1671620613,0.03956404958065977,0.04331675407639374,0.045845204806442205,0.04728926938299991
1671638278,0.002844669120165794,0.0028836366663262713,0.0030166767152195223,0.003343647218116671
1672320134,0.02945187030525947,0.029900874101337845,0.030630130692336957,0.0310200464602381
1699974843,0.04006662415170371,0.040738845741974054,0.04326968165790734,0.044268840995134215
1700644008,0.006963532258727994,0.007118549628452589,0.008079895168616463,0.009525619472094333
1702306037,0.024256039461824867,0.025108857106944178,0.025836329635083727,0.026855771131387058
1704347707,0.041246698090329714,0.0412172718395343,0.043393900440943566,0.044669745864786045
1727979406,0.0027630815097080988,0.002749815445469792,0.00269360736797345,0.0026975992189161918
1729935421,0.0038327472827304142,0.004198712125122464,0.005944982983016322,0.008552248608927126
1730651751,0.007111269315258551,0.007111766275122067,0.009368654975502337,0.01061024559868122
1733677514,0.0035662085023254212,0.0035338695686564646,0.0036294122116525603,0.0047556981175440535
1762359683,0.021812418925844783,0.022601065386003896,0.023422385791557372,0.02412781521061773
1793403571,0.003069148768664583,0.0030622067758422264,0.0030370613765230013,0.0030171255894839272
1794055377,0.004235096728047528,0.004346519495937213,0.004645291948297897,0.004763084999892147
1888199872,0.008081047244539105,0.008902947915764537,0.010828837325200647,0.013712332042387896
1916800213,0.019921595092802277,0.020225529422349408,0.020378030864103343,0.02164328221114661
1978573010,0.0045077887198236265,0.004676708461316947,0.005097624906813817,0.005214658661580269
203253253,0.005014525666920284,0.005195235176804181,0.005270791883433964,0.005567250689923046
2040301572,0.007847848037878784,0.007882454907085121,0.008564276246491634,0.009761656992682265
2095549849,0.006107735230745935,0.006413617684011779,0.0067994730657327295,0.0074843170714182505
2135408892,0.018574308266472963,0.01871243767426193,0.01891046864421543,0.01929194091821652
266187383,0.011231987130395112,0.0114594388032033,0.011805202500716736,0.01220683655414295
267551639,0.002718556295880751,0.0028265627111246166,0.003305407585873061,0.0038849145280010935
267896360,0.009777958330689505,0.009969329977084187,0.010670629201536629,0.011574242884147545
294436967,0.01057894503031916,0.016199254212629986,0.017442240529451834,0.01806047170142702
296139882,0.009230691552437649,0.010443970852570138,0.010745636447469068,0.011236064818744533
296543992,0.006624709778353372,0.006889604710360744,0.00820445415435471,0.008808119260454045
297166053,0.004466295122117405,0.004529225491698699,0.005262632637682614,0.0055851917306386206
297230760,0.009888657718705273,0.010022176261510163,0.014146132252805952,0.01510335401575011
297251714,0.010377672377232939,0.010684580446449578,0.011713218084974558,0.01241828563545089
297580589,0.00964922470478325,0.009641616334489008,0.009863549708858254,0.009989603393742358
297917475,0.011577672924693356,0.0152543674465314,0.01799651725936797,0.01976450189943794
297925608,0.011278397544900485,0.012174876963394437,0.014505656580615275,0.020725514969449327
298214577,0.007764572186706189,0.008523569921681497,0.01025001336103107,0.014977417116724718
298254384,0.017220512545025685,0.01745233083972553,0.018628850667579216,0.02135107528619671
298258399,0.003113740587037826,0.003474681256344404,0.004021726989002559,0.00409998080906195
298258611,0.015287076544932223,0.01544528026624795,0.017196683077837973,0.019105335709043304
298595394,0.00286016143336044,0.002879074358002421,0.0028362355272531963,0.002989111969353503
298603730,0.0029520140805486344,0.0029687624110240275,0.0035792884323124856,0.004005504422757044
298612190,0.0118512678613709,0.011729131710787584,0.01244680457702484,0.012821628730743303
299082033,0.004255279198341973,0.004814523906709499,0.005246867583147552,0.006145241094367839
300972942,0.00598521697214707,0.007216301740760265,0.014088160951523692,0.020477787546187547
326253554,0.003798736013418108,0.004118559735244063,0.004545745731144156,0.005218613756293034
326817334,0.004556444680722708,0.004524017306126661,0.006445211968599684,0.00833332376232978
327499164,0.009934816143326893,0.010938537752783186,0.0125753970062233,0.014585986540266303
327937328,0.0029279340109316177,0.002965470148575921,0.004072763867403819,0.004587668671322359
328265389,0.011172671852215238,0.01222053570749107,0.01480051209484718,0.017726566785484007
328533761,0.0082429052688096,0.00956960899041727,0.010655887596696955,0.011249802936909442
328546871,0.0037417285173903126,0.003729810864457429,0.0036681083009526025,0.0035772138266854446
328601956,0.00277973644509998,0.0030641135932203086,0.003467817720766514,0.003882763491729519
328611004,0.006659891791407598,0.007422433764279241,0.009551667721423573,0.0122970781037008
328632707,0.010979652034334753,0.012535888844848983,0.016235661726994106,0.018705908002539146
328870472,0.01570920680750621,0.016208806422932223,0.024077692747841294,0.0274503378576124
328943204,0.007633094635524804,0.007895536622029345,0.008826152248142455,0.008948122746101099
329225149,0.004653227051866324,0.00526215089926961,0.005664782378214361,0.006247908115360667
329289084,0.00631034556837262,0.0066073017916760835,0.007110186122582681,0.007857093838098912
329566174,0.005009193006754008,0.005542722240371043,0.00626955655033257,0.0065415393612079445
329566197,0.0073691441253847315,0.00737758742114531,0.007276093947019106,0.007312620299206986
329646990,0.0021649413289478964,0.0021902631767209764,0.0024798170411318727,0.0027865877889758773
329897255,0.004049766640007967,0.004250010058817389,0.004788813572415449,0.0052254054126595305
329970706,0.003677918911856512,0.003915778874814268,0.0041445402132009555,0.0044672175123036265
330268940,0.020063544715206126,0.020728749364395546,0.02391634580845604,0.026740000984010016
330640044,0.008820170044054472,0.010553157869537273,0.011441185220192511,0.01240863654299998
331662710,0.007491428241166096,0.007432384181847011,0.007185042606612826,0.007029242857653586
331774819,0.00916543929863345,0.009746558424045211,0.01246415630426132,0.014397812307310817
358890923,0.005383587039346295,0.005487582436208651,0.006365668710574639,0.0066941109196296585
359598627,0.0031576645170727255,0.003138017794826341,0.0031127118693293626,0.0031132766921842152
359931311,0.004746535894408307,0.004750448172172813,0.0048767616024498785,0.0048281762335496215
360255138,0.006710091704635616,0.008109433919234145,0.009772255240689635,0.011104463139765064
360259229,0.01443610227275628,0.014276450933858188,0.014544117772916138,0.014945658168667726
360591860,0.012990190950879244,0.013305195465599036,0.016786690808144225,0.018646653210148384
361005850,0.007437011031783712,0.008631820035009053,0.010082078795547799,0.011367716053071523
361040812,0.006754771654965428,0.006891570546761703,0.008513563833004218,0.013665371578589302
361273559,0.004994876896442838,0.004973971788041532,0.005577633557421284,0.00588533837336864
361312808,0.007372565380460941,0.00828687136828235,0.009178524713215895,0.011856083113316887
361704572,0.0032958908417552767,0.003442594203631843,0.00488229782823293,0.004883222998738831
387568523,0.0030222392685012346,0.0030399199406738135,0.003612181015210106,0.004297601957120481
387870860,0.011333939182710535,0.011472032480592746,0.012428867072537042,0.013181750940725321
390280026,0.006502513456079839,0.0069522837773797735,0.009145397366088007,0.009611641213719794
391496898,0.0025961201679664684,0.0025809555269644254,0.00255058170322017,0.002475578270518214
393063351,0.0036493165421767806,0.0042369248891536435,0.0049176845372578245,0.005119461290174661
393766777,0.011160858791575549,0.0166767278545551,0.017673759727934477,0.017872799010027654
417221397,0.0030818548546800864,0.0030798361206968595,0.0031494900305932554,0.003284771084752481
418969956,0.004179687703868093,0.004177256990752432,0.004906664424061504,0.005628593676496616
421641859,0.013916905752550324,0.013954636039880949,0.016806458871287375,0.017721685671070027
421646999,0.007493105466852353,0.008451006928503023,0.009784520161168798,0.011345255196187997
422682603,0.0023744133649632503,0.0023633584871668796,0.0022995747008798502,0.0022980001118835867
422725634,0.006847754021996481,0.008624431266555757,0.009248413295436611,0.0092940566209108
422738252,0.00532337136915141,0.005437658835417332,0.0073413349122895795,0.008486454925709527
422751191,0.00897053832742061,0.00956897710476175,0.01856660816199903,0.022733319323896717
423101189,0.008665193096411571,0.008720139206767301,0.009423125119128123,0.010346110918739142
423774471,0.008095033082629731,0.009390165354532567,0.019054873343487537,0.021815305107334197
424716408,0.016321779036433455,0.016600650301366687,0.017062979901525395,0.017444179779024738
424789697,0.014355861354149128,0.015687316349011746,0.019648163260335316,0.05445452595117651
424793122,0.003330147577571943,0.003404916943705827,0.003498054105448659,0.004500823769108729
447599745,0.002534436779430054,0.0026118704972324584,0.003522110008878535,0.004630762505672363
451982486,0.0010431766228818863,0.0010932077558947926,0.001085766444038995,0.00106623872129533
452029745,0.006589321187089023,0.006444088258577709,0.007468092195958174,0.007937388346918555
452953198,0.002425572535202917,0.0025261712128853476,0.0026394037325621553,0.0027143358411545085
452971138,0.008997909840144765,0.009287448966293192,0.010202366566504417,0.0112212556549038
454002974,0.0023428681510156194,0.002344055844021129,0.0024303373010235254,0.0032864251295270765
454439022,0.005371323568693451,0.00537228889823727,0.007664326653649674,0.008646598947233186
455431209,0.0030910483865674867,0.0030646553023568075,0.00306682722977129,0.0030675336933143156
456156825,0.0049672818079755585,0.00553869317171544,0.009001676677822918,0.010625140564584322
456847100,0.004646216866005482,0.004645881704238773,0.00503594406298683,0.004989579607512506
457175171,0.003642022065058355,0.0039040577248981773,0.005557282832726053,0.01022972345722352
484126552,0.0060531199753833705,0.006068917791550442,0.013023604950736933,0.013979780293787691
484359937,0.002388364501397135,0.002642159370139736,0.005948703684887487,0.006116056119365495
484911954,0.003989542954225468,0.004034222038362725,0.00454245613389513,0.004979157608232109
485745069,0.008986733399634302,0.00904756643148692,0.009102111032463923,0.009248729174620352
486544396,0.009429825684864446,0.009818055164231931,0.012405521457308135,0.01474658016216624
486880919,0.004597191256760498,0.0048088608998716215,0.007008547320473741,0.008972729551891528
487143497,0.010040617641854389,0.0101324477893747,0.012375675618290564,0.017478589111424827
487144598,0.006179140899506025,0.009797916668561947,0.010253903261605373,0.010603001696579479
488231898,0.003230082763363375,0.0032652487337213715,0.0036150004264195027,0.004227752758849869
488922181,0.002651172620128188,0.0028082569289064503,0.0030719855740055906,0.0033619044732257105
510049477,0.018806009051877768,0.020842979484865024,0.026331783276597784,0.026826602293820893
510987433,0.006162088809115505,0.006682629306050992,0.01377457649210547,0.016081092120035556
514842241,0.005302595401549849,0.005731731751005325,0.007616202103505361,0.008826525724770409
514850616,0.003068908066279596,0.0032932656214018433,0.003777554947667868,0.005079711310088797
515049524,0.003492723722697959,0.0035061458936522065,0.0035320218169641385,0.0036211945819911123
516055524,0.0056819856329669806,0.006355118598174121,0.008111049693488345,0.009178378099193307
517514142,0.005602552956680548,0.005597885860577285,0.005750212914698624,0.00802993197735674
517854468,0.011269119225128101,0.013757991918967922,0.024061819962176188,0.02950209503219785
518899665,0.004600561368942434,0.004872014034579535,0.006354675818175949,0.007721486878340941
519046655,0.011081671589116913,0.011522097283847857,0.01230200731213916,0.012685619467536295
519279166,0.005287905197847922,0.005266731575440763,0.0060682063154050446,0.007159386350651001
519591210,0.004363794654531095,0.004489253753778623,0.005294554689609286,0.006344405533544909
520617773,0.0017987852902999375,0.0018345310659585775,0.0020519832506381147,0.0022090807816801524
542376096,0.0050483350111814726,0.005221119452156539,0.006563923601610894,0.007711750539444637
543692985,0.010202443385184244,0.011116320549638535,0.013227811583916742,0.014710526642368566
543821838,0.005513829859169912,0.005656579677588696,0.005878591120467412,0.005946918072363479
544046671,0.002223418559423284,0.002301294016251844,0.0023163067418793654,0.002358356292590803
548712377,0.0071815574257366715,0.0072808472423348276,0.007334404781976481,0.007607530179459784
548993536,0.0029810798838545626,0.002990347815816224,0.003289110032275804,0.0037237589495074325
549282467,0.0026354753638663164,0.0026585700047566333,0.0026368462875840494,0.0027036446775806433
549597974,0.002734714254113211,0.0027679517692336874,0.002933972006632264,0.003018169699602328
550280614,0.0049309204984955965,0.005681582544788451,0.008421462594940326,0.011029302088378134
550404663,0.014803147611529791,0.015352660609440592,0.020112386630569933,0.024761517634294267
550617370,0.006584752203064206,0.006819231178633218,0.010144965323917163,0.01279776372967472
550638250,0.012172468025798277,0.014713828413903922,0.02816245234827584,0.035699954959170346
573333284,0.006797907865454007,0.006790162455479562,0.006953715606715328,0.007289993611032364
573333835,0.006492155115253381,0.006639139261535571,0.006792248630535509,0.007121705701639791
573670049,0.004248508322523736,0.004299055205596495,0.004992532746309065,0.005044927310074088
574377562,0.007605894909862512,0.008187387969732923,0.011658030402077796,0.012727564268280867
575768294,0.004872749022116927,0.0048382559852416344,0.004819076316398923,0.004776395722086421
576825965,0.004359466995357702,0.004598221655541582,0.0051246810878786565,0.00538183947848597
579268807,0.003457091712217992,0.003513797751514603,0.004012399677245887,0.004569099834145704
579510789,0.0029210999503204525,0.0035043514617897546,0.0046539036232759725,0.004853825371602175
579575594,0.0025818564445092623,0.0026756730092575543,0.002920778905686563,0.0032689523415719186
579912201,0.002832327513611492,0.0031531708466875853,0.003564031486054785,0.004125989183516686
579916831,0.0034028474886436196,0.0036443641831973702,0.004176757260916448,0.0053382130961762584
580287695,0.006293790001382528,0.00629941471332834,0.008595519000065907,0.010893100765968628
5812978978,0.005330384718688898,0.006843887326369423,0.01045818408324193,0.010741362947868297
5812979156,0.009961657331081309,0.009969600676711834,0.010112467036166946,0.010480206366121684
5812980494,0.0011445579682520194,0.0011428144500415795,0.0012466208976243884,0.0013694955951465651
5812980529,0.008619876171202896,0.008640601946996672,0.009343862631492944,0.009740091134124943
5812980638,0.0016398108513937147,0.0016384158430580566,0.0018208395192423322,0.001954452470118662
5812981000,0.0013397417808506632,0.0013346618579274387,0.0013648071657461716,0.0018415239344546147
5812981543,0.007228026175700605,0.008600525793815395,0.013298104277573,0.029295580051703015
5812982656,0.0023794743169930524,0.002432236020750758,0.002495283384444296,0.0024765171055647107
5812982779,0.006529844704399946,0.006708530924685917,0.007262712843609344,0.00712490260212044
5812987694,0.007022136728895783,0.00796677079576599,0.010083013897862063,0.011065454718825224
5813009312,0.02445454758041644,0.02639478398698632,0.029696359031328563,0.03237089874477409
5813009595,0.004998158955904954,0.005573781655805983,0.006005523004194974,0.0064231691105928026
5813009620,0.007154570829260611,0.007689831810947424,0.012009818887667103,0.015337428558045676
5813010510,0.014839477002004258,0.015083421775365582,0.017362433044696556,0.019785031207522612
5813011119,0.005155142313441497,0.00535316832839588,0.006311447942481183,0.006956815789496496
5813011133,0.0014385421580575138,0.001489159496321575,0.0016792486677119124,0.0020186547215745297
5813011298,0.00562707153946235,0.0060281500531821006,0.011581885324314325,0.013803112172056401
5813011660,0.0035488963661128815,0.0035967883420469685,0.0039270402839231095,0.0050633455029870916
5813019526,0.0073504657615778134,0.007307694811441105,0.007581797119845955,0.00784914801137476
5813020347,0.0009491635667522406,0.0009503005779116418,0.0010170133282733336,0.001086158658784345
5813020455,0.013200781822076313,0.013316290101454168,0.017547447099913953,0.023842089631115237
5813020585,0.012878407114085864,0.014256705945999771,0.019604584298301118,0.025256361661961626
5813020673,0.0036610664163159983,0.0036433981316281736,0.0037347337930394788,0.004127827214588214
5813020684,0.009314461876904377,0.011779394856382122,0.012637430177692685,0.013313968923629328
5813020785,0.01989602123927609,0.01999842684461112,0.02001047511258506,0.02055498401943728
5813020996,0.006200149353017606,0.006155396908823842,0.0074537694097685115,0.008422623960107496
5813021112,0.0054625534536694486,0.006208715849892249,0.00736231898474902,0.008163839291951334
5813021533,0.00833413250267133,0.008491866293813717,0.009539472182510524,0.012134638405218686
5813021583,0.005567255534745896,0.0056752123237940495,0.009145791514720463,0.009790608821085072
5813021602,0.010710339380228707,0.014401537548759315,0.018256527727774797,0.02281900544809186
5813021943,0.004239611446662822,0.004205422262280725,0.004215935719598068,0.004870294507555181
5813022201,0.0076505074096679705,0.007955713862864162,0.007959468362621644,0.0085324941436278
5813022925,0.00689135724785043,0.0068460824299476945,0.011654907072044347,0.013992741773710543
5813023322,0.007086149798329182,0.008338523987108507,0.01097107776685979,0.012114645694314221
5813024692,0.004589962859347715,0.004663403328431111,0.004715705125768436,0.006083271560879764
5813026366,0.019087909887936575,0.019495192757108887,0.02452683506400298,0.02635583767064007
5813027276,0.019482259213765233,0.022641705956013086,0.025878162021296346,0.02864633681703962
5813027592,0.015808877878525564,0.017443316325792733,0.02078032567990152,0.0237609953634511
5813032849,0.0024369951772705103,0.002556731372706321,0.0045946912938614765,0.005067852440331715
5813033196,0.014894082720328421,0.015389302142921214,0.02748315143366478,0.03139918745104272
5813033371,0.014814962471075104,0.016115107305924907,0.02451966073341128,0.027080802784183976
5813034306,0.00497609658282247,0.005089610768355446,0.005147226831189322,0.0062063489007645805
5813034455,0.008386098911460312,0.008814254590667198,0.009336345444053134,0.011992802976441317
5813039309,0.02685652800901311,0.027078336727945185,0.028128958166843437,0.028019167001831335
5813040277,0.0032983694580642283,0.004185001844005782,0.004506387127832888,0.004650529223046015
5813041180,0.0023738258138058972,0.002386274291927739,0.0025115924431674303,0.0026709285303063842
5813047489,0.00482680529850178,0.004978094763790125,0.005502451249004818,0.006309353616021194
5813047691,0.020757440929483856,0.025036449119327203,0.026102709152364265,0.027057211189636565
5813047970,0.0048109792305288486,0.005092880095085259,0.009172579114816679,0.01037073063556064
5813048837,0.0028167538623208735,0.00287186277967796,0.0029500339801511143,0.0030930907771843106
5813049380,0.005966790142347867,0.005950678568337341,0.007772855047871214,0.01614000656445882
5813049824,0.007498607121329305,0.008880917570357626,0.010275245908001163,0.011499698845884651
5813053836,0.004315510516717285,0.004631934889115999,0.0075276922687688656,0.00815471370181275
5813053851,0.0021215376882567027,0.0024027740646125743,0.003980129302320007,0.004280285673011587
5813054384,0.005715563586466188,0.0058669176013652425,0.006942136369726892,0.008740915566407291
5813054716,0.06562790665363993,0.06882410682142379,0.09631370494494818,0.1144235587716014
5813054726,0.027209939313312944,0.027543474055305106,0.029535049692380043,0.030749814808576723
5813055277,0.03479667737213738,0.03528839026395612,0.03698702535788864,0.038663551170036246
5813055298,0.006858591115601938,0.007016084560963093,0.007368728974214169,0.0077984603203934254
5813055800,0.004426533606241981,0.004448945071294907,0.006294142849383922,0.006443165271073594
5813055834,0.00612178213258169,0.0065934951086674565,0.007824498179759469,0.00829025368083676
5813055865,0.010013461257674699,0.010325588568764055,0.010494096633843566,0.010594366933555026
5813055913,0.003114559147425992,0.0032423420453044295,0.0040029344525626944,0.004621856526059078
5813055949,0.008979525086370782,0.01220579961600939,0.0169066668781572,0.01928964483160511
5813056261,0.0029012593103959184,0.0030185957391906386,0.0032562072899058672,0.005359780771768614
5813056321,0.007402257791563857,0.007398310956302643,0.007351251702668271,0.007797316352208051
5813056598,0.03211574182845039,0.03226892706285105,0.03447476354414159,0.03556632315453386
5813056909,0.001736899524451093,0.002271805706179436,0.0030265695382900148,0.0034718173293050974
5813057153,0.002336787534947611,0.0023693183359134715,0.0024375988204870425,0.002743132491232363
5813057274,0.012660084289822857,0.0245647313061467,0.029278920858294342,0.031788863896622596
5813057579,0.013557078876114263,0.014510467919156647,0.016164940605186227,0.01758766269354103
5813057853,0.008764093587960046,0.00889944236940931,0.009030058774791306,0.009706517695593461
5813057861,0.0050784949812218835,0.006478310515192436,0.007836507181901795,0.00864857617715193
5813058048,0.007204661746669211,0.009782877400041131,0.015320125821870085,0.01929193706718451
5813058316,0.007894029625743142,0.008228235957344857,0.00889865821810228,0.009258555016962176
5813059915,0.008048278321320355,0.008477598742482639,0.008806492445248285,0.009289101856679012
5813060068,0.010127737579501767,0.01195884753081801,0.01817060354084436,0.020309319818584085
5813060787,0.0036108521024408036,0.0036614174046070546,0.0036474298927142482,0.004332931776950094
5813061218,0.0022514461959329502,0.002303091777163708,0.0024202653987285983,0.002595314843319364
5813062858,0.009835015201739409,0.010195521947477122,0.011738329581753358,0.012415514089138222
5813062871,0.004026674275202526,0.004613988909263157,0.0059368558151109115,0.006921643134120152
5813063093,0.0023022145124021987,0.002312833891829567,0.0024945383654781422,0.0028849823657260904
5813064410,0.004668907636177025,0.004939295268384092,0.0053122958970348135,0.005795593954873841
5813065004,0.0030315614013732314,0.003438095503893682,0.005617208075629912,0.006436797116229551
5813068669,0.02493467952845267,0.026905469533250584,0.034741164559051047,0.041411998834481344
5813068707,0.004423879550541421,0.004512415526623786,0.0050381894571652945,0.005459748477639124
5813068729,0.006990372026221499,0.008269207728850389,0.014607958901679928,0.023976526369986848
5813068748,0.0027920656533020225,0.002883117217911138,0.002968224120283483,0.0031207586426523215
5813069085,0.02512749051132655,0.02572705116314521,0.027027062729000198,0.02783652539722776
5813069496,0.004294075047826861,0.005731232389469127,0.007225827558392033,0.009828250081892977
5813069630,0.004274757029790779,0.005140620197539405,0.00622945928201716,0.007359903743906989
5813070613,0.006401242818114176,0.006983870299602027,0.008672067837485326,0.009876378938965822
5813071348,0.005191873317895384,0.005625224940782019,0.007327283311240085,0.008411229616879446
5813077405,0.009028168245890002,0.01193074965639276,0.020158533762158187,0.02077389349265368
5813078542,0.02277189304234024,0.0229582752925277,0.025977671099931415,0.028209382178401264
5813078595,0.0016918190004831224,0.0017065833232529795,0.0017304820895327837,0.002036760168836612
5813082239,0.010090759980244196,0.011813209196711184,0.01441168519285951,0.015367056336801166
5813082723,0.007408354726246726,0.008450421823299812,0.009032570424084108,0.009464047511421268
5813083780,0.007949119261035054,0.008130471202661466,0.00944179617030966,0.009996979741418423
5813087817,0.006253136152434632,0.0061899964260360004,0.00603562763889228,0.006477885495797278
5813089803,0.008403531980880948,0.008540694401438344,0.009265443210802176,0.009622032081068783
5813098368,0.017826963520187467,0.020113342483900763,0.024643798051366496,0.02815645984318887
5813126031,0.005303548959485638,0.005443319450919264,0.005830621146973421,0.005750687641876097
5813132949,0.01668287008985915,0.017324605635992828,0.0180150355529372,0.018599242345062994
581746661,0.00224825744182703,0.0022748437509655336,0.002352180032763899,0.002542559145287737
5901196806,0.007314563958949266,0.007803143057256539,0.010189316441693899,0.0115237365937356
5901197108,0.0027361326485601115,0.00296411009964086,0.00396807648864328,0.005219533848008043
5901203505,0.006176114837931071,0.006179100221280752,0.006041387520530992,0.006566511959977461
5901203987,0.01413668586654917,0.014384790403324221,0.021482361962290978,0.023176519156989366
602368546,0.005395955842818437,0.005421410936133875,0.00817392703993834,0.009392430407283861
604289581,0.014031977636292166,0.015041797817479628,0.021016434670160178,0.021859586019502067
604864392,0.0066912735414337765,0.007153813100527839,0.008582772083420594,0.009097026276491496
608922563,0.005874394122393286,0.0071025195075731535,0.007345016277496183,0.008034371405940259
609548390,0.004297835453050502,0.00700712139849104,0.007555676596323136,0.008693178607092313
609587511,0.0035320939398441253,0.0036499218480570113,0.0049639828921985716,0.006725940371155391
610274029,0.005460753350887597,0.005719909130019614,0.007588809169649498,0.014417601074085112
610274046,0.004926812899851012,0.005126626637756461,0.0058467140196043505,0.0066671409043520926
611629428,0.008006511693973598,0.012304816951756205,0.015517968736434682,0.02053534395761638
611693656,0.0019331853265277808,0.0021022529077336684,0.0024357289697341366,0.0024510128746098926
612414168,0.0060053098353832985,0.006034539586887514,0.0071246228008877135,0.008489605138348455
613079053,0.012688260317417602,0.012685226826783648,0.01472923436896129,0.015954964107256695
613719036,0.011593788177952577,0.012494384280342115,0.017663162901987644,0.019644003103320738
614081151,0.005576616909838662,0.005623441503822187,0.006064987040620532,0.006234548786505077
634379734,0.0012663331058843314,0.0012421286103881679,0.0012111997673757797,0.001174406863606465
636667489,0.002061338866203759,0.0021145804485338884,0.0022056804181478707,0.003085516195707316
636789034,0.0015931702388634133,0.0016505145929796453,0.002037663720835013,0.00225785986956933
640194409,0.001845152706336927,0.002257600581134558,0.0029345988758837983,0.0034311648498196747
640539567,0.006502332846378462,0.0094959874149359,0.011297923270624252,0.012128878681379629
642664141,0.003895207520534397,0.004010093635283377,0.0052591671799874715,0.007989469535182881
642694410,0.002235202477809952,0.002295075550110845,0.0023495869294074432,0.002444086186415291
643830129,0.008309623508832822,0.008341768944713257,0.0087693906436397,0.008650767253011721
644417074,0.00857334462295204,0.008503342067621298,0.008698781468141943,0.009112920185383233
667266529,0.0024372996327492965,0.0026065558069597807,0.0026904222080532795,0.002659084585899467
669325882,0.003973458920244895,0.0040174372085624065,0.004262795985851681,0.0044503161749410835
671233447,0.00241885963280175,0.0027089084494134256,0.004224945888820394,0.004983000192176657
672006007,0.008409082820303497,0.008554738308438375,0.012937328475326582,0.015087199926217269
672283773,0.01347826618415872,0.013670168874145551,0.014865777441161685,0.015859527743844273
673085197,0.011731038436293795,0.013343539685252741,0.015861732439430672,0.017068916765653325
673509195,0.039639519214472466,0.04385172534774047,0.06376481196623326,0.11237753738713274
673518025,0.00348637112034939,0.005718211428123252,0.006544382538327986,0.007470146121906006
673746277,0.006241966606623258,0.007196759455041032,0.008645949800209485,0.009628173473559374
673776769,0.006237272999522192,0.006746630869181099,0.009696151377839718,0.01303009351627362
674807824,0.006565941178858479,0.007441365375334626,0.00901431690530602,0.009775871892521007
675767414,0.004526310422684775,0.004741954210760799,0.007375575820720586,0.009216076064068345
676573560,0.008226211247095721,0.008645043177967377,0.009834279438229263,0.01104752794505613
693927941,0.0014384874005926196,0.0014565561860640324,0.0015631510088514608,0.0016407200836046482
696850811,0.002157032337995835,0.00219723862023111,0.002344932141756845,0.0025839794961801336
698569644,0.0027024863872594134,0.002736643565697986,0.0029786126060805333,0.003909446406277061
700486220,0.005614192117510765,0.005697769859627752,0.006719755350447624,0.007293371091653987
701201945,0.012144252281722818,0.01287039417727027,0.01659953447827491,0.01805815763575453
702389193,0.0023422687984393778,0.0024548909486561492,0.0028025421220350772,0.0035437982548784126
704699661,0.0013318271962394989,0.001353713136771722,0.0014351460056033758,0.0015227193197590316
705795727,0.0023573979419701818,0.0024489752676224185,0.0024858908379591206,0.0034730930726069166
707539688,0.0047139484118605786,0.00496691111684148,0.0050430663287909325,0.0052034255431132725
727652372,0.0018572479422139917,0.0018438816517895027,0.0019971126612956447,0.002144512001712396
735941254,0.002024029217128651,0.0020703579064512744,0.002305401298244558,0.002456506096708224
736174181,0.005505924152135423,0.005556442521111697,0.006220515566367973,0.008830614019441428
736860990,0.004208763438764639,0.004324212857249316,0.004687464572694599,0.005085278300412633
737832306,0.009684244613417159,0.009669116860394317,0.009558055627060635,0.010679696991145746
760686202,0.004838800002331183,0.004837714493725677,0.004945068882458194,0.005013614161918063
764377593,0.002298562323999044,0.0029876934433600384,0.004323542844871295,0.0046962987774415935
768555687,0.010461810283457872,0.010470341526455016,0.018564306906889906,0.02027722976698393
792326206,0.012064018474330106,0.012374864825282892,0.013587724830722537,0.01458111138121732
792692885,0.004682831353098448,0.005861176104117001,0.007324513711712295,0.008552736268605345
797442049,0.0072627900877114725,0.007678418265640523,0.008167654511667075,0.009085081621549668
799586652,0.013204267730383874,0.018035997943963992,0.01903106502170728,0.021316809012057347
823058891,0.00413443110897395,0.004252028637058734,0.004312455305648462,0.004570826644804255
828455033,0.0020064582101751707,0.002286152930900822,0.004260363507021282,0.004953039558486243
829261936,0.005675360703950419,0.005636891527902921,0.00538632629008579,0.005227683825037377
829598814,0.01985942629844131,0.024163976579983513,0.031544513804859314,0.03343936046362835
832016427,0.0027629662810920667,0.0031110824414226153,0.005170588339563981,0.006141318435415057
832357089,0.007666393261437714,0.008151389897584826,0.010091313912956708,0.011350831299709162
857793013,0.01114697409165293,0.012697128694054765,0.01317542114901579,0.014001293325857651
859265651,0.01956167358645066,0.025444704435147306,0.03133304915949403,0.03727972798923051
859507274,0.003993182174959447,0.004784553582564195,0.007760989735504613,0.009730687095253251
859839499,0.0152641620201028,0.01739595674622691,0.021113060320771572,0.03331846097303615
860983686,0.007709191480587092,0.007730283491626145,0.008069486764115277,0.008542306660057857
862671913,0.010422327553475875,0.011112745123781378,0.014967590011578071,0.01730033076715773
862705904,0.006738230959816798,0.006711169631676241,0.006511385090775447,0.010790633998702283
884916323,0.0014432072433426802,0.001525731181835988,0.002031776946600799,0.0023441591282626463
885168486,0.01325118378410611,0.014678535779155814,0.025598903774206302,0.03189135652199779
891663788,0.0052528707941026905,0.00522354499794193,0.005421247022743555,0.00659936963148087
894551935,0.002327006728675107,0.002398165033695826,0.002895744213934375,0.003975178589025201
914778159,0.003488634592292285,0.0035601603945812597,0.004389197512566513,0.004607555625723507
915481348,0.0071817653659949614,0.0072622964147143155,0.008845080236264732,0.012972755174103014
915610561,0.00502306079652736,0.005680707639010202,0.006137971579986255,0.006919338072631034
919763043,0.010368771503664359,0.011769648219782214,0.012329739968289106,0.012422800684423755
922069357,0.002022441430377242,0.002163229426073747,0.003232410502756292,0.0035039538787415875
922354084,0.013718421577266209,0.014680360767367248,0.024864649328775947,0.029600325096640026
922810839,0.006679029356522152,0.006741128072089485,0.0072618459800896495,0.007557490511175972
925241334,0.0035378348955123332,0.0035658375032803953,0.003630356285444797,0.004621990751927954
944720631,0.0024470660258860384,0.0025809387153434516,0.0040347495470047885,0.005210128999038627
945058110,0.003093502511803618,0.003395705343129061,0.004587274968751921,0.007880892086167338
946308203,0.00877908026703519,0.0087151377336957,0.009955694631253224,0.010843444209030396
946641153,0.005902079472056462,0.005883584003773262,0.007740763365231589,0.009501799955395593
946645313,0.006235734713370038,0.006149808036387498,0.00650455170219951,0.0070556673267000705
946990515,0.006789534934539515,0.006756158465006429,0.006680930432289607,0.0066035254655609395
947573616,0.011024822678820436,0.011309249079819094,0.013556030190105843,0.016564005734698233
948035783,0.00821829414254551,0.008279434557618417,0.013038311518936328,0.014059017833705481
950880008,0.016690566624452362,0.01793848570898492,0.022045328497166693,0.027336651246505528
951234513,0.005951894947664361,0.010298103948323749,0.013534573661086506,0.01680239301575035
951916894,0.003413555149296937,0.003578691429983249,0.006024793047410389,0.006651324400235246
953410147,0.008687704679865288,0.008664213068948429,0.012107017598931468,0.014546503324155958
953414780,0.0056183269388605525,0.008608007640263449,0.009906003242571595,0.01103065700274695
955464899,0.004348187436401282,0.004307487656607572,0.004266136949047396,0.004458812418380932
956138930,0.006873025467612278,0.006889158854486706,0.007035579713749127,0.011019096641261715
957506896,0.002495096673827697,0.0027989800875558362,0.004649452811916604,0.004945759478683898
975197713,0.001386481860119871,0.0013957452625481541,0.001385108344682407,0.0014213824359277818
977338882,0.004620947441081388,0.005245348268652198,0.0056185284131281005,0.005954001660562088
977339122,0.004769924852457011,0.004838569028283951,0.008738577953261072,0.009869742978865885
977343309,0.008886482049626714,0.010112059063149744,0.010436568469865197,0.012404074370242619
978177557,0.0027398215460963026,0.0028503662191655824,0.0032973910572252864,0.004605913302802467
979627466,0.005302481951893624,0.005304267503159795,0.006388540422980887,0.008786046418325054
981000564,0.00383772532403293,0.0047065590890360935,0.00529626413203897,0.005687325488491021
981362334,0.0029883793967243064,0.003162086206625913,0.004210022743718242,0.00468001529506843
983759126,0.004856241481173758,0.004796096156194336,0.004715506377246094,0.0046385792018953575
986828383,0.0068250225452062075,0.00675289516130135,0.0068971431447124925,0.009894119375134595
988567837,0.0050107725284552025,0.005996065571306782,0.007268174466772646,0.007489930752293045
